antecedents,consequents,antecedent support,consequent support,support,confidence,lift,representativity,leverage,conviction,zhangs_metric,jaccard,certainty,kulczynski
"frozenset({'ROSES REGENCY TEACUP AND SAUCER ', 'PINK REGENCY TEACUP AND SAUCER'})","frozenset({'GREEN REGENCY TEACUP AND SAUCER', 'REGENCY CAKESTAND 3 TIER'})",0.01875176681219964,0.01627037723403587,0.010490938216540503,0.559463986599665,34.38543424975586,1.0,0.01018583989670134,2.2330288395105726,0.9894722718455534,0.4276568501920615,0.5521777496527199,0.6021258156936549
"frozenset({'GREEN REGENCY TEACUP AND SAUCER', 'REGENCY CAKESTAND 3 TIER'})","frozenset({'ROSES REGENCY TEACUP AND SAUCER ', 'PINK REGENCY TEACUP AND SAUCER'})",0.01627037723403587,0.01875176681219964,0.010490938216540503,0.6447876447876447,34.38543424975585,1.0,0.01018583989670134,2.7624270912569595,0.9869763968343528,0.4276568501920615,0.6379994957459746,0.6021258156936549
"frozenset({'REGENCY CAKESTAND 3 TIER', 'PINK REGENCY TEACUP AND SAUCER'})","frozenset({'GREEN REGENCY TEACUP AND SAUCER', 'ROSES REGENCY TEACUP AND SAUCER '})",0.013380657725288186,0.023337626032603573,0.010490938216540503,0.784037558685446,33.59542901193613,1.0,0.01017866543047746,4.522371427283813,0.9833924840777202,0.39999999999999997,0.7788770745439166,0.61678324771419
"frozenset({'GREEN REGENCY TEACUP AND SAUCER', 'ROSES REGENCY TEACUP AND SAUCER '})","frozenset({'REGENCY CAKESTAND 3 TIER', 'PINK REGENCY TEACUP AND SAUCER'})",0.023337626032603573,0.013380657725288186,0.010490938216540503,0.44952893674293404,33.59542901193613,1.0,0.01017866543047746,1.7923182672618847,0.9934180651368519,0.39999999999999997,0.4420633777684503,0.61678324771419
frozenset({'PINK REGENCY TEACUP AND SAUCER'}),"frozenset({'GREEN REGENCY TEACUP AND SAUCER', 'ROSES REGENCY TEACUP AND SAUCER ', 'REGENCY CAKESTAND 3 TIER'})",0.023431856016584478,0.013663347677230896,0.010490938216540503,0.44772117962466484,32.76804412807001,1.0,0.010170780621063094,1.7859396665844314,0.992744304578582,0.3943329397874852,0.4400706705213189,0.6077686357893439
"frozenset({'GREEN REGENCY TEACUP AND SAUCER', 'ROSES REGENCY TEACUP AND SAUCER ', 'REGENCY CAKESTAND 3 TIER'})",frozenset({'PINK REGENCY TEACUP AND SAUCER'}),0.013663347677230896,0.023431856016584478,0.010490938216540503,0.7678160919540229,32.76804412807001,1.0,0.010170780621063094,4.206011313195897,0.982912335954802,0.3943329397874852,0.762245052251141,0.6077686357893439
"frozenset({'GREEN REGENCY TEACUP AND SAUCER', 'REGENCY CAKESTAND 3 TIER'})",frozenset({'PINK REGENCY TEACUP AND SAUCER'}),0.01627037723403587,0.023431856016584478,0.011872977981593744,0.7297297297297298,31.142634591696257,1.0,0.0114917328449103,3.6133021327386388,0.9838980715764776,0.4266365688487585,0.7232448427327975,0.6182160712991813
frozenset({'PINK REGENCY TEACUP AND SAUCER'}),"frozenset({'GREEN REGENCY TEACUP AND SAUCER', 'REGENCY CAKESTAND 3 TIER'})",0.023431856016584478,0.01627037723403587,0.011872977981593744,0.5067024128686327,31.142634591696254,1.0,0.0114917328449103,1.9941910287592641,0.9911133030042039,0.4266365688487585,0.49854352688459597,0.6182160712991813
"frozenset({'ROSES REGENCY TEACUP AND SAUCER ', 'REGENCY CAKESTAND 3 TIER', 'PINK REGENCY TEACUP AND SAUCER'})",frozenset({'GREEN REGENCY TEACUP AND SAUCER'}),0.011558878034990734,0.029305525018060746,0.010490938216540503,0.9076086956521738,30.970565962999206,1.0,0.010152199227105368,10.50634019980451,0.9790277400646925,0.34539813857290586,0.9048193775394208,0.6327968451465585
frozenset({'GREEN REGENCY TEACUP AND SAUCER'}),"frozenset({'ROSES REGENCY TEACUP AND SAUCER ', 'REGENCY CAKESTAND 3 TIER', 'PINK REGENCY TEACUP AND SAUCER'})",0.029305525018060746,0.011558878034990734,0.010490938216540503,0.3579849946409432,30.970565962999206,1.0,0.010152199227105368,1.539591931207602,0.9969267393248709,0.34539813857290586,0.3504772402803937,0.6327968451465585
frozenset({'PINK REGENCY TEACUP AND SAUCER'}),"frozenset({'GREEN REGENCY TEACUP AND SAUCER', 'ROSES REGENCY TEACUP AND SAUCER '})",0.023431856016584478,0.023337626032603573,0.016741527153940384,0.7144772117962467,30.614819639242405,1.0,0.016194683260975524,3.4206109435665626,0.9905464217699506,0.5575313807531381,0.7076545633227345,0.7159196287783387
"frozenset({'GREEN REGENCY TEACUP AND SAUCER', 'ROSES REGENCY TEACUP AND SAUCER '})",frozenset({'PINK REGENCY TEACUP AND SAUCER'}),0.023337626032603573,0.023431856016584478,0.016741527153940384,0.7173620457604307,30.614819639242402,1.0,0.016194683260975524,3.4551910999032276,0.9904508522303187,0.5575313807531381,0.7105804075415662,0.7159196287783387
frozenset({'GREEN REGENCY TEACUP AND SAUCER'}),"frozenset({'ROSES REGENCY TEACUP AND SAUCER ', 'PINK REGENCY TEACUP AND SAUCER'})",0.029305525018060746,0.01875176681219964,0.016741527153940384,0.5712754555198285,30.465153563458596,1.0,0.016191996782492626,2.2887615039105444,0.9963749023180906,0.5346038114343028,0.5630824800699353,0.7320363877264134
"frozenset({'ROSES REGENCY TEACUP AND SAUCER ', 'PINK REGENCY TEACUP AND SAUCER'})",frozenset({'GREEN REGENCY TEACUP AND SAUCER'}),0.01875176681219964,0.029305525018060746,0.016741527153940384,0.8927973199329984,30.465153563458596,1.0,0.016191996782492626,9.054759399440908,0.985658450103658,0.5346038114343028,0.8895608424380944,0.7320363877264134
"frozenset({'PINK REGENCY TEACUP AND SAUCER', 'REGENCY CAKESTAND 3 TIER'})",frozenset({'GREEN REGENCY TEACUP AND SAUCER'}),0.013380657725288186,0.029305525018060746,0.011872977981593744,0.8873239436619719,30.278384131153484,1.0,0.011480850781867204,8.614913465464713,0.9800873518679384,0.3853211009174312,0.8839222234780675,0.646234319097867
frozenset({'GREEN REGENCY TEACUP AND SAUCER'}),"frozenset({'PINK REGENCY TEACUP AND SAUCER', 'REGENCY CAKESTAND 3 TIER'})",0.029305525018060746,0.013380657725288186,0.011872977981593744,0.40514469453376206,30.278384131153484,1.0,0.011480850781867204,1.6585871105266776,0.9961663153482982,0.3853211009174312,0.39707719078893966,0.646234319097867
"frozenset({'GREEN REGENCY TEACUP AND SAUCER', 'PINK REGENCY TEACUP AND SAUCER'})","frozenset({'ROSES REGENCY TEACUP AND SAUCER ', 'REGENCY CAKESTAND 3 TIER'})",0.019631246662688066,0.018217796902974526,0.010490938216540503,0.5344,29.333953103448277,1.0,0.010133300151887455,2.1086387523561543,0.9852515269345969,0.38346727898966704,0.5257603992705634,0.5551310344827586
"frozenset({'ROSES REGENCY TEACUP AND SAUCER ', 'REGENCY CAKESTAND 3 TIER'})","frozenset({'GREEN REGENCY TEACUP AND SAUCER', 'PINK REGENCY TEACUP AND SAUCER'})",0.018217796902974526,0.019631246662688066,0.010490938216540503,0.5758620689655172,29.333953103448273,1.0,0.010133300151887455,2.3114385241286213,0.9838330824673717,0.38346727898966704,0.5673689827519919,0.5551310344827586
frozenset({'GREEN REGENCY TEACUP AND SAUCER'}),frozenset({'PINK REGENCY TEACUP AND SAUCER'}),0.029305525018060746,0.023431856016584478,0.019631246662688066,0.6698821007502679,28.588520699177316,1.0,0.01894456381997445,2.9582405140796313,0.9941551643800154,0.5929791271347249,0.6619612248427609,0.7538418546646781
frozenset({'PINK REGENCY TEACUP AND SAUCER'}),frozenset({'GREEN REGENCY TEACUP AND SAUCER'}),0.023431856016584478,0.029305525018060746,0.019631246662688066,0.8378016085790884,28.588520699177316,1.0,0.01894456381997445,5.984612217657242,0.9881757164452734,0.5929791271347249,0.832904795894785,0.7538418546646781
frozenset({'PINK REGENCY TEACUP AND SAUCER'}),"frozenset({'ROSES REGENCY TEACUP AND SAUCER ', 'REGENCY CAKESTAND 3 TIER'})",0.023431856016584478,0.018217796902974526,0.011558878034990734,0.4932975871313673,27.07778496810576,1.0,0.011132001241020857,1.937591332038045,0.9861773223902346,0.3841336116910229,0.4838952964616355,0.5638901728760285
"frozenset({'ROSES REGENCY TEACUP AND SAUCER ', 'REGENCY CAKESTAND 3 TIER'})",frozenset({'PINK REGENCY TEACUP AND SAUCER'}),0.018217796902974526,0.023431856016584478,0.011558878034990734,0.6344827586206897,27.07778496810576,1.0,0.011132001241020857,2.6717430354263256,0.9809399216314677,0.3841336116910229,0.6257125079993213,0.5638901728760285
frozenset({'ROSES REGENCY TEACUP AND SAUCER '}),"frozenset({'GREEN REGENCY TEACUP AND SAUCER', 'REGENCY CAKESTAND 3 TIER', 'PINK REGENCY TEACUP AND SAUCER'})",0.03316895436127776,0.011872977981593744,0.010490938216540503,0.3162878787878788,26.639304753888087,1.0,0.010097123951736564,1.4452384144756745,0.9954805310920669,0.3036363636363636,0.30807264048347677,0.5999428811928811
"frozenset({'GREEN REGENCY TEACUP AND SAUCER', 'REGENCY CAKESTAND 3 TIER', 'PINK REGENCY TEACUP AND SAUCER'})",frozenset({'ROSES REGENCY TEACUP AND SAUCER '}),0.011872977981593744,0.03316895436127776,0.010490938216540503,0.8835978835978835,26.639304753888084,1.0,0.010097123951736564,8.305957619350833,0.9740260729058428,0.3036363636363636,0.8796044904358473,0.5999428811928811
frozenset({'TOILET METAL SIGN'}),frozenset({'BATHROOM METAL SIGN'}),0.022866476112699062,0.02911706505009894,0.017401137041806704,0.7609890109890111,26.135498535983977,1.0,0.016735332369366713,4.062084923238668,0.9842440572005294,0.5031789282470482,0.753821001062994,0.6793078819777849
frozenset({'BATHROOM METAL SIGN'}),frozenset({'TOILET METAL SIGN'}),0.02911706505009894,0.022866476112699062,0.017401137041806704,0.5976267529665589,26.135498535983974,1.0,0.016735332369366713,2.4284256746475283,0.9905806656567864,0.5031789282470482,0.5882105800313843,0.6793078819777849
"frozenset({'REGENCY CAKESTAND 3 TIER', 'PINK REGENCY TEACUP AND SAUCER'})",frozenset({'ROSES REGENCY TEACUP AND SAUCER '}),0.013380657725288186,0.03316895436127776,0.011558878034990734,0.863849765258216,26.043925167164605,1.0,0.011115055609576771,7.101207335208548,0.9746447173726179,0.33034111310592457,0.8591788758170892,0.6061673068715323
frozenset({'ROSES REGENCY TEACUP AND SAUCER '}),"frozenset({'REGENCY CAKESTAND 3 TIER', 'PINK REGENCY TEACUP AND SAUCER'})",0.03316895436127776,0.013380657725288186,0.011558878034990734,0.3484848484848485,26.043925167164605,1.0,0.011115055609576771,1.5143459672123485,0.9945929377665217,0.33034111310592457,0.3396489166601548,0.6061673068715323
"frozenset({'GREEN REGENCY TEACUP AND SAUCER', 'PINK REGENCY TEACUP AND SAUCER'})",frozenset({'ROSES REGENCY TEACUP AND SAUCER '}),0.019631246662688066,0.03316895436127776,0.016741527153940384,0.8528000000000001,25.710789393939397,1.0,0.0160903792293307,6.568145690480455,0.980351341753148,0.4642857142857143,0.8477500276144376,0.6787674242424243
frozenset({'ROSES REGENCY TEACUP AND SAUCER '}),"frozenset({'GREEN REGENCY TEACUP AND SAUCER', 'PINK REGENCY TEACUP AND SAUCER'})",0.03316895436127776,0.019631246662688066,0.016741527153940384,0.5047348484848485,25.710789393939397,1.0,0.0160903792293307,1.979482607120844,0.9940783625872861,0.4642857142857143,0.49481748594169306,0.6787674242424243
frozenset({'GREEN REGENCY TEACUP AND SAUCER'}),"frozenset({'ROSES REGENCY TEACUP AND SAUCER ', 'REGENCY CAKESTAND 3 TIER'})",0.029305525018060746,0.018217796902974526,0.013663347677230896,0.46623794212218655,25.59244372990354,1.0,0.013129465574316827,1.839363043151656,0.989936577789283,0.40352504638218933,0.4563335369147408,0.6081189710610932
"frozenset({'ROSES REGENCY TEACUP AND SAUCER ', 'REGENCY CAKESTAND 3 TIER'})",frozenset({'GREEN REGENCY TEACUP AND SAUCER'}),0.018217796902974526,0.029305525018060746,0.013663347677230896,0.75,25.592443729903536,1.0,0.013129465574316827,3.882777899927757,0.9787567584860992,0.40352504638218933,0.7424524333419622,0.6081189710610932
frozenset({'ROSES REGENCY TEACUP AND SAUCER '}),"frozenset({'GREEN REGENCY TEACUP AND SAUCER', 'REGENCY CAKESTAND 3 TIER'})",0.03316895436127776,0.01627037723403587,0.013663347677230896,0.41193181818181823,25.31790211477712,1.0,0.013123676277314388,1.6728155904039583,0.9934540900174649,0.3819139596136963,0.4022054757640585,0.625850078975079
"frozenset({'GREEN REGENCY TEACUP AND SAUCER', 'REGENCY CAKESTAND 3 TIER'})",frozenset({'ROSES REGENCY TEACUP AND SAUCER '}),0.01627037723403587,0.03316895436127776,0.013663347677230896,0.8397683397683399,25.31790211477712,1.0,0.013123676277314388,6.033957610130824,0.9763884653030935,0.3819139596136963,0.8342712918100333,0.625850078975079
frozenset({'ROSES REGENCY TEACUP AND SAUCER '}),frozenset({'PINK REGENCY TEACUP AND SAUCER'}),0.03316895436127776,0.023431856016584478,0.01875176681219964,0.5653409090909091,24.127022148427976,1.0,0.017974556649385517,2.2467450109945246,0.9914376469593345,0.4954356846473028,0.5549116632699904,0.6828045028028271
frozenset({'PINK REGENCY TEACUP AND SAUCER'}),frozenset({'ROSES REGENCY TEACUP AND SAUCER '}),0.023431856016584478,0.03316895436127776,0.01875176681219964,0.8002680965147452,24.127022148427976,1.0,0.017974556649385517,4.8406440271576265,0.981552288799179,0.4954356846473028,0.7934159185452045,0.6828045028028271
frozenset({'ROSES REGENCY TEACUP AND SAUCER '}),frozenset({'GREEN REGENCY TEACUP AND SAUCER'}),0.03316895436127776,0.029305525018060746,0.023337626032603573,0.7035984848484849,24.009072842573648,1.0,0.022365592410746232,3.274930880450249,0.9912270434082516,0.5963081861958266,0.694650044075887,0.7499771631102017
frozenset({'GREEN REGENCY TEACUP AND SAUCER'}),frozenset({'ROSES REGENCY TEACUP AND SAUCER '}),0.029305525018060746,0.03316895436127776,0.023337626032603573,0.7963558413719185,24.009072842573644,1.0,0.022365592410746232,4.747649292531198,0.9872818930607491,0.5963081861958266,0.7893694461439774,0.7499771631102017
frozenset({'ALARM CLOCK BAKELIKE RED '}),"frozenset({'ALARM CLOCK BAKELIKE PINK', 'ALARM CLOCK BAKELIKE GREEN'})",0.03593303389138424,0.013820397650532399,0.010679398184502309,0.2972027972027972,21.50464876033058,1.0,0.010182789367333321,1.4032207277211328,0.9890375464035678,0.2733118971061093,0.28735374254054386,0.534965034965035
"frozenset({'ALARM CLOCK BAKELIKE PINK', 'ALARM CLOCK BAKELIKE GREEN'})",frozenset({'ALARM CLOCK BAKELIKE RED '}),0.013820397650532399,0.03593303389138424,0.010679398184502309,0.7727272727272728,21.50464876033058,1.0,0.010182789367333321,4.241894650877911,0.9668608278423005,0.2733118971061093,0.7642562858573024,0.534965034965035
frozenset({'ALARM CLOCK BAKELIKE GREEN'}),"frozenset({'ALARM CLOCK BAKELIKE PINK', 'ALARM CLOCK BAKELIKE RED '})",0.03269780444137325,0.015736407324810756,0.010679398184502309,0.3266090297790586,20.754993375400975,1.0,0.010164852215185854,1.4616524963978204,0.9839932420558821,0.2828618968386023,0.31584285425950626,0.5026258721749584
"frozenset({'ALARM CLOCK BAKELIKE PINK', 'ALARM CLOCK BAKELIKE RED '})",frozenset({'ALARM CLOCK BAKELIKE GREEN'}),0.015736407324810756,0.03269780444137325,0.010679398184502309,0.6786427145708582,20.75499337540097,1.0,0.010164852215185854,3.0100521737569683,0.9670365037769001,0.2828618968386023,0.6677798449081833,0.5026258721749584
frozenset({'ALARM CLOCK BAKELIKE PINK'}),"frozenset({'ALARM CLOCK BAKELIKE GREEN', 'ALARM CLOCK BAKELIKE RED '})",0.0242485158777523,0.022049816251531237,0.010679398184502309,0.44041450777202074,19.97361350988294,1.0,0.010144722865025532,1.7476331987356897,0.9735408678198463,0.2998236331569665,0.42779754886583665,0.4623724960512525
"frozenset({'ALARM CLOCK BAKELIKE GREEN', 'ALARM CLOCK BAKELIKE RED '})",frozenset({'ALARM CLOCK BAKELIKE PINK'}),0.022049816251531237,0.0242485158777523,0.010679398184502309,0.48433048433048437,19.97361350988294,1.0,0.010144722865025532,1.8922031542923146,0.971352081542429,0.2998236331569665,0.4715155200267063,0.4623724960512525
frozenset({'EDWARDIAN PARASOL BLACK'}),frozenset({'EDWARDIAN PARASOL NATURAL'}),0.024751075792317116,0.027106825391839683,0.01316078776266608,0.5317258883248731,19.61594102734529,1.0,0.01248986467290355,2.0776146926591608,0.973106486313765,0.34009740259740256,0.5186787985600498,0.5086207657151596
frozenset({'EDWARDIAN PARASOL NATURAL'}),frozenset({'EDWARDIAN PARASOL BLACK'}),0.027106825391839683,0.024751075792317116,0.01316078776266608,0.4855156431054461,19.61594102734529,1.0,0.01248986467290355,1.8955851837640323,0.9754627524231965,0.34009740259740256,0.47245842151270856,0.5086207657151596
frozenset({'SPACEBOY LUNCH BOX '}),frozenset({'DOLLY GIRL LUNCH BOX'}),0.03480227408361341,0.031347174670980305,0.02110751641172221,0.6064981949458483,19.347778589670316,1.0,0.02001656344707585,2.4616223175792515,0.982507992295164,0.46861924686192463,0.5937638390509087,0.6399224441663109
frozenset({'DOLLY GIRL LUNCH BOX'}),frozenset({'SPACEBOY LUNCH BOX '}),0.031347174670980305,0.03480227408361341,0.02110751641172221,0.6733466933867737,19.347778589670316,1.0,0.02001656344707585,2.9548077621612094,0.9790034727208435,0.46861924686192463,0.6615685078380265,0.6399224441663109
frozenset({'ALARM CLOCK BAKELIKE RED '}),frozenset({'ALARM CLOCK BAKELIKE GREEN'}),0.03593303389138424,0.03269780444137325,0.022049816251531237,0.6136363636363635,18.76689808750327,1.0,0.020874884936365516,2.5036056826223274,0.9820009629412424,0.4733648010788941,0.6005760783572835,0.6439939743253864
frozenset({'ALARM CLOCK BAKELIKE GREEN'}),frozenset({'ALARM CLOCK BAKELIKE RED '}),0.03269780444137325,0.03593303389138424,0.022049816251531237,0.6743515850144092,18.76689808750327,1.0,0.020874884936365516,2.960453426899908,0.9787165721377957,0.4733648010788941,0.662213905845103,0.6439939743253864
frozenset({'RED  HARMONICA IN BOX '}),frozenset({'BLUE HARMONICA IN BOX '}),0.027766435279706004,0.02559914564814524,0.012846687816063072,0.4626696832579186,18.07363767592927,1.0,0.01213589079520808,1.813411274204294,0.9716500535514963,0.3170542635658915,0.4485531141087729,0.4822550870277323
frozenset({'BLUE HARMONICA IN BOX '}),frozenset({'RED  HARMONICA IN BOX '}),0.02559914564814524,0.027766435279706004,0.012846687816063072,0.501840490797546,18.073637675929266,1.0,0.01213589079520808,1.9516511212981271,0.9694888823280079,0.3170542635658915,0.4876133397577447,0.4822550870277323
frozenset({'ALARM CLOCK BAKELIKE PINK'}),frozenset({'ALARM CLOCK BAKELIKE RED '}),0.0242485158777523,0.03593303389138424,0.015736407324810756,0.6489637305699483,18.060365638247763,1.0,0.014865084581959714,2.746345748471777,0.9681052509498949,0.3540636042402827,0.6358797866013568,0.5434503967535056
frozenset({'ALARM CLOCK BAKELIKE RED '}),frozenset({'ALARM CLOCK BAKELIKE PINK'}),0.03593303389138424,0.0242485158777523,0.015736407324810756,0.4379370629370629,18.060365638247763,1.0,0.014865084581959714,1.7360181925907485,0.9798387130863221,0.3540636042402827,0.42396917021494523,0.5434503967535056
frozenset({'LUNCH BAG PINK POLKADOT'}),"frozenset({'LUNCH BAG CARS BLUE', 'LUNCH BAG RED RETROSPOT'})",0.0345824041209913,0.016647297169959482,0.010271068253918396,0.2970027247956403,17.840897640224153,1.0,0.009695364695664623,1.3988001625528097,0.977762382455621,0.25076687116564417,0.2851015986622417,0.4569919284355559
"frozenset({'LUNCH BAG CARS BLUE', 'LUNCH BAG RED RETROSPOT'})",frozenset({'LUNCH BAG PINK POLKADOT'}),0.016647297169959482,0.0345824041209913,0.010271068253918396,0.6169811320754716,17.84089764022415,1.0,0.009695364695664623,2.5205484030338643,0.9599292358627771,0.25076687116564417,0.6032609416282791,0.4569919284355559
frozenset({'HAND WARMER BIRD DESIGN'}),frozenset({'HAND WARMER OWL DESIGN'}),0.028488865156892924,0.03323177435059836,0.016521657191318276,0.5799338478500551,17.451185173915125,1.0,0.015574921652919786,2.3014666159160293,0.9703412218685883,0.36553161917998606,0.5654944577147472,0.538549154548846
frozenset({'HAND WARMER OWL DESIGN'}),frozenset({'HAND WARMER BIRD DESIGN'}),0.03323177435059836,0.028488865156892924,0.016521657191318276,0.49716446124763697,17.451185173915125,1.0,0.015574921652919786,1.932065377187983,0.9751016599758092,0.36553161917998606,0.4824191707966705,0.538549154548846
frozenset({'ALARM CLOCK BAKELIKE PINK'}),frozenset({'ALARM CLOCK BAKELIKE GREEN'}),0.0242485158777523,0.03269780444137325,0.013820397650532399,0.5699481865284974,17.430778496165008,1.0,0.01302752442036812,2.249268960756807,0.9660556311546171,0.3204661325564457,0.5554111058094484,0.49630934782716896
frozenset({'ALARM CLOCK BAKELIKE GREEN'}),frozenset({'ALARM CLOCK BAKELIKE PINK'}),0.03269780444137325,0.0242485158777523,0.013820397650532399,0.4226705091258405,17.430778496165004,1.0,0.01302752442036812,1.6901119716659896,0.974494031102032,0.3204661325564457,0.40832322546400723,0.49630934782716896
"frozenset({'LUNCH BAG RED RETROSPOT', 'LUNCH BAG  BLACK SKULL.'})",frozenset({'LUNCH BAG PINK POLKADOT'}),0.019034456764142352,0.0345824041209913,0.011433238056349531,0.6006600660066006,17.368950519030104,1.0,0.010774980780308424,2.4175333186061123,0.9607126407581085,0.27103499627699185,0.5863552356016444,0.4656343018498035
frozenset({'LUNCH BAG PINK POLKADOT'}),"frozenset({'LUNCH BAG RED RETROSPOT', 'LUNCH BAG  BLACK SKULL.'})",0.0345824041209913,0.019034456764142352,0.011433238056349531,0.3306085376930064,17.368950519030104,1.0,0.010774980780308424,1.4654587016318579,0.9761848153148257,0.27103499627699185,0.31761980130422485,0.4656343018498035
frozenset({'HAND WARMER OWL DESIGN'}),frozenset({'HAND WARMER SCOTTY DOG DESIGN'}),0.03323177435059836,0.029493984986022553,0.016961397116562492,0.5103969754253308,17.305120880315503,1.0,0.015981259662807053,1.9822304322100157,0.974601369620701,0.37062457103637614,0.49551778453674206,0.5427384238149018
frozenset({'HAND WARMER SCOTTY DOG DESIGN'}),frozenset({'HAND WARMER OWL DESIGN'}),0.029493984986022553,0.03323177435059836,0.016961397116562492,0.5750798722044729,17.305120880315503,1.0,0.015981259662807053,2.275176350588442,0.9708478074812463,0.37062457103637614,0.560473631091777,0.5427384238149018
frozenset({'HAND WARMER SCOTTY DOG DESIGN'}),frozenset({'HAND WARMER BIRD DESIGN'}),0.029493984986022553,0.028488865156892924,0.014417187549078116,0.4888178913738019,17.15820860823344,1.0,0.013576937387871895,1.9005186575368282,0.9703379917138278,0.330930064888248,0.4738278437655264,0.49744091922604095
frozenset({'HAND WARMER BIRD DESIGN'}),frozenset({'HAND WARMER SCOTTY DOG DESIGN'}),0.028488865156892924,0.029493984986022553,0.014417187549078116,0.50606394707828,17.158208608233437,1.0,0.013576937387871895,1.9648414187894585,0.9693340856118285,0.330930064888248,0.49105307408671106,0.49744091922604095
frozenset({'SET OF 3 BUTTERFLY COOKIE CUTTERS'}),frozenset({'SET OF 3 HEART COOKIE CUTTERS'}),0.025567735653484937,0.029651034959324057,0.012721047837421867,0.4975429975429976,16.77995382709366,1.0,0.01196293801372963,1.9312079646530813,0.965079990433223,0.29933481152993346,0.4821893766476682,0.4632842106359055
frozenset({'SET OF 3 HEART COOKIE CUTTERS'}),frozenset({'SET OF 3 BUTTERFLY COOKIE CUTTERS'}),0.029651034959324057,0.025567735653484937,0.012721047837421867,0.4290254237288135,16.779953827093657,1.0,0.01196293801372963,1.7066123516569764,0.9691411175091404,0.29933481152993346,0.4140438518278128,0.4632842106359055
frozenset({'RED KITCHEN SCALES'}),frozenset({'IVORY KITCHEN SCALES'}),0.024531205829695008,0.033451644313220466,0.013631937682570594,0.5556978233034572,16.61197333381424,1.0,0.012811328510581236,2.1754301607820605,0.9634367202283017,0.30736543909348446,0.5403207981448124,0.4816047801963296
frozenset({'IVORY KITCHEN SCALES'}),frozenset({'RED KITCHEN SCALES'}),0.033451644313220466,0.024531205829695008,0.013631937682570594,0.4075117370892019,16.61197333381424,1.0,0.012811328510581236,1.646393448163827,0.9723284409011483,0.30736543909348446,0.3926117714357587,0.4816047801963296
frozenset({'LUNCH BAG PINK RETROSPOT'}),frozenset({'LUNCH BAG RED SPOTTY'}),0.022929296102019662,0.03326318434525866,0.012375537896158558,0.5397260273972603,16.225927794378258,1.0,0.011612836493010058,2.100350819726075,0.9603913396025084,0.28243727598566304,0.5238890614804917,0.4558875651622751
frozenset({'LUNCH BAG RED SPOTTY'}),frozenset({'LUNCH BAG PINK RETROSPOT'}),0.03326318434525866,0.022929296102019662,0.012375537896158558,0.3720491029272899,16.225927794378258,1.0,0.011612836493010058,1.555966729966859,0.9706573981745152,0.28243727598566304,0.35731273635825145,0.4558875651622751
frozenset({'SINGLE HEART ZINC T-LIGHT HOLDER'}),frozenset({'HANGING HEART ZINC T-LIGHT HOLDER'}),0.025787605616107045,0.035838803907403335,0.01454282752771932,0.5639464068209501,15.735636944748983,1.0,0.013618630586802207,2.211107100536374,0.9612380093936049,0.30887258172114745,0.5477378731417314,0.48486540323519023
frozenset({'HANGING HEART ZINC T-LIGHT HOLDER'}),frozenset({'SINGLE HEART ZINC T-LIGHT HOLDER'}),0.035838803907403335,0.025787605616107045,0.01454282752771932,0.40578439964943036,15.735636944748983,1.0,0.013618630586802207,1.6394931297817432,0.9712587340158995,0.30887258172114745,0.3900553885619975,0.48486540323519023
frozenset({'PLASTERS IN TIN CIRCUS PARADE '}),frozenset({'PLASTERS IN TIN STRONGMAN'}),0.034550994126330996,0.02688695542921758,0.013914627634513302,0.40272727272727277,14.978537595581988,1.0,0.012985656595403482,1.6292608052174442,0.9666360444845886,0.29279576999339063,0.3862247242444783,0.460125318606627
frozenset({'PLASTERS IN TIN STRONGMAN'}),frozenset({'PLASTERS IN TIN CIRCUS PARADE '}),0.02688695542921758,0.034550994126330996,0.013914627634513302,0.5175233644859812,14.978537595581987,1.0,0.012985656595403482,2.001027479486345,0.9590230173113455,0.29279576999339063,0.5002567379750849,0.460125318606627
frozenset({'WOOD 2 DRAWER CABINET WHITE FINISH'}),frozenset({'WOOD S/3 CABINET ANT WHITE FINISH'}),0.03307472437729685,0.03147281464962151,0.01554794735684895,0.47008547008547014,14.936238633843425,1.0,0.014506992686934967,1.8277045271934567,0.9649646805896807,0.31730769230769224,0.452865610867881,0.4820487230666871
frozenset({'WOOD S/3 CABINET ANT WHITE FINISH'}),frozenset({'WOOD 2 DRAWER CABINET WHITE FINISH'}),0.03147281464962151,0.03307472437729685,0.01554794735684895,0.49401197604790414,14.936238633843423,1.0,0.014506992686934967,1.9109647459052237,0.9633686631189469,0.31730769230769224,0.47670410867454277,0.4820487230666871
frozenset({'WOODEN PICTURE FRAME WHITE FINISH'}),"frozenset({'WOOD 2 DRAWER CABINET WHITE FINISH', 'WOODEN FRAME ANTIQUE WHITE '})",0.0520777711467789,0.01448000753839872,0.011213368093727425,0.21531966224366708,14.870134678636939,1.0,0.010459281574939062,1.2559509204468369,0.9839954007382469,0.2026106696935301,0.20379054330863172,0.4948615664797511
"frozenset({'WOOD 2 DRAWER CABINET WHITE FINISH', 'WOODEN FRAME ANTIQUE WHITE '})",frozenset({'WOODEN PICTURE FRAME WHITE FINISH'}),0.01448000753839872,0.0520777711467789,0.011213368093727425,0.7744034707158352,14.870134678636939,1.0,0.010459281574939062,4.20184757212822,0.9464558005762223,0.2026106696935301,0.7620094535001174,0.4948615664797511
frozenset({'HAND WARMER OWL DESIGN'}),frozenset({'HAND WARMER UNION JACK'}),0.03323177435059836,0.02481389578163772,0.012249897917517355,0.3686200378071834,14.85538752362949,1.0,0.011425288132142705,1.544531284824891,0.964744526946028,0.26748971193415644,0.3525543899142364,0.43114546194156633
frozenset({'HAND WARMER UNION JACK'}),frozenset({'HAND WARMER OWL DESIGN'}),0.02481389578163772,0.03323177435059836,0.012249897917517355,0.49367088607594933,14.855387523629489,1.0,0.011425288132142705,1.909367245657568,0.9564167808442618,0.26748971193415644,0.47626628545436817,0.43114546194156633
frozenset({'PINK BLUE FELT CRAFT TRINKET BOX'}),frozenset({'PINK CREAM FELT CRAFT TRINKET BOX '}),0.03150422464428181,0.03844583346420831,0.017903696956371517,0.5682951146560319,14.781708795183079,1.0,0.01669249078227845,2.2273414065482657,0.9626772223417075,0.34399517199758606,0.5510342522883771,0.5169906945829179
frozenset({'PINK CREAM FELT CRAFT TRINKET BOX '}),frozenset({'PINK BLUE FELT CRAFT TRINKET BOX'}),0.03844583346420831,0.03150422464428181,0.017903696956371517,0.46568627450980393,14.781708795183077,1.0,0.01669249078227845,1.8125975979134543,0.9696269386758636,0.34399517199758606,0.448305569227756,0.5169906945829179
frozenset({'60 CAKE CASES VINTAGE CHRISTMAS'}),frozenset({'SET OF 20 VINTAGE CHRISTMAS NAPKINS'}),0.025159405722901027,0.02792348525300751,0.0103652982378993,0.41198501872659177,14.754068662765468,1.0,0.00966275994322144,1.6531492320856498,0.9562815615883022,0.2426470588235294,0.3950939330877117,0.391594309138324
frozenset({'SET OF 20 VINTAGE CHRISTMAS NAPKINS'}),frozenset({'60 CAKE CASES VINTAGE CHRISTMAS'}),0.02792348525300751,0.025159405722901027,0.0103652982378993,0.3712035995500562,14.754068662765468,1.0,0.00966275994322144,1.5503278860685885,0.9590007284947183,0.2426470588235294,0.3549751578449265,0.391594309138324
frozenset({'LUNCH BAG SUKI DESIGN '}),frozenset({'LUNCH BAG APPLE DESIGN'}),0.028237585199610515,0.027201055375820585,0.011307598077708326,0.40044493882091214,14.721669188500439,1.0,0.010539505959014268,1.6225347889000692,0.9591572032954797,0.25622775800711745,0.38368039511934976,0.40807466340583715
frozenset({'LUNCH BAG APPLE DESIGN'}),frozenset({'LUNCH BAG SUKI DESIGN '}),0.027201055375820585,0.028237585199610515,0.011307598077708326,0.41570438799076215,14.721669188500439,1.0,0.010539505959014268,1.6631348838283346,0.9581352089230427,0.25622775800711745,0.3987258581828785,0.40807466340583715
frozenset({'HAND WARMER UNION JACK'}),frozenset({'HAND WARMER SCOTTY DOG DESIGN'}),0.02481389578163772,0.029493984986022553,0.010710808179162609,0.43164556962025313,14.635037273695419,1.0,0.009978947509534257,1.7075718304254837,0.9553774633804183,0.2456772334293948,0.41437309858243243,0.3973989296450573
frozenset({'HAND WARMER SCOTTY DOG DESIGN'}),frozenset({'HAND WARMER UNION JACK'}),0.029493984986022553,0.02481389578163772,0.010710808179162609,0.3631522896698615,14.635037273695419,1.0,0.009978947509534257,1.5312704880619434,0.9599845978889199,0.2456772334293948,0.34694751332558316,0.3973989296450573
frozenset({'WOODEN FRAME ANTIQUE WHITE '}),"frozenset({'WOODEN PICTURE FRAME WHITE FINISH', 'WOOD 2 DRAWER CABINET WHITE FINISH'})",0.05568992053271351,0.01419731758645601,0.011213368093727425,0.20135363790186125,14.182512765224685,1.0,0.010422720605559994,1.2343419180220434,0.9843065885215182,0.1911134903640257,0.1898517052694458,0.4955883233757094
"frozenset({'WOODEN PICTURE FRAME WHITE FINISH', 'WOOD 2 DRAWER CABINET WHITE FINISH'})",frozenset({'WOODEN FRAME ANTIQUE WHITE '}),0.01419731758645601,0.05568992053271351,0.011213368093727425,0.7898230088495576,14.182512765224685,1.0,0.010422720605559994,4.492927957044354,0.9428769564222057,0.1911134903640257,0.777427991376509,0.4955883233757094
frozenset({'ROUND SNACK BOXES SET OF 4 FRUITS '}),frozenset({'ROUND SNACK BOXES SET OF4 WOODLAND '}),0.030938844740396394,0.03593303389138424,0.01551653736218865,0.5015228426395939,13.957152745731426,1.0,0.01440481080557171,1.93402436174539,0.9579912928957945,0.3021406727828746,0.48294343143768126,0.4666705122288879
frozenset({'ROUND SNACK BOXES SET OF4 WOODLAND '}),frozenset({'ROUND SNACK BOXES SET OF 4 FRUITS '}),0.03593303389138424,0.030938844740396394,0.01551653736218865,0.4318181818181818,13.957152745731426,1.0,0.01440481080557171,1.7055476332569024,0.962954008028575,0.3021406727828746,0.4136780582959113,0.4666705122288879
frozenset({'LUNCH BAG RED RETROSPOT'}),"frozenset({'LUNCH BAG PINK POLKADOT', 'LUNCH BAG  BLACK SKULL.'})",0.04774319188365738,0.017181267079184596,0.011433238056349531,0.2394736842105263,13.938068892523814,1.0,0.010612949525383655,1.2922876073007261,0.974793817852168,0.2137404580152672,0.2261784494794032,0.45246079091696334
"frozenset({'LUNCH BAG PINK POLKADOT', 'LUNCH BAG  BLACK SKULL.'})",frozenset({'LUNCH BAG RED RETROSPOT'}),0.017181267079184596,0.04774319188365738,0.011433238056349531,0.6654478976234004,13.938068892523814,1.0,0.010612949525383655,2.846363246118248,0.9444814373865188,0.2137404580152672,0.6486744967060131,0.45246079091696334
frozenset({'PLASTERS IN TIN SPACEBOY'}),frozenset({'PLASTERS IN TIN WOODLAND ANIMALS'}),0.036309953827307846,0.0344567641423501,0.017432547036467003,0.48010380622837373,13.933514019045337,1.0,0.016181423521419835,1.8571846599857629,0.9632045069416733,0.32685512367491165,0.4615505816165496,0.4930145284560282
frozenset({'PLASTERS IN TIN WOODLAND ANIMALS'}),frozenset({'PLASTERS IN TIN SPACEBOY'}),0.0344567641423501,0.036309953827307846,0.017432547036467003,0.5059252506836827,13.933514019045335,1.0,0.016181423521419835,1.950494429246205,0.96135580603375,0.32685512367491165,0.487309481634119,0.4930145284560282
"frozenset({'LUNCH BAG PINK POLKADOT', 'LUNCH BAG CARS BLUE'})",frozenset({'LUNCH BAG RED RETROSPOT'}),0.01551653736218865,0.04774319188365738,0.010271068253918396,0.6619433198380567,13.864664127423822,1.0,0.009530259233265484,2.816855468320199,0.9424985128050969,0.1938352104327208,0.6449942103006303,0.43853744939271255
frozenset({'LUNCH BAG RED RETROSPOT'}),"frozenset({'LUNCH BAG PINK POLKADOT', 'LUNCH BAG CARS BLUE'})",0.04774319188365738,0.01551653736218865,0.010271068253918396,0.2151315789473684,13.86466412742382,1.0,0.009530259233265484,1.2543293069651915,0.9743949232064568,0.1938352104327208,0.202761193215307,0.43853744939271255
frozenset({'CHARLOTTE BAG SUKI DESIGN'}),frozenset({'RED RETROSPOT CHARLOTTE BAG'}),0.03005936488990797,0.028520275151553223,0.011590288029651036,0.38557993730407525,13.51950271360115,1.0,0.010732986672109921,1.5811328174829313,0.9547314019124647,0.24665775401069523,0.3675420629166751,0.3959838012511566
frozenset({'RED RETROSPOT CHARLOTTE BAG'}),frozenset({'CHARLOTTE BAG SUKI DESIGN'}),0.028520275151553223,0.03005936488990797,0.011590288029651036,0.40638766519823794,13.51950271360115,1.0,0.010732986672109921,1.633963073617743,0.9532188461009702,0.24665775401069523,0.3879910653146471,0.3959838012511566
frozenset({'LUNCH BAG PINK RETROSPOT'}),frozenset({'LUNCH BAG SUKI  DESIGN '}),0.022929296102019662,0.03370292427050287,0.010302478248578698,0.4493150684931507,13.331634515951949,1.0,0.009529693918476393,1.7547185703545596,0.9466975514098859,0.2223728813559322,0.43010804302484856,0.37750003191665926
frozenset({'LUNCH BAG SUKI  DESIGN '}),frozenset({'LUNCH BAG PINK RETROSPOT'}),0.03370292427050287,0.022929296102019662,0.010302478248578698,0.3056849953401678,13.331634515951949,1.0,0.009529693918476393,1.4072441144731986,0.9572526567321322,0.2223728813559322,0.2893912365912792,0.37750003191665926
frozenset({'PLASTERS IN TIN CIRCUS PARADE '}),frozenset({'PLASTERS IN TIN SPACEBOY'}),0.034550994126330996,0.036309953827307846,0.016364607218016775,0.47363636363636374,13.044256841774146,1.0,0.015110062216602112,1.8308446473056332,0.9563818531773838,0.3002881844380404,0.4538040125514459,0.4621642025794276
frozenset({'PLASTERS IN TIN SPACEBOY'}),frozenset({'PLASTERS IN TIN CIRCUS PARADE '}),0.036309953827307846,0.034550994126330996,0.016364607218016775,0.4506920415224914,13.044256841774146,1.0,0.015110062216602112,1.757573308330648,0.9581274737170642,0.3002881844380404,0.4310336898835787,0.4621642025794276
frozenset({'HOT WATER BOTTLE I AM SO POORLY'}),frozenset({'CHOCOLATE HOT WATER BOTTLE'}),0.02559914564814524,0.045450262273455416,0.015045387442284135,0.5877300613496933,12.931279863987688,1.0,0.013881899558599548,2.315351298354565,0.9469081743995001,0.2686483454851374,0.5681000975054356,0.45937988900242094
frozenset({'CHOCOLATE HOT WATER BOTTLE'}),frozenset({'HOT WATER BOTTLE I AM SO POORLY'}),0.045450262273455416,0.02559914564814524,0.015045387442284135,0.3310297166551486,12.931279863987688,1.0,0.013881899558599548,1.456568219263568,0.9666003746699997,0.2686483454851374,0.3134547446699105,0.45937988900242094
frozenset({'PLASTERS IN TIN WOODLAND ANIMALS'}),frozenset({'PLASTERS IN TIN CIRCUS PARADE '}),0.0344567641423501,0.034550994126330996,0.015390897383547444,0.446672743846855,12.927927405320295,1.0,0.014200381928052733,1.7448065229710292,0.9555740708775378,0.28705330990041006,0.4268705516430466,0.44606364465070025
frozenset({'PLASTERS IN TIN CIRCUS PARADE '}),frozenset({'PLASTERS IN TIN WOODLAND ANIMALS'}),0.034550994126330996,0.0344567641423501,0.015390897383547444,0.4454545454545455,12.927927405320295,1.0,0.014200381928052733,1.7411435400711723,0.9556673370457595,0.28705330990041006,0.42566481339090323,0.44606364465070025
frozenset({'JAM MAKING SET PRINTED'}),frozenset({'JAM MAKING SET WITH JARS'}),0.02836322517825172,0.02836322517825172,0.010145428275277193,0.3576965669988926,12.61127973814368,1.0,0.00934095573276498,1.5127379442483424,0.947582399039521,0.21780175320296696,0.3389469710850114,0.3576965669988926
frozenset({'JAM MAKING SET WITH JARS'}),frozenset({'JAM MAKING SET PRINTED'}),0.02836322517825172,0.02836322517825172,0.010145428275277193,0.3576965669988926,12.61127973814368,1.0,0.00934095573276498,1.5127379442483424,0.947582399039521,0.21780175320296696,0.3389469710850114,0.3576965669988926
frozenset({'STRAWBERRY CHARLOTTE BAG'}),frozenset({'RED RETROSPOT CHARLOTTE BAG'}),0.0310330747243773,0.028520275151553223,0.010993498131105318,0.354251012145749,12.421023649431952,1.0,0.010108426301167366,1.5044231475709489,0.9489398591294924,0.22639068564036224,0.33529339693117177,0.3698567836059142
frozenset({'RED RETROSPOT CHARLOTTE BAG'}),frozenset({'STRAWBERRY CHARLOTTE BAG'}),0.028520275151553223,0.0310330747243773,0.010993498131105318,0.38546255506607935,12.421023649431952,1.0,0.010108426301167366,1.5767418784054936,0.9464853604799933,0.22639068564036224,0.36578078270409964,0.3698567836059142
frozenset({'PACK OF 60 SPACEBOY CAKE CASES'}),frozenset({'PACK OF 60 DINOSAUR CAKE CASES'}),0.028614505135534127,0.03558752395012093,0.012626817853440966,0.44127332601536773,12.399663619021414,1.0,0.011608498466609286,1.7260899129301372,0.9464344030349449,0.24482338611449453,0.4206559041281677,0.39804178216037583
frozenset({'PACK OF 60 DINOSAUR CAKE CASES'}),frozenset({'PACK OF 60 SPACEBOY CAKE CASES'}),0.03558752395012093,0.028614505135534127,0.012626817853440966,0.35481023830538394,12.399663619021414,1.0,0.011608498466609286,1.5055810748036114,0.9532774344795044,0.24482338611449453,0.33580461608124257,0.39804178216037583
"frozenset({'PACK OF 60 PINK PAISLEY CAKE CASES', '72 SWEETHEART FAIRY CAKE CASES'})",frozenset({'60 TEATIME FAIRY CAKE CASES'}),0.014762697490341427,0.0554386405754311,0.010114018280616891,0.6851063829787233,12.357921764812245,1.0,0.009295594400526035,2.9996205333077515,0.9328516518626313,0.16832200731834812,0.6666244983670395,0.4337713218009764
frozenset({'WOODEN PICTURE FRAME WHITE FINISH'}),"frozenset({'WOODEN FRAME ANTIQUE WHITE ', 'WHITE HANGING HEART T-LIGHT HOLDER'})",0.0520777711467789,0.02104469642240161,0.01353770769858969,0.25995174909529556,12.35236393424914,1.0,0.012441746814450424,1.3228263189337068,0.969535061065265,0.2272008434370058,0.24404286058802338,0.4516176655924239
"frozenset({'WOODEN FRAME ANTIQUE WHITE ', 'WHITE HANGING HEART T-LIGHT HOLDER'})",frozenset({'WOODEN PICTURE FRAME WHITE FINISH'}),0.02104469642240161,0.0520777711467789,0.01353770769858969,0.6432835820895522,12.352363934249139,1.0,0.012441746814450424,2.6573552022245104,0.938800609872257,0.2272008434370058,0.6236859870434763,0.4516176655924239
frozenset({'JUMBO BAG SCANDINAVIAN PAISLEY'}),frozenset({'JUMBO BAG PINK VINTAGE PAISLEY'}),0.022646606150076954,0.038571473442849516,0.010773628168483212,0.4757281553398059,12.333678568040227,1.0,0.009900115200794847,1.8338358932478982,0.9402138410319778,0.21357409713574102,0.45469493552724366,0.377522058125929
frozenset({'JUMBO BAG PINK VINTAGE PAISLEY'}),frozenset({'JUMBO BAG SCANDINAVIAN PAISLEY'}),0.038571473442849516,0.022646606150076954,0.010773628168483212,0.27931596091205213,12.333678568040227,1.0,0.009900115200794847,1.3561468560991023,0.9557873134552263,0.21357409713574102,0.2626167324706583,0.377522058125929
frozenset({'STRAWBERRY CHARLOTTE BAG'}),frozenset({'CHARLOTTE BAG SUKI DESIGN'}),0.0310330747243773,0.03005936488990797,0.011433238056349531,0.3684210526315789,12.256448330858493,1.0,0.010500403539553694,1.5357393389243124,0.9478241943475826,0.23023402909550916,0.34884783201527136,0.37438816476929
frozenset({'CHARLOTTE BAG SUKI DESIGN'}),frozenset({'STRAWBERRY CHARLOTTE BAG'}),0.03005936488990797,0.0310330747243773,0.011433238056349531,0.38035527690700105,12.256448330858493,1.0,0.010500403539553694,1.5637459485476746,0.9468726868985936,0.23023402909550916,0.36050993390022995,0.37438816476929
frozenset({'CHARLOTTE BAG SUKI DESIGN'}),frozenset({'WOODLAND CHARLOTTE BAG'}),0.03005936488990797,0.03335741432923956,0.012281307912177655,0.40856844305120166,12.248204822430422,1.0,0.011278605223071198,1.634411580365579,0.9468160721148113,0.2401719901719902,0.38815900963188,0.3883708505274841
frozenset({'WOODLAND CHARLOTTE BAG'}),frozenset({'CHARLOTTE BAG SUKI DESIGN'}),0.03335741432923956,0.03005936488990797,0.012281307912177655,0.3681732580037665,12.248204822430422,1.0,0.011278605223071198,1.5351370409641096,0.9500464762601257,0.2401719901719902,0.3485923580008392,0.3883708505274841
frozenset({'SWEETHEART CERAMIC TRINKET BOX'}),frozenset({'STRAWBERRY CERAMIC TRINKET BOX'}),0.036781103747212364,0.05710337029242705,0.025661965637465842,0.6976942783945346,12.218092816967436,1.0,0.023561640650424598,3.119016817479005,0.9532144451120657,0.3761510128913444,0.6793861468152436,0.573544608944242
frozenset({'STRAWBERRY CERAMIC TRINKET BOX'}),frozenset({'SWEETHEART CERAMIC TRINKET BOX'}),0.05710337029242705,0.036781103747212364,0.025661965637465842,0.44939493949394943,12.218092816967436,1.0,0.023561640650424598,1.7493825708167512,0.9737590917021423,0.3761510128913444,0.4283697478858953,0.573544608944242
frozenset({'WOODLAND CHARLOTTE BAG'}),frozenset({'STRAWBERRY CHARLOTTE BAG'}),0.03335741432923956,0.0310330747243773,0.012626817853440966,0.37853107344632775,12.197665774606008,1.0,0.01159163472194966,1.5591558706707749,0.949696521454466,0.24393203883495151,0.35862730672990173,0.3927068322697226
frozenset({'STRAWBERRY CHARLOTTE BAG'}),frozenset({'WOODLAND CHARLOTTE BAG'}),0.0310330747243773,0.03335741432923956,0.012626817853440966,0.4068825910931174,12.197665774606008,1.0,0.01159163472194966,1.6297659976838077,0.9474184073312326,0.24393203883495151,0.38641498140151354,0.3927068322697226
"frozenset({'PACK OF 60 PINK PAISLEY CAKE CASES', '60 TEATIME FAIRY CAKE CASES'})",frozenset({'PACK OF 60 DINOSAUR CAKE CASES'}),0.023117756069981468,0.03558752395012093,0.01001978829663599,0.43342391304347827,12.1790971929084,1.0,0.00919708459882247,1.7021764565292832,0.9396138720453604,0.20580645161290323,0.4125168420911027,0.35748865555086534
frozenset({'PACK OF 60 DINOSAUR CAKE CASES'}),"frozenset({'PACK OF 60 PINK PAISLEY CAKE CASES', '60 TEATIME FAIRY CAKE CASES'})",0.03558752395012093,0.023117756069981468,0.01001978829663599,0.2815533980582524,12.179097192908399,1.0,0.00919708459882247,1.3597144746593501,0.9517629961725753,0.20580645161290323,0.26455147853704325,0.35748865555086534
frozenset({'PLASTERS IN TIN STRONGMAN'}),frozenset({'PLASTERS IN TIN SPACEBOY'}),0.02688695542921758,0.036309953827307846,0.011841567986933442,0.4404205607476635,12.129471792840281,1.0,0.010865303876741667,1.7221684332438922,0.9429081073648544,0.23058103975535169,0.41933670325358896,0.383272564110856
frozenset({'PLASTERS IN TIN SPACEBOY'}),frozenset({'PLASTERS IN TIN STRONGMAN'}),0.036309953827307846,0.02688695542921758,0.011841567986933442,0.32612456747404844,12.12947179284028,1.0,0.010865303876741667,1.4440547875787222,0.9521278991646476,0.23058103975535169,0.3075054986821368,0.383272564110856
frozenset({'PLASTERS IN TIN SKULLS'}),frozenset({'PLASTERS IN TIN VINTAGE PAISLEY '}),0.02842604516757232,0.0311273047083582,0.010710808179162609,0.37679558011049724,12.10498575577992,1.0,0.009825982009578032,1.5546627468775456,0.9442301398621817,0.2192926045016077,0.3567736784016696,0.36044622597855835
frozenset({'PLASTERS IN TIN VINTAGE PAISLEY '}),frozenset({'PLASTERS IN TIN SKULLS'}),0.0311273047083582,0.02842604516757232,0.010710808179162609,0.3440968718466195,12.104985755779918,1.0,0.009825982009578032,1.4812765988291319,0.9468626948783313,0.2192926045016077,0.3249066374298728,0.36044622597855835
frozenset({'PLASTERS IN TIN STRONGMAN'}),frozenset({'PLASTERS IN TIN VINTAGE PAISLEY '}),0.02688695542921758,0.0311273047083582,0.010114018280616891,0.3761682242990654,12.084831238152718,1.0,0.00927709982629159,1.5530993018158152,0.9425951509851459,0.21114754098360652,0.35612616731535185,0.3505462715844469
frozenset({'PLASTERS IN TIN VINTAGE PAISLEY '}),frozenset({'PLASTERS IN TIN STRONGMAN'}),0.0311273047083582,0.02688695542921758,0.010114018280616891,0.3249243188698284,12.084831238152718,1.0,0.00927709982629159,1.4414873350816821,0.9467204944780784,0.21114754098360652,0.30627208740385164,0.3505462715844469
frozenset({'PLASTERS IN TIN STRONGMAN'}),frozenset({'PLASTERS IN TIN WOODLAND ANIMALS'}),0.02688695542921758,0.0344567641423501,0.011150548104406821,0.4147196261682242,12.035942332103696,1.0,0.010224110622676391,1.6497105985911142,0.9422497478009011,0.22215269086357944,0.39383307541697316,0.3691647356000647
frozenset({'PLASTERS IN TIN WOODLAND ANIMALS'}),frozenset({'PLASTERS IN TIN STRONGMAN'}),0.0344567641423501,0.02688695542921758,0.011150548104406821,0.32360984503190515,12.035942332103696,1.0,0.010224110622676391,1.4386859971619248,0.9496369367800819,0.22215269086357944,0.3049212948672013,0.3691647356000647
frozenset({'PLASTERS IN TIN WOODLAND ANIMALS'}),frozenset({'PLASTERS IN TIN SKULLS'}),0.0344567641423501,0.02842604516757232,0.011747338002952539,0.34092980856882404,11.993571619232764,1.0,0.010767868469113708,1.4741585455756199,0.9493329424985822,0.2297297297297297,0.3216469130804879,0.3770947385385557
frozenset({'PLASTERS IN TIN SKULLS'}),frozenset({'PLASTERS IN TIN WOODLAND ANIMALS'}),0.02842604516757232,0.0344567641423501,0.011747338002952539,0.41325966850828727,11.993571619232762,1.0,0.010767868469113708,1.6456057032978777,0.9434402771371528,0.2297297297297297,0.392321017120961,0.3770947385385557
"frozenset({'PACK OF 60 PINK PAISLEY CAKE CASES', '60 TEATIME FAIRY CAKE CASES'})",frozenset({'72 SWEETHEART FAIRY CAKE CASES'}),0.023117756069981468,0.036938153720513865,0.010114018280616891,0.43749999999999994,11.844122023809524,1.0,0.009260091053230574,1.7121099489413085,0.9372367447992027,0.20251572327044023,0.4159253612080493,0.35565476190476186
frozenset({'72 SWEETHEART FAIRY CAKE CASES'}),"frozenset({'PACK OF 60 PINK PAISLEY CAKE CASES', '60 TEATIME FAIRY CAKE CASES'})",0.036938153720513865,0.023117756069981468,0.010114018280616891,0.2738095238095238,11.844122023809522,1.0,0.009260091053230574,1.3452148932806811,0.9506865399041129,0.20251572327044023,0.25662434679025786,0.35565476190476186
frozenset({'LUNCH BAG RED RETROSPOT'}),frozenset({'LUNCH BAG PINK POLKADOT'}),0.04774319188365738,0.0345824041209913,0.019537016678707164,0.40921052631578947,11.832911468043406,1.0,0.017885942322960494,1.6341144161871861,0.9613897607350922,0.31115557778889447,0.388047746171128,0.48707574453845787
frozenset({'LUNCH BAG PINK POLKADOT'}),frozenset({'LUNCH BAG RED RETROSPOT'}),0.0345824041209913,0.04774319188365738,0.019537016678707164,0.5649409627611263,11.832911468043406,1.0,0.017885942322960494,2.188799051641113,0.9482838813185122,0.31115557778889447,0.5431284570183718,0.48707574453845787
"frozenset({'PACK OF 60 PINK PAISLEY CAKE CASES', 'PACK OF 60 DINOSAUR CAKE CASES'})",frozenset({'60 TEATIME FAIRY CAKE CASES'}),0.015328077394226843,0.0554386405754311,0.01001978829663599,0.653688524590164,11.791207681233457,1.0,0.009170020523265057,2.727490789344318,0.9294375356175709,0.16494312306101344,0.6333626482234986,0.41721253424975624
frozenset({'VINTAGE SNAP CARDS'}),frozenset({'VINTAGE HEADS AND TAILS CARD GAME '}),0.04648679209724534,0.032980494393315955,0.01802933693501272,0.3878378378378378,11.759612612612612,1.0,0.016496179548886276,1.5796786625804549,0.9595705414510417,0.2934560327198364,0.36695986108562845,0.4672522522522522
frozenset({'VINTAGE HEADS AND TAILS CARD GAME '}),frozenset({'VINTAGE SNAP CARDS'}),0.032980494393315955,0.04648679209724534,0.01802933693501272,0.5466666666666666,11.759612612612612,1.0,0.016496179548886276,2.1033379586090173,0.9461682829385543,0.2934560327198364,0.5245652293265693,0.4672522522522522
frozenset({'WOODEN FRAME ANTIQUE WHITE '}),"frozenset({'WOODEN PICTURE FRAME WHITE FINISH', 'WHITE HANGING HEART T-LIGHT HOLDER'})",0.05568992053271351,0.020856236454439802,0.01353770769858969,0.2430908065425832,11.655545192614792,1.0,0.012376225547830456,1.293607967784112,0.9681183621885068,0.2148554336989033,0.22696827408001224,0.4460935960423759
"frozenset({'WOODEN PICTURE FRAME WHITE FINISH', 'WHITE HANGING HEART T-LIGHT HOLDER'})",frozenset({'WOODEN FRAME ANTIQUE WHITE '}),0.020856236454439802,0.05568992053271351,0.01353770769858969,0.6490963855421686,11.65554519261479,1.0,0.012376225547830456,2.691081084833812,0.9336769140228809,0.2148554336989033,0.6284021296735638,0.4460935960423759
frozenset({'LUNCH BAG PINK POLKADOT'}),frozenset({'LUNCH BAG SUKI DESIGN '}),0.0345824041209913,0.028237585199610515,0.011244778088387725,0.32515894641235243,11.515111653982276,1.0,0.010268254505613871,1.4399871045696215,0.9458679829523148,0.21802679658952495,0.3055493366387635,0.361689595564352
frozenset({'LUNCH BAG SUKI DESIGN '}),frozenset({'LUNCH BAG PINK POLKADOT'}),0.028237585199610515,0.0345824041209913,0.011244778088387725,0.39822024471635153,11.515111653982276,1.0,0.010268254505613871,1.6042706445383157,0.9396922336292697,0.21802679658952495,0.37666377964063263,0.361689595564352
frozenset({'PACK OF 60 PINK PAISLEY CAKE CASES'}),"frozenset({'60 TEATIME FAIRY CAKE CASES', '72 SWEETHEART FAIRY CAKE CASES'})",0.049564971573954834,0.01793510695103182,0.010114018280616891,0.20405576679340937,11.37744911979295,1.0,0.00922506521441316,1.233836306712796,0.959673001143954,0.1762452107279693,0.18951971622215102,0.38398935450003213
"frozenset({'60 TEATIME FAIRY CAKE CASES', '72 SWEETHEART FAIRY CAKE CASES'})",frozenset({'PACK OF 60 PINK PAISLEY CAKE CASES'}),0.01793510695103182,0.049564971573954834,0.010114018280616891,0.563922942206655,11.37744911979295,1.0,0.00922506521441316,2.179511651531212,0.9287643235979949,0.1762452107279693,0.5411816223613891,0.38398935450003213
frozenset({'WOODLAND CHARLOTTE BAG'}),frozenset({'RED RETROSPOT CHARLOTTE BAG'}),0.03335741432923956,0.028520275151553223,0.010805038163143512,0.3239171374764595,11.35743381700225,1.0,0.009853675528129236,1.4369240498454743,0.9434220618517749,0.21156211562115626,0.304068993690001,0.35138588151356015
frozenset({'RED RETROSPOT CHARLOTTE BAG'}),frozenset({'WOODLAND CHARLOTTE BAG'}),0.028520275151553223,0.03335741432923956,0.010805038163143512,0.3788546255506608,11.35743381700225,1.0,0.009853675528129236,1.5562260067181748,0.9387246258685497,0.21156211562115626,0.3574198119790865,0.35138588151356015
frozenset({'PLASTERS IN TIN SKULLS'}),frozenset({'PLASTERS IN TIN SPACEBOY'}),0.02842604516757232,0.036309953827307846,0.011653108018971637,0.4099447513812155,11.290147966889064,1.0,0.010620959631444118,1.6332200220716977,0.9380934894837575,0.21952662721893496,0.3877126250684058,0.3654395037182894
frozenset({'PLASTERS IN TIN SPACEBOY'}),frozenset({'PLASTERS IN TIN SKULLS'}),0.036309953827307846,0.02842604516757232,0.011653108018971637,0.32093425605536335,11.290147966889064,1.0,0.010620959631444118,1.4307509449506834,0.9457679937652486,0.21952662721893496,0.3010663361578496,0.3654395037182894
frozenset({'BAKING SET SPACEBOY DESIGN'}),frozenset({'BAKING SET 9 PIECE RETROSPOT '}),0.027735025285045702,0.05471621069824418,0.017087037095203695,0.6160815402038505,11.259579790740522,1.0,0.015569481607986005,2.462199368594249,0.9371794341888724,0.2614127823161942,0.5938590462026911,0.46418313519951426
frozenset({'BAKING SET 9 PIECE RETROSPOT '}),frozenset({'BAKING SET SPACEBOY DESIGN'}),0.05471621069824418,0.027735025285045702,0.017087037095203695,0.312284730195178,11.259579790740522,1.0,0.015569481607986005,1.4137609231664863,0.9639292974209122,0.2614127823161942,0.29266682675014155,0.46418313519951426
frozenset({'PLASTERS IN TIN SPACEBOY'}),frozenset({'PLASTERS IN TIN VINTAGE PAISLEY '}),0.036309953827307846,0.0311273047083582,0.012721047837421867,0.3503460207612457,11.255263635697053,1.0,0.011590816840692839,1.4913672912878,0.9454831296644362,0.23249138920780715,0.32947436500602284,0.3795120618437914
frozenset({'PLASTERS IN TIN VINTAGE PAISLEY '}),frozenset({'PLASTERS IN TIN SPACEBOY'}),0.0311273047083582,0.036309953827307846,0.012721047837421867,0.408678102926337,11.255263635697052,1.0,0.011590816840692839,1.6297215627254913,0.9404255949307712,0.23249138920780715,0.3863982517801177,0.3795120618437914
"frozenset({'60 TEATIME FAIRY CAKE CASES', 'PACK OF 60 DINOSAUR CAKE CASES'})",frozenset({'PACK OF 60 PINK PAISLEY CAKE CASES'}),0.018092156924333323,0.049564971573954834,0.01001978829663599,0.5538194444444444,11.173605610125334,1.0,0.009123051052969879,2.1301578847214087,0.9272798670792645,0.17384196185286102,0.5305512294780983,0.37798703527672156
frozenset({'PACK OF 60 PINK PAISLEY CAKE CASES'}),"frozenset({'60 TEATIME FAIRY CAKE CASES', 'PACK OF 60 DINOSAUR CAKE CASES'})",0.049564971573954834,0.018092156924333323,0.01001978829663599,0.20215462610899873,11.173605610125334,1.0,0.009123051052969879,1.2306994252370151,0.9579859190576321,0.17384196185286102,0.18745391482781076,0.37798703527672156
frozenset({'PLASTERS IN TIN WOODLAND ANIMALS'}),frozenset({'PLASTERS IN TIN VINTAGE PAISLEY '}),0.0344567641423501,0.0311273047083582,0.011841567986933442,0.3436645396536007,11.040613470183336,1.0,0.01076902179021048,1.4761852037985153,0.9418794406410228,0.22033898305084743,0.32257822566788846,0.36204417699128066
frozenset({'PLASTERS IN TIN VINTAGE PAISLEY '}),frozenset({'PLASTERS IN TIN WOODLAND ANIMALS'}),0.0311273047083582,0.0344567641423501,0.011841567986933442,0.3804238143289606,11.040613470183334,1.0,0.01076902179021048,1.5583930728581938,0.9386427415322908,0.22033898305084743,0.3583133694466857,0.36204417699128066
frozenset({'FELTCRAFT BUTTERFLY HEARTS'}),frozenset({'FELTCRAFT 6 FLOWER FRIENDS'}),0.03222665452146873,0.03734648365109778,0.013286427741307285,0.412280701754386,11.039344576748855,1.0,0.012082875515091676,1.6379477740861919,0.9396982426143744,0.23604910714285715,0.3894799237064209,0.38402092278636035
frozenset({'FELTCRAFT 6 FLOWER FRIENDS'}),frozenset({'FELTCRAFT BUTTERFLY HEARTS'}),0.03734648365109778,0.03222665452146873,0.013286427741307285,0.35576114381833474,11.039344576748853,1.0,0.012082875515091676,1.5021964853446133,0.9446959851602548,0.23604910714285715,0.33430812163656887,0.38402092278636035
frozenset({'LUNCH BAG WOODLAND'}),"frozenset({'LUNCH BAG SPACEBOY DESIGN ', 'LUNCH BAG CARS BLUE'})",0.04978484153657694,0.021892766278229732,0.012030027954895248,0.24164037854889592,11.037452986888379,1.0,0.010940100054936265,1.2897670261638983,0.9570457590530232,0.2016850974196946,0.22466617636034683,0.3955691132342758
"frozenset({'LUNCH BAG SPACEBOY DESIGN ', 'LUNCH BAG CARS BLUE'})",frozenset({'LUNCH BAG WOODLAND'}),0.021892766278229732,0.04978484153657694,0.012030027954895248,0.5494978479196557,11.037452986888377,1.0,0.010940100054936265,2.109235558754796,0.9297542807601819,0.2016850974196946,0.5258945849602698,0.3955691132342758
"frozenset({'HEART OF WICKER SMALL', 'WHITE HANGING HEART T-LIGHT HOLDER'})",frozenset({'HEART OF WICKER LARGE'}),0.017872286961711215,0.05474762069290448,0.010710808179162609,0.5992970123022847,10.946539862689523,1.0,0.009732342991668102,2.358985104498848,0.9251820511502676,0.1730086250634196,0.5760888875080693,0.3974683569830414
frozenset({'CHOCOLATE THIS WAY METAL SIGN'}),frozenset({'HAND OVER THE CHOCOLATE   SIGN '}),0.025159405722901027,0.04083299305839118,0.011181958099067123,0.4444444444444445,10.884444444444446,1.0,0.010154624259830658,1.7265006124948958,0.9315633457919834,0.20401146131805156,0.4207937183671539,0.35914529914529914
frozenset({'HAND OVER THE CHOCOLATE   SIGN '}),frozenset({'CHOCOLATE THIS WAY METAL SIGN'}),0.04083299305839118,0.025159405722901027,0.011181958099067123,0.27384615384615385,10.884444444444444,1.0,0.010154624259830658,1.3424711573731236,0.9467858663260962,0.20401146131805156,0.2551050393091893,0.35914529914529914
"frozenset({'WOODEN PICTURE FRAME WHITE FINISH', 'WOODEN FRAME ANTIQUE WHITE '})",frozenset({'WOOD 2 DRAWER CABINET WHITE FINISH'}),0.0311901246976788,0.03307472437729685,0.011213368093727425,0.35951661631419946,10.86982954757376,1.0,0.01018176331605818,1.509680501090164,0.9372347045419128,0.21136767317939614,0.3376081897607578,0.34927397767276924
frozenset({'WOOD 2 DRAWER CABINET WHITE FINISH'}),"frozenset({'WOODEN PICTURE FRAME WHITE FINISH', 'WOODEN FRAME ANTIQUE WHITE '})",0.03307472437729685,0.0311901246976788,0.011213368093727425,0.3390313390313391,10.86982954757376,1.0,0.01018176331605818,1.4657425268582533,0.9390614353849648,0.21136767317939614,0.31775193686748615,0.34927397767276924
frozenset({'COOK WITH WINE METAL SIGN '}),frozenset({'GIN + TONIC DIET METAL SIGN'}),0.03847724345886861,0.043502842604516756,0.018123566918993625,0.47102040816326535,10.827347822883667,1.0,0.01644969745294679,1.8081929287183136,0.943962347770417,0.28381701918347274,0.446961668681659,0.4438134531791056
frozenset({'GIN + TONIC DIET METAL SIGN'}),frozenset({'COOK WITH WINE METAL SIGN '}),0.043502842604516756,0.03847724345886861,0.018123566918993625,0.4166064981949459,10.827347822883667,1.0,0.01644969745294679,1.6481547250117166,0.9489220868891372,0.28381701918347274,0.39326084813251316,0.4438134531791056
frozenset({'WOODEN FRAME ANTIQUE WHITE '}),frozenset({'WOODEN PICTURE FRAME WHITE FINISH'}),0.05568992053271351,0.0520777711467789,0.0311901246976788,0.560067681895093,10.754448002710541,1.0,0.028289917760993842,2.1547001432778985,0.9605057046478087,0.40730106644790814,0.5358982997612273,0.5794910182696213
frozenset({'WOODEN PICTURE FRAME WHITE FINISH'}),frozenset({'WOODEN FRAME ANTIQUE WHITE '}),0.0520777711467789,0.05568992053271351,0.0311901246976788,0.5989143546441495,10.754448002710541,1.0,0.028289917760993842,2.354385130461295,0.9568456047096233,0.40730106644790814,0.5752606542311665,0.5794910182696213
frozenset({'HOT WATER BOTTLE TEA AND SYMPATHY'}),frozenset({'CHOCOLATE HOT WATER BOTTLE'}),0.040770173069070575,0.045450262273455416,0.019474196689386564,0.477657935285054,10.509464882978758,1.0,0.01762118163046314,1.8274418282729428,0.9433064436907224,0.291764705882353,0.4527869590546319,0.45306531871370875
frozenset({'CHOCOLATE HOT WATER BOTTLE'}),frozenset({'HOT WATER BOTTLE TEA AND SYMPATHY'}),0.045450262273455416,0.040770173069070575,0.019474196689386564,0.4284727021423635,10.509464882978758,1.0,0.01762118163046314,1.6783622243882164,0.9479314078272777,0.291764705882353,0.40418106087646705,0.45306531871370875
frozenset({'LUNCH BAG RED RETROSPOT'}),frozenset({'LUNCH BAG SUKI DESIGN '}),0.04774319188365738,0.028237585199610515,0.014134497597135408,0.29605263157894735,10.484346642468239,1.0,0.01278634514861928,1.3804475425201794,0.94997452840907,0.22854240731335704,0.2755972471258306,0.39830440255254373
frozenset({'LUNCH BAG SUKI DESIGN '}),frozenset({'LUNCH BAG RED RETROSPOT'}),0.028237585199610515,0.04774319188365738,0.014134497597135408,0.5005561735261401,10.484346642468239,1.0,0.01278634514861928,1.9066344554489798,0.9309062569583612,0.22854240731335704,0.47551561488774363,0.39830440255254373
frozenset({'PACK OF 60 DINOSAUR CAKE CASES'}),frozenset({'72 SWEETHEART FAIRY CAKE CASES'}),0.03558752395012093,0.036938153720513865,0.013631937682570594,0.383053839364519,10.370140377421931,1.0,0.01231740025236856,1.561014408919396,0.9369116559363916,0.23146666666666668,0.35939092279600116,0.376050729206069
frozenset({'72 SWEETHEART FAIRY CAKE CASES'}),frozenset({'PACK OF 60 DINOSAUR CAKE CASES'}),0.036938153720513865,0.03558752395012093,0.013631937682570594,0.36904761904761907,10.370140377421931,1.0,0.01231740025236856,1.5285027922299972,0.938225611815367,0.23146666666666668,0.3457650158812874,0.376050729206069
"frozenset({""PAPER CHAIN KIT 50'S CHRISTMAS ""})",frozenset({'PAPER CHAIN KIT VINTAGE CHRISTMAS'}),0.05311430097056884,0.03872852341615102,0.021327386374344316,0.4015375517445299,10.368005705507379,1.0,0.01927034792547315,1.6062352439755818,0.9542328463920359,0.3024498886414254,0.3774261872595281,0.47611346362571183
frozenset({'PAPER CHAIN KIT VINTAGE CHRISTMAS'}),"frozenset({""PAPER CHAIN KIT 50'S CHRISTMAS ""})",0.03872852341615102,0.05311430097056884,0.021327386374344316,0.5506893755068938,10.368005705507379,1.0,0.01927034792547315,2.107418893327236,0.9399524045005331,0.3024498886414254,0.5254858902677959,0.47611346362571183
frozenset({'LUNCH BAG WOODLAND'}),"frozenset({'LUNCH BAG CARS BLUE', 'LUNCH BAG  BLACK SKULL.'})",0.04978484153657694,0.023274806043282973,0.011998617960234947,0.24100946372239748,10.35495046765178,1.0,0.01083988542957554,1.2868740086628399,0.9507613360165534,0.19650205761316872,0.22292315077598307,0.3782645159367723
"frozenset({'LUNCH BAG CARS BLUE', 'LUNCH BAG  BLACK SKULL.'})",frozenset({'LUNCH BAG WOODLAND'}),0.023274806043282973,0.04978484153657694,0.011998617960234947,0.5155195681511471,10.35495046765178,1.0,0.01083988542957554,1.9613076112016614,0.9249560051830711,0.19650205761316872,0.4901360733580613,0.3782645159367723
frozenset({'PACK OF 72 SKULL CAKE CASES'}),frozenset({'PACK OF 60 DINOSAUR CAKE CASES'}),0.036309953827307846,0.03558752395012093,0.013286427741307285,0.3659169550173011,10.28216954711899,1.0,0.011994246389850182,1.520956101382893,0.9367578967677996,0.2266881028938907,0.34251882806428524,0.3696310282588712
frozenset({'PACK OF 60 DINOSAUR CAKE CASES'}),frozenset({'PACK OF 72 SKULL CAKE CASES'}),0.03558752395012093,0.036309953827307846,0.013286427741307285,0.3733451015004413,10.282169547118988,1.0,0.011994246389850182,1.5378321441037468,0.9360561826059426,0.2266881028938907,0.3497339720501141,0.3696310282588712
"frozenset({'LUNCH BAG WOODLAND', 'LUNCH BAG  BLACK SKULL.'})",frozenset({'LUNCH BAG CARS BLUE'}),0.020950466438420707,0.056443760404560735,0.011998617960234947,0.5727136431784108,10.146624517457465,1.0,0.010816094852220938,2.208252673018098,0.920734882345926,0.1834774255523535,0.5471532709011672,0.39264507979733004
frozenset({'LUNCH BAG CARS BLUE'}),"frozenset({'LUNCH BAG WOODLAND', 'LUNCH BAG  BLACK SKULL.'})",0.056443760404560735,0.020950466438420707,0.011998617960234947,0.21257651641624928,10.146624517457463,1.0,0.010816094852220938,1.2433583122333272,0.9553697164687921,0.1834774255523535,0.19572661383202206,0.39264507979733004
frozenset({'HOT WATER BOTTLE TEA AND SYMPATHY'}),frozenset({'HOT WATER BOTTLE I AM SO POORLY'}),0.040770173069070575,0.02559914564814524,0.010553758205861106,0.25885978428351314,10.112047794152403,1.0,0.009510076607365879,1.3147321298843115,0.9394078843757943,0.1890827236916151,0.23938878706189826,0.33556486146691
frozenset({'HOT WATER BOTTLE I AM SO POORLY'}),frozenset({'HOT WATER BOTTLE TEA AND SYMPATHY'}),0.02559914564814524,0.040770173069070575,0.010553758205861106,0.4122699386503068,10.112047794152403,1.0,0.009510076607365879,1.6320925030244415,0.924781683352214,0.1890827236916151,0.3872896308592232,0.33556486146691
"frozenset({'LUNCH BAG SPACEBOY DESIGN ', 'LUNCH BAG  BLACK SKULL.'})",frozenset({'LUNCH BAG WOODLAND'}),0.024311335867072903,0.04978484153657694,0.01209284794421585,0.49741602067183466,9.991314731942714,1.0,0.010882511940531126,1.8906594669683534,0.922336299376508,0.19503546099290778,0.47108402254823484,0.3701591144368637
frozenset({'LUNCH BAG WOODLAND'}),"frozenset({'LUNCH BAG SPACEBOY DESIGN ', 'LUNCH BAG  BLACK SKULL.'})",0.04978484153657694,0.024311335867072903,0.01209284794421585,0.24290220820189276,9.991314731942714,1.0,0.010882511940531126,1.2887221105422413,0.9470624245515161,0.19503546099290778,0.22403752382331585,0.3701591144368637
frozenset({'COOK WITH WINE METAL SIGN '}),frozenset({'HAND OVER THE CHOCOLATE   SIGN '}),0.03847724345886861,0.04083299305839118,0.01564217734082985,0.40653061224489795,9.955934693877552,1.0,0.014071036325767842,1.6162030034435637,0.9355549730609358,0.2456832757770103,0.3812658447798021,0.3948037676609105
frozenset({'HAND OVER THE CHOCOLATE   SIGN '}),frozenset({'COOK WITH WINE METAL SIGN '}),0.04083299305839118,0.03847724345886861,0.01564217734082985,0.38307692307692304,9.95593469387755,1.0,0.014071036325767842,1.5585780342936046,0.9378527306330474,0.2456832757770103,0.3583895204494969,0.3948037676609105
frozenset({'LUNCH BAG RED SPOTTY'}),frozenset({'LUNCH BAG SUKI  DESIGN '}),0.03326318434525866,0.03370292427050287,0.011119138109746522,0.3342776203966005,9.918356570891493,1.0,0.009998071526762492,1.4515015648192018,0.9301154467586907,0.19910011248593926,0.3110582694242157,0.3320968717080859
frozenset({'LUNCH BAG SUKI  DESIGN '}),frozenset({'LUNCH BAG RED SPOTTY'}),0.03370292427050287,0.03326318434525866,0.011119138109746522,0.3299161230195713,9.918356570891493,1.0,0.009998071526762492,1.4427101574374652,0.9305387212436285,0.19910011248593926,0.30686008215524374,0.3320968717080859
frozenset({'PACK OF 60 SPACEBOY CAKE CASES'}),frozenset({'PACK OF 72 SKULL CAKE CASES'}),0.028614505135534127,0.036309953827307846,0.010271068253918396,0.3589462129527991,9.885614690119608,1.0,0.00923207689365589,1.5032904658618538,0.9253204996992921,0.1879310344827586,0.3347925615781189,0.3209090926355691
frozenset({'PACK OF 72 SKULL CAKE CASES'}),frozenset({'PACK OF 60 SPACEBOY CAKE CASES'}),0.036309953827307846,0.028614505135534127,0.010271068253918396,0.2828719723183391,9.885614690119606,1.0,0.00923207689365589,1.3545496164816917,0.9327095522864414,0.1879310344827586,0.26174723477652984,0.3209090926355691
frozenset({'LUNCH BAG SPACEBOY DESIGN '}),frozenset({'LUNCH BAG DOLLY GIRL DESIGN'}),0.0588623299934039,0.02738951534378239,0.015830637308791657,0.2689434364994664,9.819211224579716,1.0,0.014218426618266538,1.3304175534640523,0.9543330954738357,0.2247992863514719,0.24835627927768486,0.4234625439378066
frozenset({'LUNCH BAG DOLLY GIRL DESIGN'}),frozenset({'LUNCH BAG SPACEBOY DESIGN '}),0.02738951534378239,0.0588623299934039,0.015830637308791657,0.5779816513761468,9.819211224579714,1.0,0.014218426618266538,2.2300870876243253,0.9234517209650425,0.2247992863514719,0.5515870184848775,0.4234625439378066
frozenset({'LUNCH BAG SPACEBOY DESIGN '}),"frozenset({'LUNCH BAG WOODLAND', 'LUNCH BAG  BLACK SKULL.'})",0.0588623299934039,0.020950466438420707,0.01209284794421585,0.20544290288153683,9.806125485816324,1.0,0.010859654675201797,1.2321953162487573,0.9541886941947016,0.17857142857142858,0.18844034966440448,0.39132714859219264
"frozenset({'LUNCH BAG WOODLAND', 'LUNCH BAG  BLACK SKULL.'})",frozenset({'LUNCH BAG SPACEBOY DESIGN '}),0.020950466438420707,0.0588623299934039,0.01209284794421585,0.5772113943028485,9.806125485816322,1.0,0.010859654675201797,2.226024205299289,0.9172395201846597,0.17857142857142858,0.5507685866041381,0.39132714859219264
frozenset({'PLASTERS IN TIN VINTAGE PAISLEY '}),frozenset({'PLASTERS IN TIN CIRCUS PARADE '}),0.0311273047083582,0.034550994126330996,0.010333888243238998,0.33198789101917253,9.608634987615815,1.0,0.009258408921091999,1.445256744442305,0.9247106963566631,0.18671963677639042,0.3080814160906203,0.3155394000550408
frozenset({'PLASTERS IN TIN CIRCUS PARADE '}),frozenset({'PLASTERS IN TIN VINTAGE PAISLEY '}),0.034550994126330996,0.0311273047083582,0.010333888243238998,0.2990909090909091,9.608634987615815,1.0,0.009258408921091999,1.3823086443849624,0.9279899189842089,0.18671963677639042,0.2765725628194019,0.3155394000550408
frozenset({'PACK OF 60 PINK PAISLEY CAKE CASES'}),frozenset({'PACK OF 60 MUSHROOM CAKE CASES'}),0.049564971573954834,0.022395326192794548,0.010616578195181707,0.21419518377693283,9.564280597343913,1.0,0.0095065544890464,1.2440807865062664,0.9421415233494029,0.17306707629288276,0.19619367902281873,0.34412423985480584
frozenset({'PACK OF 60 MUSHROOM CAKE CASES'}),frozenset({'PACK OF 60 PINK PAISLEY CAKE CASES'}),0.022395326192794548,0.049564971573954834,0.010616578195181707,0.4740532959326788,9.564280597343913,1.0,0.0095065544890464,1.807093800714054,0.9159574718875975,0.17306707629288276,0.4466252943788193,0.34412423985480584
frozenset({'NO SINGING METAL SIGN'}),frozenset({'HAND OVER THE CHOCOLATE   SIGN '}),0.03046769482049188,0.04083299305839118,0.011841567986933442,0.388659793814433,9.518278350515464,1.0,0.010597480815823117,1.568957835975313,0.9230625721253476,0.19915478077126259,0.3626342422526805,0.3393298969072165
frozenset({'HAND OVER THE CHOCOLATE   SIGN '}),frozenset({'NO SINGING METAL SIGN'}),0.04083299305839118,0.03046769482049188,0.011841567986933442,0.29,9.518278350515464,1.0,0.010597480815823117,1.3655384579993073,0.9330377055307694,0.19915478077126259,0.26768814591635076,0.3393298969072165
frozenset({'LUNCH BAG SPACEBOY DESIGN '}),"frozenset({'LUNCH BAG WOODLAND', 'LUNCH BAG CARS BLUE'})",0.0588623299934039,0.021704306310267926,0.012030027954895248,0.20437566702241197,9.416364849482678,1.0,0.010752461914582338,1.2295949899225742,0.9497036771809687,0.17552703941338224,0.18672407728095194,0.3793224210654752
"frozenset({'LUNCH BAG WOODLAND', 'LUNCH BAG CARS BLUE'})",frozenset({'LUNCH BAG SPACEBOY DESIGN '}),0.021704306310267926,0.0588623299934039,0.012030027954895248,0.5542691751085385,9.416364849482678,1.0,0.010752461914582338,2.1114484739433705,0.9136316470613679,0.17552703941338224,0.5263914737486413,0.3793224210654752
frozenset({'LUNCH BAG APPLE DESIGN'}),frozenset({'LUNCH BAG RED RETROSPOT'}),0.027201055375820585,0.04774319188365738,0.012218487922857053,0.4491916859122402,9.408497173939468,1.0,0.01091982271661126,1.728835211381033,0.9187027851496204,0.19479218828242367,0.42157587176791866,0.3525563692719096
frozenset({'LUNCH BAG RED RETROSPOT'}),frozenset({'LUNCH BAG APPLE DESIGN'}),0.04774319188365738,0.027201055375820585,0.012218487922857053,0.25592105263157894,9.408497173939468,1.0,0.01091982271661126,1.307386733712425,0.9385210924190683,0.19479218828242367,0.23511538383105418,0.3525563692719096
"frozenset({'HEART OF WICKER LARGE', 'WHITE HANGING HEART T-LIGHT HOLDER'})",frozenset({'HEART OF WICKER SMALL'}),0.02041649652919559,0.05587838050067531,0.010710808179162609,0.5246153846153846,9.388521641371558,1.0,0.009569967417613501,1.9860163516976086,0.9121090288108805,0.16331417624521072,0.4964794730188303,0.3581480520603623
"frozenset({'LUNCH BAG SPACEBOY DESIGN ', 'LUNCH BAG WOODLAND'})",frozenset({'LUNCH BAG CARS BLUE'}),0.02280365612337846,0.056443760404560735,0.012030027954895248,0.5275482093663912,9.346439811684917,1.0,0.010742903852319281,1.997148192263233,0.9138464286011018,0.1789719626168224,0.4992860300132423,0.3703406044049541
frozenset({'LUNCH BAG CARS BLUE'}),"frozenset({'LUNCH BAG SPACEBOY DESIGN ', 'LUNCH BAG WOODLAND'})",0.056443760404560735,0.02280365612337846,0.012030027954895248,0.21313299944351696,9.346439811684917,1.0,0.010742903852319281,1.2418824822816754,0.9464273049337176,0.1789719626168224,0.1947708303584986,0.3703406044049541
frozenset({'PLEASE ONE PERSON METAL SIGN'}),frozenset({'COOK WITH WINE METAL SIGN '}),0.04394258252976097,0.03847724345886861,0.015799227314131355,0.359542530378842,9.34429023646628,1.0,0.014108437867922315,1.501306179019021,0.9340263040980087,0.23715228665723714,0.33391335226941044,0.3850773876384006
frozenset({'COOK WITH WINE METAL SIGN '}),frozenset({'PLEASE ONE PERSON METAL SIGN'}),0.03847724345886861,0.04394258252976097,0.015799227314131355,0.41061224489795917,9.34429023646628,1.0,0.014108437867922315,1.6221195795028294,0.9287172561131317,0.23715228665723714,0.3835226375194273,0.3850773876384006
"frozenset({'LUNCH BAG PINK POLKADOT', 'LUNCH BAG RED RETROSPOT'})",frozenset({'LUNCH BAG  BLACK SKULL.'}),0.019537016678707164,0.06272575933662092,0.011433238056349531,0.5852090032154341,9.329643983660377,1.0,0.010207763850005396,2.2596301460954336,0.9106052845120601,0.16141906873614192,0.5574496995767351,0.3837412066653034
"frozenset({'LUNCH BAG PINK POLKADOT', 'LUNCH BAG RED RETROSPOT'})",frozenset({'LUNCH BAG CARS BLUE'}),0.019537016678707164,0.056443760404560735,0.010271068253918396,0.5257234726688103,9.31411140754419,1.0,0.009168325565485542,1.9894643424690277,0.9104229764859578,0.15630975143403442,0.49735213712905835,0.35384671129266887
frozenset({'SET OF 20 VINTAGE CHRISTMAS NAPKINS'}),frozenset({'PAPER CHAIN KIT VINTAGE CHRISTMAS'}),0.02792348525300751,0.03872852341615102,0.01001978829663599,0.35883014623172105,9.265267936398462,1.0,0.008938352944154342,1.4992462152334067,0.9176952906746598,0.17692734331669444,0.33299814944384076,0.3087743594094534
frozenset({'PAPER CHAIN KIT VINTAGE CHRISTMAS'}),frozenset({'SET OF 20 VINTAGE CHRISTMAS NAPKINS'}),0.03872852341615102,0.02792348525300751,0.01001978829663599,0.2587185725871857,9.26526793639846,1.0,0.008938352944154342,1.3113461079683169,0.9280105167886346,0.17692734331669444,0.23742481567333049,0.3087743594094534
frozenset({'RETROSPOT HEART HOT WATER BOTTLE'}),frozenset({'SCOTTIE DOG HOT WATER BOTTLE'}),0.02559914564814524,0.045764362220058426,0.010836448157803814,0.4233128834355829,9.249836835922205,1.0,0.009664919583838062,1.654685201682239,0.9153214315413372,0.17903476907109495,0.3956554400901465,0.33005040190996715
frozenset({'SCOTTIE DOG HOT WATER BOTTLE'}),frozenset({'RETROSPOT HEART HOT WATER BOTTLE'}),0.045764362220058426,0.02559914564814524,0.010836448157803814,0.2367879203843514,9.249836835922203,1.0,0.009664919583838062,1.2767104719340399,0.9346643005028098,0.17903476907109495,0.21673705825790068,0.33005040190996715
frozenset({'LOVE BUILDING BLOCK WORD'}),frozenset({'HOME BUILDING BLOCK WORD'}),0.04664384207054685,0.05751170022301096,0.024688255802996512,0.5292929292929293,9.203221731239207,1.0,0.022005689140585753,2.002282010255835,0.9349521592953115,0.31067193675889326,0.5005698523594945,0.47928327513253777
frozenset({'HOME BUILDING BLOCK WORD'}),frozenset({'LOVE BUILDING BLOCK WORD'}),0.05751170022301096,0.04664384207054685,0.024688255802996512,0.42927362097214633,9.203221731239207,1.0,0.022005689140585753,1.6704259570993576,0.9457331180074418,0.31067193675889326,0.40135029885642537,0.47928327513253777
frozenset({'PACK OF 60 DINOSAUR CAKE CASES'}),frozenset({'60 TEATIME FAIRY CAKE CASES'}),0.03558752395012093,0.0554386405754311,0.018092156924333323,0.5083848190644307,9.170225203713473,1.0,0.016119232975093024,1.9213429447541048,0.9238281815434833,0.24806201550387597,0.4795307091165961,0.4173652140647932
frozenset({'60 TEATIME FAIRY CAKE CASES'}),frozenset({'PACK OF 60 DINOSAUR CAKE CASES'}),0.0554386405754311,0.03558752395012093,0.018092156924333323,0.3263456090651558,9.170225203713473,1.0,0.016119232975093024,1.43161313728178,0.9432435649810826,0.24806201550387597,0.30148727057736335,0.4173652140647932
frozenset({'GIN + TONIC DIET METAL SIGN'}),frozenset({'HAND OVER THE CHOCOLATE   SIGN '}),0.043502842604516756,0.04083299305839118,0.016238967239375568,0.37328519855595665,9.141754512635378,1.0,0.014462615969285051,1.5304680928734196,0.931118091547061,0.23846863468634685,0.34660513038039076,0.38548875312413217
frozenset({'HAND OVER THE CHOCOLATE   SIGN '}),frozenset({'GIN + TONIC DIET METAL SIGN'}),0.04083299305839118,0.043502842604516756,0.016238967239375568,0.3976923076923077,9.141754512635378,1.0,0.014462615969285051,1.5880540288813898,0.9285263163962112,0.23846863468634685,0.3702985025614081,0.38548875312413217
frozenset({'HEART OF WICKER SMALL'}),frozenset({'HEART OF WICKER LARGE'}),0.05587838050067531,0.05474762069290448,0.02729528535980149,0.48847667228780217,8.922336096171405,1.0,0.024236076979216727,1.847916464601454,0.9404738870404826,0.3275537127779872,0.45884999719634345,0.49352118181228893
frozenset({'HEART OF WICKER LARGE'}),frozenset({'HEART OF WICKER SMALL'}),0.05474762069290448,0.05587838050067531,0.02729528535980149,0.4985656913367757,8.922336096171405,1.0,0.024236076979216727,1.8828420855690198,0.9393488435124222,0.3275537127779872,0.46888801367652294,0.49352118181228893
frozenset({'NO SINGING METAL SIGN'}),frozenset({'GIN + TONIC DIET METAL SIGN'}),0.03046769482049188,0.043502842604516756,0.011684518013631937,0.3835051546391753,8.815634374185866,1.0,0.010359086681333628,1.5515087670127403,0.9144256088643925,0.18759455370650527,0.3554660977356963,0.32604860620045406
frozenset({'GIN + TONIC DIET METAL SIGN'}),frozenset({'NO SINGING METAL SIGN'}),0.043502842604516756,0.03046769482049188,0.011684518013631937,0.26859205776173284,8.815634374185864,1.0,0.010359086681333628,1.3255698348209466,0.9268874053860897,0.18759455370650527,0.24560745595491262,0.32604860620045406
"frozenset({'LUNCH BAG WOODLAND', 'LUNCH BAG CARS BLUE'})",frozenset({'LUNCH BAG  BLACK SKULL.'}),0.021704306310267926,0.06272575933662092,0.011998617960234947,0.5528219971056441,8.81331693633069,1.0,0.010637198866048778,2.0959757291210193,0.9062038674131594,0.16565481352992192,0.5228952386679755,0.37205446375061874
frozenset({'PAINTED METAL PEARS ASSORTED'}),frozenset({'ASSORTED COLOUR BIRD ORNAMENT'}),0.02242673618745485,0.083299305839118,0.016396017212677073,0.7310924369747899,8.776693030153238,1.0,0.014527885656025056,3.4089807064107793,0.9063892209664214,0.18354430379746836,0.7066571840317418,0.4639625080801551
frozenset({'60 TEATIME FAIRY CAKE CASES'}),frozenset({'72 SWEETHEART FAIRY CAKE CASES'}),0.0554386405754311,0.036938153720513865,0.01793510695103182,0.3235127478753541,8.758227341928274,1.0,0.01588730592340023,1.4236215734365938,0.93781270543224,0.24092827004219408,0.2975661378985568,0.40452848278121445
frozenset({'72 SWEETHEART FAIRY CAKE CASES'}),frozenset({'60 TEATIME FAIRY CAKE CASES'}),0.036938153720513865,0.0554386405754311,0.01793510695103182,0.48554421768707484,8.758227341928272,1.0,0.01588730592340023,1.8360399317079221,0.9197972563764497,0.24092827004219408,0.45534953639609616,0.40452848278121445
frozenset({'PLEASE ONE PERSON METAL SIGN'}),frozenset({'LADIES & GENTLEMEN METAL SIGN'}),0.04394258252976097,0.02792348525300751,0.01074221817382291,0.2444603288062902,8.754649593032465,1.0,0.009515188118574065,1.2865989064626704,0.9264872241492532,0.17574511819116134,0.2227569952244365,0.31458112053362874
frozenset({'LADIES & GENTLEMEN METAL SIGN'}),frozenset({'PLEASE ONE PERSON METAL SIGN'}),0.02792348525300751,0.04394258252976097,0.01074221817382291,0.38470191226096734,8.754649593032463,1.0,0.009515188118574065,1.553811780861138,0.9112194044414814,0.17574511819116134,0.3564214068155732,0.31458112053362874
frozenset({'WICKER STAR '}),frozenset({'HEART OF WICKER LARGE'}),0.022615196155416652,0.05474762069290448,0.010836448157803814,0.47916666666666674,8.752282941288968,1.0,0.009598319976791432,1.8148845682696235,0.9062388656557091,0.16288951841359772,0.44900076981015047,0.33855063109581185
frozenset({'PACK OF 60 DINOSAUR CAKE CASES'}),frozenset({'PACK OF 60 PINK PAISLEY CAKE CASES'}),0.03558752395012093,0.049564971573954834,0.015328077394226843,0.43071491615180935,8.689905440763722,1.0,0.013564182781251662,1.669523856134433,0.9175782885126303,0.21952316689158793,0.40102682790327354,0.3699835670746372
frozenset({'PACK OF 60 PINK PAISLEY CAKE CASES'}),frozenset({'PACK OF 60 DINOSAUR CAKE CASES'}),0.049564971573954834,0.03558752395012093,0.015328077394226843,0.3092522179974651,8.689905440763722,1.0,0.013564182781251662,1.3961861350520266,0.9310725328164117,0.21952316689158793,0.28376312090884886,0.3699835670746372
frozenset({'LUNCH BAG SPACEBOY DESIGN '}),"frozenset({'LUNCH BAG CARS BLUE', 'LUNCH BAG  BLACK SKULL.'})",0.0588623299934039,0.023274806043282973,0.011904387976254044,0.2022411953041622,8.689275215787601,1.0,0.01053437866240185,1.224336463862801,0.9402615908785302,0.16949910554561715,0.18323105656350053,0.3568560902296789
"frozenset({'LUNCH BAG CARS BLUE', 'LUNCH BAG  BLACK SKULL.'})",frozenset({'LUNCH BAG SPACEBOY DESIGN '}),0.023274806043282973,0.0588623299934039,0.011904387976254044,0.5114709851551956,8.689275215787601,1.0,0.01053437866240185,1.9264724129140542,0.9060026385224275,0.16949910554561715,0.4809165221902334,0.3568560902296789
frozenset({'LUNCH BAG CARS BLUE'}),"frozenset({'LUNCH BAG SPACEBOY DESIGN ', 'LUNCH BAG  BLACK SKULL.'})",0.056443760404560735,0.024311335867072903,0.011904387976254044,0.21090706733444628,8.67525620507334,1.0,0.010532164759458177,1.2364686385379902,0.9376543676153871,0.1729014598540146,0.1912451567049791,0.35028557501089236
"frozenset({'LUNCH BAG SPACEBOY DESIGN ', 'LUNCH BAG  BLACK SKULL.'})",frozenset({'LUNCH BAG CARS BLUE'}),0.024311335867072903,0.056443760404560735,0.011904387976254044,0.48966408268733846,8.67525620507334,1.0,0.010532164759458177,1.8488924796123287,0.906774529284558,0.1729014598540146,0.45913566579616494,0.35028557501089236
"frozenset({'LUNCH BAG SPACEBOY DESIGN ', 'LUNCH BAG CARS BLUE'})",frozenset({'LUNCH BAG  BLACK SKULL.'}),0.021892766278229732,0.06272575933662092,0.011904387976254044,0.5437589670014347,8.668830361754969,1.0,0.010531147587472915,2.054340080950865,0.9044449867226569,0.16371490280777537,0.5132256780303175,0.36677182200847896
frozenset({'LUNCH BAG DOLLY GIRL DESIGN'}),frozenset({'LUNCH BAG RED RETROSPOT'}),0.02738951534378239,0.04774319188365738,0.011276188083048026,0.411697247706422,8.623161365282472,1.0,0.009968525196389445,1.6186509486889877,0.9089283569777542,0.17658632562715199,0.38220157915457853,0.3239407291163689
frozenset({'LUNCH BAG RED RETROSPOT'}),frozenset({'LUNCH BAG DOLLY GIRL DESIGN'}),0.04774319188365738,0.02738951534378239,0.011276188083048026,0.2361842105263158,8.623161365282472,1.0,0.009968525196389445,1.2733573959323434,0.9283559248545752,0.17658632562715199,0.2146745264177722,0.3239407291163689
frozenset({'JUMBO STORAGE BAG SKULLS'}),frozenset({'JUMBO STORAGE BAG SUKI'}),0.03131576467632,0.053836730847755754,0.014448597543738418,0.46138415245737213,8.570062579804759,1.0,0.01276265914956772,1.7566569447761404,0.9118706648621214,0.20435362061306092,0.4307368874874799,0.36488110773393695
frozenset({'JUMBO STORAGE BAG SUKI'}),frozenset({'JUMBO STORAGE BAG SKULLS'}),0.053836730847755754,0.03131576467632,0.014448597543738418,0.26837806301050177,8.570062579804759,1.0,0.01276265914956772,1.3240229500357157,0.9335753844022118,0.20435362061306092,0.24472608275179458,0.36488110773393695
"frozenset({'LUNCH BAG WOODLAND', 'LUNCH BAG SPACEBOY DESIGN '})",frozenset({'LUNCH BAG  BLACK SKULL.'}),0.02280365612337846,0.06272575933662092,0.01209284794421585,0.5303030303030303,8.454310253258674,1.0,0.010662471298225751,1.9954870930252586,0.9022927122698908,0.16467065868263475,0.4988692217076935,0.36154610703934686
frozenset({'PACK OF 60 PINK PAISLEY CAKE CASES'}),frozenset({'60 TEATIME FAIRY CAKE CASES'}),0.049564971573954834,0.0554386405754311,0.023117756069981468,0.4664131812420786,8.41314246527142,1.0,0.020369941425761526,1.7702111937909382,0.9270895148694531,0.2823168392788646,0.4350956521416619,0.4417051741904444
frozenset({'60 TEATIME FAIRY CAKE CASES'}),frozenset({'PACK OF 60 PINK PAISLEY CAKE CASES'}),0.0554386405754311,0.049564971573954834,0.023117756069981468,0.4169971671388102,8.413142465271418,1.0,0.020369941425761526,1.6302408407890863,0.9328545367928566,0.2823168392788646,0.38659370138465576,0.4417051741904444
frozenset({'JUMBO BAG SPACEBOY DESIGN'}),frozenset({'JUMBO STORAGE BAG SUKI'}),0.03049910481515218,0.053836730847755754,0.013569117693249992,0.4449021627188466,8.26391490926483,1.0,0.011927145596219152,1.7044982084356755,0.906643802001963,0.19174434087882825,0.41331707182152905,0.3484720848600067
frozenset({'JUMBO STORAGE BAG SUKI'}),frozenset({'JUMBO BAG SPACEBOY DESIGN'}),0.053836730847755754,0.03049910481515218,0.013569117693249992,0.25204200700116686,8.263914909264829,1.0,0.011927145596219152,1.2961969846699135,0.9290066591173718,0.19174434087882825,0.22851232349174333,0.3484720848600067
frozenset({'WOOD 2 DRAWER CABINET WHITE FINISH'}),frozenset({'WOODEN PICTURE FRAME WHITE FINISH'}),0.03307472437729685,0.0520777711467789,0.01419731758645601,0.42924976258309594,8.242475688394467,1.0,0.012474859659592354,1.6608354525498201,0.9087333323367616,0.20008853474988936,0.39789339247019534,0.3509336870816565
frozenset({'WOODEN PICTURE FRAME WHITE FINISH'}),frozenset({'WOOD 2 DRAWER CABINET WHITE FINISH'}),0.0520777711467789,0.03307472437729685,0.01419731758645601,0.27261761158021713,8.242475688394467,1.0,0.012474859659592354,1.3293218134182767,0.9269507572369815,0.20008853474988936,0.24773671062497962,0.3509336870816565
frozenset({'LUNCH BAG DOLLY GIRL DESIGN'}),frozenset({'LUNCH BAG WOODLAND'}),0.02738951534378239,0.04978484153657694,0.011213368093727425,0.40940366972477066,8.223460336294968,1.0,0.009849785412573576,1.6089079964662234,0.9031330665642651,0.17000000000000004,0.3784604202375884,0.3173201313923538
frozenset({'LUNCH BAG WOODLAND'}),frozenset({'LUNCH BAG DOLLY GIRL DESIGN'}),0.04978484153657694,0.02738951534378239,0.011213368093727425,0.22523659305993693,8.223460336294968,1.0,0.009849785412573576,1.2553645099186521,0.9244187295439134,0.17000000000000004,0.20341861499270827,0.3173201313923538
frozenset({'VINTAGE SNAP CARDS'}),frozenset({'WOODEN BOX OF DOMINOES'}),0.04648679209724534,0.02729528535980149,0.010396708232559601,0.22364864864864867,8.193673218673219,1.0,0.009127837976803525,1.2529181702937282,0.9207576864516683,0.16402378592666006,0.20186327909542198,0.30227311603893886
frozenset({'WOODEN BOX OF DOMINOES'}),frozenset({'VINTAGE SNAP CARDS'}),0.02729528535980149,0.04648679209724534,0.010396708232559601,0.380897583429229,8.193673218673219,1.0,0.009127837976803525,1.540154233582702,0.9025910968617055,0.16402378592666006,0.35071437769332825,0.30227311603893886
frozenset({'JUMBO BAG OWLS'}),frozenset({'JUMBO STORAGE BAG SUKI'}),0.028897195087476835,0.053836730847755754,0.012626817853440966,0.43695652173913047,8.116327177718027,1.0,0.011071087339261385,1.6804444162549512,0.9028823280177048,0.18010752688172046,0.40491932352716187,0.33574780579371927
frozenset({'JUMBO STORAGE BAG SUKI'}),frozenset({'JUMBO BAG OWLS'}),0.053836730847755754,0.028897195087476835,0.012626817853440966,0.23453908984830807,8.116327177718025,1.0,0.011071087339261385,1.2686510728811469,0.9266810389178828,0.18010752688172046,0.21176119945339403,0.33574780579371927
frozenset({'60 TEATIME FAIRY CAKE CASES'}),frozenset({'PACK OF 60 SPACEBOY CAKE CASES'}),0.0554386405754311,0.028614505135534127,0.01281527782140277,0.2311614730878187,8.078471809766064,1.0,0.011228928555950066,1.2634453930993237,0.9276413894235535,0.17989417989417988,0.20851347793755687,0.33951048407409595
frozenset({'PACK OF 60 SPACEBOY CAKE CASES'}),frozenset({'60 TEATIME FAIRY CAKE CASES'}),0.028614505135534127,0.0554386405754311,0.01281527782140277,0.4478594950603732,8.078471809766063,1.0,0.011228928555950066,1.7107264382421117,0.9020252170583036,0.17989417989417988,0.4154530042643357,0.33951048407409595
frozenset({'LUNCH BAG SUKI  DESIGN '}),frozenset({'LUNCH BAG SPACEBOY DESIGN '}),0.03370292427050287,0.0588623299934039,0.016019097276753463,0.4753028890959926,8.074822881616392,1.0,0.014035264626600423,1.7936780105099073,0.9067172988035418,0.20927369716865,0.4424863358191475,0.3737240165864168
frozenset({'LUNCH BAG SPACEBOY DESIGN '}),frozenset({'LUNCH BAG SUKI  DESIGN '}),0.0588623299934039,0.03370292427050287,0.016019097276753463,0.272145144076841,8.07482288161639,1.0,0.014035264626600423,1.3275958357163324,0.9309565457528337,0.20927369716865,0.24675870991985396,0.3737240165864168
frozenset({'PACK OF 60 PINK PAISLEY CAKE CASES'}),frozenset({'72 SWEETHEART FAIRY CAKE CASES'}),0.049564971573954834,0.036938153720513865,0.014762697490341427,0.29784537389100124,8.063353034496435,1.0,0.012931858951189784,1.3715808604955135,0.9216643826032416,0.20577933450087565,0.27091429400762557,0.3487526189182898
frozenset({'72 SWEETHEART FAIRY CAKE CASES'}),frozenset({'PACK OF 60 PINK PAISLEY CAKE CASES'}),0.036938153720513865,0.049564971573954834,0.014762697490341427,0.3996598639455783,8.063353034496435,1.0,0.012931858951189784,1.5831608972082567,0.9095803317958153,0.20577933450087565,0.36835226175469693,0.3487526189182898
frozenset({'GIN + TONIC DIET METAL SIGN'}),frozenset({'PLEASE ONE PERSON METAL SIGN'}),0.043502842604516756,0.04394258252976097,0.015296667399566541,0.3516245487364621,8.001909047979087,1.0,0.013385040148138362,1.4745428988822729,0.914827414794374,0.21201567261645626,0.3218237321152094,0.34986516929317746
frozenset({'PLEASE ONE PERSON METAL SIGN'}),frozenset({'GIN + TONIC DIET METAL SIGN'}),0.04394258252976097,0.043502842604516756,0.015296667399566541,0.34810578984989277,8.001909047979087,1.0,0.013385040148138362,1.4672582491187292,0.9152481909231315,0.21201567261645626,0.318456719803331,0.34986516929317746
frozenset({'LUNCH BAG CARS BLUE'}),frozenset({'LUNCH BAG PINK POLKADOT'}),0.056443760404560735,0.0345824041209913,0.01551653736218865,0.27490261547022815,7.949204876226752,1.0,0.013564576429769723,1.331431634531526,0.926496183226683,0.2054908485856905,0.24892876655145935,0.36179281545536845
frozenset({'LUNCH BAG PINK POLKADOT'}),frozenset({'LUNCH BAG CARS BLUE'}),0.0345824041209913,0.056443760404560735,0.01551653736218865,0.4486830154405087,7.949204876226752,1.0,0.013564576429769723,1.711458681704413,0.9055161811598633,0.2054908485856905,0.4157031012842702,0.36179281545536845
frozenset({'LUNCH BAG  BLACK SKULL.'}),frozenset({'LUNCH BAG PINK POLKADOT'}),0.06272575933662092,0.0345824041209913,0.017181267079184596,0.27391086629944916,7.920527021231211,1.0,0.015012059521009528,1.329613061358883,0.9322199812773548,0.21442571540572322,0.24790149174829398,0.3853659690262005
frozenset({'LUNCH BAG PINK POLKADOT'}),frozenset({'LUNCH BAG  BLACK SKULL.'}),0.0345824041209913,0.06272575933662092,0.017181267079184596,0.49682107175295187,7.92052702123121,1.0,0.015012059521009528,1.8627056660115169,0.9050443857794206,0.21442571540572322,0.46314653020773217,0.3853659690262005
frozenset({'PACK OF 60 PINK PAISLEY CAKE CASES'}),frozenset({'PACK OF 60 SPACEBOY CAKE CASES'}),0.049564971573954834,0.028614505135534127,0.011181958099067123,0.2256020278833967,7.884184151178595,1.0,0.00976368096542159,1.2543750498331645,0.9186990888772623,0.16690107829348333,0.20279026585150683,0.3081906956101945
frozenset({'PACK OF 60 SPACEBOY CAKE CASES'}),frozenset({'PACK OF 60 PINK PAISLEY CAKE CASES'}),0.028614505135534127,0.049564971573954834,0.011181958099067123,0.3907793633369923,7.884184151178595,1.0,0.00976368096542159,1.5600834430560848,0.8988849424541512,0.16690107829348333,0.35900864504973146,0.3081906956101945
frozenset({'PLEASE ONE PERSON METAL SIGN'}),frozenset({'HAND OVER THE CHOCOLATE   SIGN '}),0.04394258252976097,0.04083299305839118,0.014134497597135408,0.32165832737669764,7.877412437455326,1.0,0.012340190429729897,1.4139880323617606,0.9131823524687708,0.2000889284126278,0.2927804358218529,0.3339060867652719
frozenset({'HAND OVER THE CHOCOLATE   SIGN '}),frozenset({'PLEASE ONE PERSON METAL SIGN'}),0.04083299305839118,0.04394258252976097,0.014134497597135408,0.34615384615384615,7.877412437455325,1.0,0.012340190429729897,1.4622054620133067,0.9102218438106049,0.2000889284126278,0.3161015835468822,0.3339060867652719
frozenset({'WOOD 2 DRAWER CABINET WHITE FINISH'}),frozenset({'WOODEN FRAME ANTIQUE WHITE '}),0.03307472437729685,0.05568992053271351,0.01448000753839872,0.4377967711301045,7.861328709796468,1.0,0.012638078766185655,1.6796596514848865,0.9026499384416956,0.1949260042283298,0.40464129199272014,0.3489040257229767
frozenset({'WOODEN FRAME ANTIQUE WHITE '}),frozenset({'WOOD 2 DRAWER CABINET WHITE FINISH'}),0.05568992053271351,0.03307472437729685,0.01448000753839872,0.26001128031584886,7.861328709796468,1.0,0.012638078766185655,1.306675696401717,0.924267419671007,0.1949260042283298,0.2346991661712474,0.3489040257229767
frozenset({'LUNCH BAG SPACEBOY DESIGN '}),frozenset({'LUNCH BAG WOODLAND'}),0.0588623299934039,0.04978484153657694,0.02280365612337846,0.3874066168623266,7.781617956495831,1.0,0.019873204352183146,1.5511351977007446,0.9259984467528317,0.2656421514818881,0.35531087072080825,0.4227253904500907
frozenset({'LUNCH BAG WOODLAND'}),frozenset({'LUNCH BAG SPACEBOY DESIGN '}),0.04978484153657694,0.0588623299934039,0.02280365612337846,0.45804416403785486,7.78161795649583,1.0,0.019873204352183146,1.7365578660773628,0.9171523026594967,0.2656421514818881,0.42414818444325286,0.4227253904500907
frozenset({'PACK OF 72 SKULL CAKE CASES'}),frozenset({'72 SWEETHEART FAIRY CAKE CASES'}),0.036309953827307846,0.036938153720513865,0.0103652982378993,0.2854671280276817,7.728245710048727,1.0,0.00902407558184144,1.3478202110158426,0.9034072019698303,0.16483516483516486,0.25806128159607655,0.28303968646282046
frozenset({'72 SWEETHEART FAIRY CAKE CASES'}),frozenset({'PACK OF 72 SKULL CAKE CASES'}),0.036938153720513865,0.036309953827307846,0.0103652982378993,0.2806122448979592,7.728245710048727,1.0,0.00902407558184144,1.3395975109918274,0.9039964894698921,0.16483516483516486,0.25350712300173817,0.28303968646282046
frozenset({'LUNCH BAG CARS BLUE'}),frozenset({'LUNCH BAG WOODLAND'}),0.056443760404560735,0.04978484153657694,0.021704306310267926,0.38452977184195875,7.72383239503624,1.0,0.018894262642798355,1.543884846074838,0.9226059417159177,0.25678186547751763,0.35228329849703954,0.4102459584761844
frozenset({'LUNCH BAG WOODLAND'}),frozenset({'LUNCH BAG CARS BLUE'}),0.04978484153657694,0.056443760404560735,0.021704306310267926,0.43596214511041004,7.72383239503624,1.0,0.018894262642798355,1.6728597760165225,0.9161405027484518,0.25678186547751763,0.4022212654420814,0.4102459584761844
frozenset({'LUNCH BAG CARS BLUE'}),frozenset({'LUNCH BAG SUKI DESIGN '}),0.056443760404560735,0.028237585199610515,0.012249897917517355,0.21702838063439064,7.685798169362731,1.0,0.010656062424107169,1.241120866664037,0.9219269179555465,0.1691240242844753,0.19427670031214347,0.3254218655118561
frozenset({'LUNCH BAG SUKI DESIGN '}),frozenset({'LUNCH BAG CARS BLUE'}),0.028237585199610515,0.056443760404560735,0.012249897917517355,0.4338153503893215,7.685798169362731,1.0,0.010656062424107169,1.6665168161027504,0.8951672575921074,0.1691240242844753,0.3999460489462327,0.3254218655118561
frozenset({'JUMBO BAG RED RETROSPOT'}),frozenset({'JUMBO BAG PINK POLKADOT'}),0.08204290605270598,0.03313754436661746,0.020856236454439802,0.2542113323124043,7.6713992292227635,1.0,0.018137536015152028,1.296429534966322,0.9473707318581424,0.22111222111222112,0.22865071102689932,0.4417976092841642
frozenset({'JUMBO BAG PINK POLKADOT'}),frozenset({'JUMBO BAG RED RETROSPOT'}),0.03313754436661746,0.08204290605270598,0.020856236454439802,0.6293838862559241,7.671399229222762,1.0,0.018137536015152028,2.4768407522107294,0.8994512909672606,0.22111222111222112,0.5962598729419967,0.4417976092841642
frozenset({'JUMBO BAG PINK VINTAGE PAISLEY'}),frozenset({'JUMBO BAG STRAWBERRY'}),0.038571473442849516,0.04755473191569558,0.013946037629173604,0.36156351791530944,7.6031028532825005,1.0,0.012111781550005522,1.491840292356538,0.9033170188712675,0.1932114882506527,0.3296869610483694,0.3274131988519744
frozenset({'JUMBO BAG STRAWBERRY'}),frozenset({'JUMBO BAG PINK VINTAGE PAISLEY'}),0.04755473191569558,0.038571473442849516,0.013946037629173604,0.29326287978863935,7.6031028532825005,1.0,0.012111781550005522,1.3603764385117065,0.9118369102869316,0.1932114882506527,0.2649093503162766,0.3274131988519744
frozenset({'NO SINGING METAL SIGN'}),frozenset({'PLEASE ONE PERSON METAL SIGN'}),0.03046769482049188,0.04394258252976097,0.01001978829663599,0.32886597938144335,7.483992984679779,1.0,0.008680959102494955,1.4245402380124914,0.8936076541554103,0.155609756097561,0.2980191269323547,0.2784429968386845
frozenset({'PLEASE ONE PERSON METAL SIGN'}),frozenset({'NO SINGING METAL SIGN'}),0.04394258252976097,0.03046769482049188,0.01001978829663599,0.22802001429592567,7.483992984679779,1.0,0.008680959102494955,1.2559034212464184,0.906202360891486,0.155609756097561,0.2037604300754652,0.2784429968386845
frozenset({'60 TEATIME FAIRY CAKE CASES'}),frozenset({'PACK OF 72 RETRO SPOT CAKE CASES'}),0.0554386405754311,0.03643559380594905,0.015013977447623833,0.2708215297450425,7.43288365732148,1.0,0.01299403765846342,1.3214383659149183,0.9162588587946807,0.1953412341642828,0.24324885231583654,0.3414452476311419
frozenset({'PACK OF 72 RETRO SPOT CAKE CASES'}),frozenset({'60 TEATIME FAIRY CAKE CASES'}),0.03643559380594905,0.0554386405754311,0.015013977447623833,0.41206896551724137,7.43288365732148,1.0,0.01299403765846342,1.6065853034200879,0.8981887538440408,0.1953412341642828,0.3775618400895322,0.3414452476311419
frozenset({'WOODEN PICTURE FRAME WHITE FINISH'}),frozenset({'WOOD S/3 CABINET ANT WHITE FINISH'}),0.0520777711467789,0.03147281464962151,0.01212425793887615,0.23281061519903498,7.3971971617681405,1.0,0.01048522390020817,1.2624355922255721,0.9123255422267175,0.16974494283201408,0.20788038125804043,0.3090200780585993
frozenset({'WOOD S/3 CABINET ANT WHITE FINISH'}),frozenset({'WOODEN PICTURE FRAME WHITE FINISH'}),0.03147281464962151,0.0520777711467789,0.01212425793887615,0.38522954091816364,7.39719716176814,1.0,0.01048522390020817,1.5419124566735836,0.8929162490306504,0.16974494283201408,0.35145474979991304,0.3090200780585993
frozenset({'LUNCH BAG DOLLY GIRL DESIGN'}),frozenset({'LUNCH BAG CARS BLUE'}),0.02738951534378239,0.056443760404560735,0.011433238056349531,0.4174311926605505,7.395524140642151,1.0,0.009887270814688038,1.6196477183606752,0.8891360859389278,0.15791757049891542,0.3825817869751647,0.30999550729299086
frozenset({'LUNCH BAG CARS BLUE'}),frozenset({'LUNCH BAG DOLLY GIRL DESIGN'}),0.056443760404560735,0.02738951534378239,0.011433238056349531,0.20255982192543126,7.39552414064215,1.0,0.009887270814688038,1.2196657647782434,0.9165146105558889,0.15791757049891542,0.18010324723526416,0.30999550729299086
frozenset({'JUMBO BAG PINK VINTAGE PAISLEY'}),frozenset({'JUMBO SHOPPER VINTAGE RED PAISLEY'}),0.038571473442849516,0.052768791029305526,0.015045387442284135,0.39006514657980457,7.3919667093221655,1.0,0.013010017420486,1.5530039046942763,0.8994095573156502,0.19720049403046522,0.35608661576619816,0.33759209709942606
frozenset({'JUMBO SHOPPER VINTAGE RED PAISLEY'}),frozenset({'JUMBO BAG PINK VINTAGE PAISLEY'}),0.052768791029305526,0.038571473442849516,0.015045387442284135,0.2851190476190476,7.391966709322165,1.0,0.013010017420486,1.344879204509586,0.9128901130707544,0.19720049403046522,0.2564387964013074,0.33759209709942606
frozenset({'CHOCOLATE HOT WATER BOTTLE'}),frozenset({'SCOTTIE DOG HOT WATER BOTTLE'}),0.045450262273455416,0.045764362220058426,0.015359487388887145,0.33794056668970285,7.384360893411166,1.0,0.013279485123208075,1.4413141627010182,0.9057450148747939,0.20248447204968947,0.3061887367248213,0.33678085300854393
frozenset({'SCOTTIE DOG HOT WATER BOTTLE'}),frozenset({'CHOCOLATE HOT WATER BOTTLE'}),0.045764362220058426,0.045450262273455416,0.015359487388887145,0.335621139327385,7.3843608934111655,1.0,0.013279485123208075,1.4367551320946028,0.906043153457702,0.20248447204968947,0.30398717383237767,0.33678085300854393
frozenset({'WOOD S/3 CABINET ANT WHITE FINISH'}),frozenset({'WOODEN FRAME ANTIQUE WHITE '}),0.03147281464962151,0.05568992053271351,0.012909507805383674,0.4101796407185629,7.36541975271116,1.0,0.01115678925860543,1.601013028132354,0.8923140473369561,0.17385786802030456,0.3753954637292738,0.32099506570615116
frozenset({'WOODEN FRAME ANTIQUE WHITE '}),frozenset({'WOOD S/3 CABINET ANT WHITE FINISH'}),0.05568992053271351,0.03147281464962151,0.012909507805383674,0.23181049069373943,7.365419752711159,1.0,0.01115678925860543,1.2607919967887087,0.9151976998947259,0.17385786802030456,0.20684775716609638,0.32099506570615116
frozenset({'JUMBO BAG STRAWBERRY'}),frozenset({'JUMBO  BAG BAROQUE BLACK WHITE'}),0.04755473191569558,0.04551308226277601,0.015830637308791657,0.332892998678996,7.314226638332089,1.0,0.013666274883128344,1.4307853400536208,0.9063829436401412,0.20496136640910936,0.3010831380460444,0.3403595428177589
frozenset({'JUMBO  BAG BAROQUE BLACK WHITE'}),frozenset({'JUMBO BAG STRAWBERRY'}),0.04551308226277601,0.04755473191569558,0.015830637308791657,0.34782608695652173,7.314226638332088,1.0,0.013666274883128344,1.4604160777292667,0.9044441884954587,0.20496136640910936,0.31526363257048384,0.3403595428177589
frozenset({'JUMBO STORAGE BAG SKULLS'}),frozenset({'JUMBO  BAG BAROQUE BLACK WHITE'}),0.03131576467632,0.04551308226277601,0.010396708232559601,0.33199598796389174,7.294517783855364,1.0,0.008971431258724514,1.428864049525544,0.890807050129114,0.15650118203309696,0.3001433549034626,0.2802146951551688
frozenset({'JUMBO  BAG BAROQUE BLACK WHITE'}),frozenset({'JUMBO STORAGE BAG SKULLS'}),0.04551308226277601,0.03131576467632,0.010396708232559601,0.22843340234644585,7.294517783855363,1.0,0.008971431258724514,1.2554771529373991,0.9040571747394325,0.15650118203309696,0.20349008529519447,0.2802146951551688
frozenset({'LUNCH BAG SUKI DESIGN '}),frozenset({'LUNCH BAG  BLACK SKULL.'}),0.028237585199610515,0.06272575933662092,0.012846687816063072,0.4549499443826474,7.253000189940082,1.0,0.011075463842584975,1.7196113109313835,0.887177778539965,0.1644551668677121,0.41847323657206253,0.32987857759943584
frozenset({'LUNCH BAG  BLACK SKULL.'}),frozenset({'LUNCH BAG SUKI DESIGN '}),0.06272575933662092,0.028237585199610515,0.012846687816063072,0.20480721081622433,7.253000189940082,1.0,0.011075463842584975,1.2220463113075426,0.9198225909004504,0.1644551668677121,0.1817004063209042,0.32987857759943584
frozenset({'PACK OF 72 SKULL CAKE CASES'}),frozenset({'60 TEATIME FAIRY CAKE CASES'}),0.036309953827307846,0.0554386405754311,0.014417187549078116,0.3970588235294118,7.162131311448093,1.0,0.012404213069535498,1.5665895717285534,0.8927940684728274,0.18643379366368806,0.3616707157723425,0.3285577403766039
frozenset({'60 TEATIME FAIRY CAKE CASES'}),frozenset({'PACK OF 72 SKULL CAKE CASES'}),0.0554386405754311,0.036309953827307846,0.014417187549078116,0.260056657223796,7.162131311448092,1.0,0.012404213069535498,1.3023835616346107,0.9108743952784921,0.18643379366368806,0.23217704103627632,0.3285577403766039
frozenset({'LUNCH BAG SUKI DESIGN '}),frozenset({'LUNCH BAG SPACEBOY DESIGN '}),0.028237585199610515,0.0588623299934039,0.011872977981593744,0.4204671857619578,7.143230412541863,1.0,0.010210847923357412,1.6239592424873894,0.8849975082440013,0.15782881002087684,0.38422099900221773,0.3110873815682788
frozenset({'LUNCH BAG SPACEBOY DESIGN '}),frozenset({'LUNCH BAG SUKI DESIGN '}),0.0588623299934039,0.028237585199610515,0.011872977981593744,0.2017075773745998,7.143230412541862,1.0,0.010210847923357412,1.217301313727226,0.9137954447169145,0.15782881002087684,0.1785107033704549,0.3110873815682788
frozenset({'PACK OF 72 RETRO SPOT CAKE CASES'}),frozenset({'PACK OF 60 PINK PAISLEY CAKE CASES'}),0.03643559380594905,0.049564971573954834,0.012846687816063072,0.35258620689655173,7.113616646999694,1.0,0.011040758644791043,1.4680487789270473,0.8919222472049455,0.17561185057964793,0.31882372414704774,0.30588752676893494
frozenset({'PACK OF 60 PINK PAISLEY CAKE CASES'}),frozenset({'PACK OF 72 RETRO SPOT CAKE CASES'}),0.049564971573954834,0.03643559380594905,0.012846687816063072,0.25918884664131814,7.113616646999694,1.0,0.011040758644791043,1.30068830878889,0.9042433252092308,0.17561185057964793,0.23117629854678248,0.30588752676893494
frozenset({'PACK OF 60 DINOSAUR CAKE CASES'}),frozenset({'PACK OF 72 RETROSPOT CAKE CASES'}),0.03558752395012093,0.04234067280208562,0.010616578195181707,0.29832303618711387,7.045779304962273,1.0,0.009109778487773251,1.3648151166229396,0.889734506384304,0.1577228184787681,0.2673000263402914,0.2745324379748626
frozenset({'PACK OF 72 RETROSPOT CAKE CASES'}),frozenset({'PACK OF 60 DINOSAUR CAKE CASES'}),0.04234067280208562,0.03558752395012093,0.010616578195181707,0.2507418397626113,7.045779304962273,1.0,0.009109778487773251,1.2871564531834032,0.8960086681761839,0.1577228184787681,0.22309366703107916,0.2745324379748626
frozenset({'JUMBO BAG STRAWBERRY'}),frozenset({'JUMBO BAG PINK POLKADOT'}),0.04755473191569558,0.03313754436661746,0.01105631812042592,0.23249669749009247,7.016111239802914,1.0,0.00948047108172696,1.2597502218837704,0.9002836505742716,0.15877311682453762,0.20619184451926692,0.2830729932948093
frozenset({'JUMBO BAG PINK POLKADOT'}),frozenset({'JUMBO BAG STRAWBERRY'}),0.03313754436661746,0.04755473191569558,0.01105631812042592,0.33364928909952607,7.016111239802913,1.0,0.00948047108172696,1.4293453169686219,0.8868592403470742,0.15877311682453762,0.3003790000020318,0.2830729932948093
frozenset({'JUMBO BAG WOODLAND ANIMALS'}),frozenset({'JUMBO STORAGE BAG SUKI'}),0.02874014511417533,0.053836730847755754,0.010710808179162609,0.3726775956284153,6.922366751471329,1.0,0.00916353272212531,1.5082567792235253,0.8808566858509379,0.1490384615384615,0.33698292374670047,0.2858137102996219
frozenset({'LUNCH BAG WOODLAND'}),frozenset({'LUNCH BAG SUKI  DESIGN '}),0.04978484153657694,0.03370292427050287,0.011558878034990734,0.23217665615141955,6.888917243143285,1.0,0.009880983290864495,1.258488796245894,0.899627099753376,0.16069868995633188,0.2053961839127794,0.28757015472995023
frozenset({'LUNCH BAG SUKI  DESIGN '}),frozenset({'LUNCH BAG WOODLAND'}),0.03370292427050287,0.04978484153657694,0.011558878034990734,0.34296365330848094,6.888917243143285,1.0,0.009880983290864495,1.446213992952132,0.8846547595156393,0.16069868995633188,0.3085393967467311,0.28757015472995023
frozenset({'LUNCH BAG SUKI  DESIGN '}),frozenset({'LUNCH BAG CARS BLUE'}),0.03370292427050287,0.056443760404560735,0.013097967773345478,0.3886300093196645,6.885260771680667,1.0,0.01119564799088816,1.5433473248260767,0.8845749820634976,0.16999592335915203,0.352057709943747,0.3103417158451411
frozenset({'LUNCH BAG CARS BLUE'}),frozenset({'LUNCH BAG SUKI  DESIGN '}),0.056443760404560735,0.03370292427050287,0.013097967773345478,0.23205342237061768,6.885260771680667,1.0,0.01119564799088816,1.2582868442651494,0.9058942992077711,0.16999592335915203,0.20526865193126237,0.3103417158451411
frozenset({'LUNCH BAG PINK POLKADOT'}),frozenset({'LUNCH BAG WOODLAND'}),0.0345824041209913,0.04978484153657694,0.011810157992273142,0.3415077202543143,6.859672738004167,1.0,0.010088478483155725,1.4430163992665226,0.8848196411166613,0.1627705627705628,0.3070071826569022,0.28936584750886063
frozenset({'LUNCH BAG WOODLAND'}),frozenset({'LUNCH BAG PINK POLKADOT'}),0.04978484153657694,0.0345824041209913,0.011810157992273142,0.23722397476340695,6.859672738004167,1.0,0.010088478483155725,1.2656632667231007,0.8989758194288544,0.1627705627705628,0.2099004322144257,0.28936584750886063
frozenset({'LUNCH BAG DOLLY GIRL DESIGN'}),frozenset({'LUNCH BAG  BLACK SKULL.'}),0.02738951534378239,0.06272575933662092,0.01177874799761284,0.43004587155963303,6.855969160162261,1.0,0.01006071984981206,1.6444731144033533,0.8781950374078261,0.15036086607858862,0.3919024937280173,0.30891377203419806
frozenset({'JUMBO STORAGE BAG SUKI'}),frozenset({'JUMBO BAG STRAWBERRY'}),0.053836730847755754,0.04755473191569558,0.0173069070578258,0.32147024504084015,6.760005410412964,1.0,0.014746715755143316,1.4036897588104023,0.9005540080587919,0.20582741875233468,0.2875918672745186,0.34270341842530777
frozenset({'JUMBO BAG STRAWBERRY'}),frozenset({'JUMBO STORAGE BAG SUKI'}),0.04755473191569558,0.053836730847755754,0.0173069070578258,0.3639365918097754,6.760005410412964,1.0,0.014746715755143316,1.4875297917928327,0.8946142658956894,0.20582741875233468,0.32774455643354977,0.34270341842530777
frozenset({'PACK OF 72 RETROSPOT CAKE CASES'}),frozenset({'PACK OF 72 SKULL CAKE CASES'}),0.04234067280208562,0.036309953827307846,0.0103652982378993,0.24480712166172108,6.742149076422331,1.0,0.008827910363438421,1.2760846583897731,0.8893343550629785,0.15179392824287027,0.21635293283609447,0.2651371248447014
frozenset({'PACK OF 72 SKULL CAKE CASES'}),frozenset({'PACK OF 72 RETROSPOT CAKE CASES'}),0.036309953827307846,0.04234067280208562,0.0103652982378993,0.2854671280276817,6.742149076422331,1.0,0.008827910363438421,1.340259300533643,0.8837689498880464,0.15179392824287027,0.25387572419617904,0.2651371248447014
frozenset({'LUNCH BAG RED RETROSPOT'}),frozenset({'LUNCH BAG WOODLAND'}),0.04774319188365738,0.04978484153657694,0.016019097276753463,0.3355263157894737,6.739527644031213,1.0,0.013642210034375195,1.4300267731330722,0.8943193070347512,0.19653179190751446,0.3007123930910179,0.3286464386518346
frozenset({'LUNCH BAG WOODLAND'}),frozenset({'LUNCH BAG RED RETROSPOT'}),0.04978484153657694,0.04774319188365738,0.016019097276753463,0.3217665615141956,6.739527644031213,1.0,0.013642210034375195,1.404025154292468,0.8962408578398965,0.19653179190751446,0.28776204832033,0.3286464386518346
frozenset({'JUMBO BAG PINK POLKADOT'}),frozenset({'JUMBO  BAG BAROQUE BLACK WHITE'}),0.03313754436661746,0.04551308226277601,0.010145428275277193,0.3061611374407583,6.726882079159021,1.0,0.008637236492532943,1.3756607899081574,0.8805210234037703,0.14809720311783586,0.27307661355473944,0.2645367453939471
frozenset({'JUMBO  BAG BAROQUE BLACK WHITE'}),frozenset({'JUMBO BAG PINK POLKADOT'}),0.04551308226277601,0.03313754436661746,0.010145428275277193,0.22291235334713597,6.726882079159021,1.0,0.008637236492532943,1.2442128758550368,0.8919375458212078,0.14809720311783586,0.19627901349856305,0.2645367453939471
frozenset({'JUMBO  BAG BAROQUE BLACK WHITE'}),frozenset({'JUMBO STORAGE BAG SUKI'}),0.04551308226277601,0.053836730847755754,0.016458837201997676,0.3616287094547964,6.717137236238246,1.0,0.014008561642164838,1.482151975136867,0.8917115986925334,0.19856006062902617,0.3253053554729726,0.33367316452903184
frozenset({'JUMBO STORAGE BAG SUKI'}),frozenset({'JUMBO  BAG BAROQUE BLACK WHITE'}),0.053836730847755754,0.04551308226277601,0.016458837201997676,0.3057176196032672,6.717137236238246,1.0,0.014008561642164838,1.3747819974803375,0.8995562215273613,0.19856006062902617,0.2726119473249052,0.33367316452903184
frozenset({'LUNCH BAG  BLACK SKULL.'}),frozenset({'LUNCH BAG WOODLAND'}),0.06272575933662092,0.04978484153657694,0.020950466438420707,0.33400100150225337,6.708889517241161,1.0,0.017827674449585572,1.4267516326702676,0.9078922670032276,0.22881646655231558,0.29910716266122045,0.37741059538835064
frozenset({'LUNCH BAG WOODLAND'}),frozenset({'LUNCH BAG  BLACK SKULL.'}),0.04978484153657694,0.06272575933662092,0.020950466438420707,0.420820189274448,6.708889517241161,1.0,0.017827674449585572,1.618278509206379,0.8955277418807454,0.22881646655231558,0.38205939564110586,0.37741059538835064
frozenset({'JUMBO SHOPPER VINTAGE RED PAISLEY'}),frozenset({'JUMBO BAG SPACEBOY DESIGN'}),0.052768791029305526,0.03049910481515218,0.010773628168483212,0.2041666666666667,6.694185547545486,1.0,0.009164227279911561,1.2182210201275576,0.8980031711593681,0.14861351819757365,0.17913089375580468,0.27870537246824584
frozenset({'JUMBO BAG SPACEBOY DESIGN'}),frozenset({'JUMBO SHOPPER VINTAGE RED PAISLEY'}),0.03049910481515218,0.052768791029305526,0.010773628168483212,0.35324407826982496,6.694185547545486,1.0,0.009164227279911561,1.4645883820231598,0.8773758061508801,0.14861351819757365,0.31721430247957083,0.27870537246824584
frozenset({'LUNCH BAG PINK POLKADOT'}),frozenset({'LUNCH BAG SPACEBOY DESIGN '}),0.0345824041209913,0.0588623299934039,0.013600527687910292,0.3932788374205268,6.681333162730689,1.0,0.011564926804575252,1.5511864890378175,0.8807890755272045,0.17033831628638868,0.3553321879303578,0.3121677004605302
frozenset({'LUNCH BAG SPACEBOY DESIGN '}),frozenset({'LUNCH BAG PINK POLKADOT'}),0.0588623299934039,0.0345824041209913,0.013600527687910292,0.2310565635005336,6.681333162730689,1.0,0.011564926804575252,1.2555118491861639,0.9035120991023649,0.17033831628638868,0.20351209696012784,0.3121677004605302
frozenset({'PACK OF 72 SKULL CAKE CASES'}),frozenset({'PACK OF 60 PINK PAISLEY CAKE CASES'}),0.036309953827307846,0.049564971573954834,0.011998617960234947,0.3304498269896194,6.667003258471808,1.0,0.01019891613093282,1.419512781473525,0.882034193783659,0.16241496598639457,0.2955329370391788,0.28626420373562084
frozenset({'PACK OF 60 PINK PAISLEY CAKE CASES'}),frozenset({'PACK OF 72 SKULL CAKE CASES'}),0.049564971573954834,0.036309953827307846,0.011998617960234947,0.24207858048162229,6.667003258471808,1.0,0.01019891613093282,1.2714907130940705,0.8943352754379338,0.16241496598639457,0.2135215855674003,0.28626420373562084
frozenset({'PACK OF 60 PINK PAISLEY CAKE CASES'}),frozenset({'PACK OF 72 RETROSPOT CAKE CASES'}),0.049564971573954834,0.04234067280208562,0.0138518076451927,0.279467680608365,6.600454412113144,1.0,0.011753193401335203,1.3290997522588468,0.8927441163847805,0.17746478873239435,0.24761102520674727,0.30330950795996886
frozenset({'PACK OF 72 RETROSPOT CAKE CASES'}),frozenset({'PACK OF 60 PINK PAISLEY CAKE CASES'}),0.04234067280208562,0.049564971573954834,0.0138518076451927,0.3271513353115727,6.600454412113143,1.0,0.011753193401335203,1.4125539341987972,0.8860095187670004,0.17746478873239435,0.292062429766831,0.30330950795996886
frozenset({'LUNCH BAG CARS BLUE'}),frozenset({'LUNCH BAG SPACEBOY DESIGN '}),0.056443760404560735,0.0588623299934039,0.021892766278229732,0.3878686700055648,6.589420942885361,1.0,0.018570355027227852,1.5374767209107756,0.8989836124765258,0.23436449226630798,0.3495836480648522,0.3799001834552904
frozenset({'LUNCH BAG SPACEBOY DESIGN '}),frozenset({'LUNCH BAG CARS BLUE'}),0.0588623299934039,0.056443760404560735,0.021892766278229732,0.371931696905016,6.5894209428853605,1.0,0.018570355027227852,1.5023146924399768,0.9012938530452503,0.23436449226630798,0.33436050047819554,0.3799001834552904
frozenset({'LUNCH BAG SPACEBOY DESIGN '}),frozenset({'LUNCH BAG  BLACK SKULL.'}),0.0588623299934039,0.06272575933662092,0.024311335867072903,0.4130202774813234,6.584540097232295,1.0,0.020619151521913886,1.5967744790937932,0.9011743251646884,0.24991927671940586,0.3737374857296546,0.4003008247697053
frozenset({'LUNCH BAG  BLACK SKULL.'}),frozenset({'LUNCH BAG SPACEBOY DESIGN '}),0.06272575933662092,0.0588623299934039,0.024311335867072903,0.3875813720580871,6.584540097232295,1.0,0.020619151521913886,1.5367554595283504,0.9048889512369155,0.24991927671940586,0.3492783814108507,0.4003008247697053
frozenset({'LUNCH BAG  BLACK SKULL.'}),frozenset({'LUNCH BAG CARS BLUE'}),0.06272575933662092,0.056443760404560735,0.023274806043282973,0.37105658487731596,6.5739168017468605,1.0,0.019734328312092604,1.5002243713949779,0.9046271070540861,0.24271208647232229,0.3334330390392513,0.39170525404132905
frozenset({'LUNCH BAG CARS BLUE'}),frozenset({'LUNCH BAG  BLACK SKULL.'}),0.056443760404560735,0.06272575933662092,0.023274806043282973,0.4123539232053422,6.57391680174686,1.0,0.019734328312092604,1.5949638356743294,0.8986042900963359,0.24271208647232229,0.3730265366316515,0.39170525404132905
frozenset({'LUNCH BAG WOODLAND'}),frozenset({'LUNCH BAG RED SPOTTY'}),0.04978484153657694,0.03326318434525866,0.010867858152464114,0.21829652996845425,6.562706916530385,1.0,0.009211855790833464,1.236705288791578,0.8920336036637141,0.15056570931244562,0.19139991632353234,0.27250992692945847
frozenset({'LUNCH BAG RED SPOTTY'}),frozenset({'LUNCH BAG WOODLAND'}),0.03326318434525866,0.04978484153657694,0.010867858152464114,0.32672332389046266,6.562706916530384,1.0,0.009211855790833464,1.4113293868341725,0.8767886340254298,0.15056570931244562,0.2914481840109963,0.27250992692945847
frozenset({'JUMBO BAG PINK VINTAGE PAISLEY'}),frozenset({'JUMBO  BAG BAROQUE BLACK WHITE'}),0.038571473442849516,0.04551308226277601,0.011464648051009831,0.29723127035830615,6.530677677292887,1.0,0.009709141407208941,1.3581806894337323,0.8808523055042008,0.15787197231833908,0.2637209409766156,0.27456456547590946
frozenset({'JUMBO  BAG BAROQUE BLACK WHITE'}),frozenset({'JUMBO BAG PINK VINTAGE PAISLEY'}),0.04551308226277601,0.038571473442849516,0.011464648051009831,0.25189786059351277,6.530677677292887,1.0,0.009709141407208941,1.2851567665879253,0.8872583986829699,0.15787197231833908,0.2218848112553715,0.27456456547590946
frozenset({'JUMBO BAG PINK VINTAGE PAISLEY'}),frozenset({'JUMBO STORAGE BAG SUKI'}),0.038571473442849516,0.053836730847755754,0.013223607751986681,0.34283387622149836,6.368029239943899,1.0,0.011147045717842634,1.439762694571197,0.8767844118317397,0.16699722332407774,0.3054410954175827,0.29422907346664184
frozenset({'JUMBO STORAGE BAG SUKI'}),frozenset({'JUMBO BAG PINK VINTAGE PAISLEY'}),0.053836730847755754,0.038571473442849516,0.013223607751986681,0.2456242707117853,6.368029239943899,1.0,0.011147045717842634,1.2744690599527888,0.8909303210755144,0.16699722332407774,0.21535953172763267,0.29422907346664184
frozenset({'LUNCH BAG RED RETROSPOT'}),frozenset({'LUNCH BAG  BLACK SKULL.'}),0.04774319188365738,0.06272575933662092,0.019034456764142352,0.3986842105263158,6.355988588145376,1.0,0.016039728800085945,1.5587055205780482,0.8849168157241888,0.20817588457574715,0.35844199767179347,0.3510696966502385
frozenset({'LUNCH BAG  BLACK SKULL.'}),frozenset({'LUNCH BAG RED RETROSPOT'}),0.06272575933662092,0.04774319188365738,0.019034456764142352,0.3034551827741612,6.355988588145376,1.0,0.016039728800085945,1.3671149143122474,0.8990624364044983,0.20817588457574715,0.26853259405551244,0.3510696966502385
frozenset({'LUNCH BAG  BLACK SKULL.'}),frozenset({'LUNCH BAG SUKI  DESIGN '}),0.06272575933662092,0.03370292427050287,0.013412067719948488,0.21382073109664496,6.3442783000222605,1.0,0.011298026203216564,1.2291052612941435,0.898752597773606,0.16155883465758608,0.18640003302314023,0.30588520245419387
frozenset({'LUNCH BAG SUKI  DESIGN '}),frozenset({'LUNCH BAG  BLACK SKULL.'}),0.03370292427050287,0.06272575933662092,0.013412067719948488,0.3979496738117428,6.3442783000222605,1.0,0.011298026203216564,1.556803808408368,0.8717584682604474,0.16155883465758608,0.357658303121463,0.30588520245419387
frozenset({'LUNCH BAG CARS BLUE'}),frozenset({'LUNCH BAG RED SPOTTY'}),0.056443760404560735,0.03326318434525866,0.011715928008292239,0.20756816917084028,6.240177338897112,1.0,0.009838428800815723,1.2199621191935184,0.8899820793008785,0.15022150624244865,0.18030241737254019,0.27989362188475914
frozenset({'LUNCH BAG RED SPOTTY'}),frozenset({'LUNCH BAG CARS BLUE'}),0.03326318434525866,0.056443760404560735,0.011715928008292239,0.35221907459867796,6.240177338897111,1.0,0.009838428800815723,1.4565977517952917,0.8686419410682432,0.15022150624244865,0.3134686643807627,0.27989362188475914
frozenset({'HOT WATER BOTTLE TEA AND SYMPATHY'}),frozenset({'SCOTTIE DOG HOT WATER BOTTLE'}),0.040770173069070575,0.045764362220058426,0.011590288029651036,0.28428351309707245,6.211897190440284,1.0,0.009724467061543618,1.3332592657032984,0.8746794161022589,0.15465213746856665,0.2499583346435647,0.2687718183192981
frozenset({'SCOTTIE DOG HOT WATER BOTTLE'}),frozenset({'HOT WATER BOTTLE TEA AND SYMPATHY'}),0.045764362220058426,0.040770173069070575,0.011590288029651036,0.25326012354152366,6.211897190440284,1.0,0.009724467061543618,1.2845568546308495,0.8792572313478236,0.15465213746856665,0.22152141698128586,0.2687718183192981
frozenset({'LUNCH BAG RED RETROSPOT'}),frozenset({'LUNCH BAG CARS BLUE'}),0.04774319188365738,0.056443760404560735,0.016647297169959482,0.3486842105263158,6.177551035351317,1.0,0.013952491886329356,1.448692408267745,0.8801444609506714,0.19016864011481882,0.3097223438923541,0.32181010748909
frozenset({'LUNCH BAG CARS BLUE'}),frozenset({'LUNCH BAG RED RETROSPOT'}),0.056443760404560735,0.04774319188365738,0.016647297169959482,0.29493600445186424,6.177551035351317,1.0,0.013952491886329356,1.3505962779676937,0.8882603070120343,0.19016864011481882,0.2595862906532309,0.32181010748909
frozenset({'JUMBO  BAG BAROQUE BLACK WHITE'}),frozenset({'JUMBO SHOPPER VINTAGE RED PAISLEY'}),0.04551308226277601,0.052768791029305526,0.014825517479662029,0.3257418909592823,6.173002727661113,1.0,0.01242384715263801,1.4048495617180514,0.877963089801282,0.17764395935265337,0.288180010693062,0.3033471359558316
frozenset({'JUMBO SHOPPER VINTAGE RED PAISLEY'}),frozenset({'JUMBO  BAG BAROQUE BLACK WHITE'}),0.052768791029305526,0.04551308226277601,0.014825517479662029,0.28095238095238095,6.173002727661113,1.0,0.01242384715263801,1.3274321372504438,0.8846882107928957,0.17764395935265337,0.24666582046797925,0.3033471359558316
frozenset({'POSTAGE'}),frozenset({'ROUND SNACK BOXES SET OF4 WOODLAND '}),0.05663222037252254,0.03593303389138424,0.012501177874799761,0.22074320576816417,6.143183078707205,1.0,0.010466210380809568,1.2371620924511275,0.8874777764429795,0.15613966261278933,0.19169847985016267,0.284322651835131
frozenset({'ROUND SNACK BOXES SET OF4 WOODLAND '}),frozenset({'POSTAGE'}),0.03593303389138424,0.05663222037252254,0.012501177874799761,0.34790209790209786,6.143183078707204,1.0,0.010466210380809568,1.4466658711713596,0.8684230129895559,0.15613966261278933,0.3087553802660015,0.284322651835131
frozenset({'JUMBO SHOPPER VINTAGE RED PAISLEY'}),frozenset({'JUMBO STORAGE BAG SUKI'}),0.052768791029305526,0.053836730847755754,0.017401137041806704,0.3297619047619048,6.12522156470523,1.0,0.014560237842000515,1.4116823198719097,0.8833541290351852,0.1950704225352113,0.29162532821779913,0.32649122075901543
frozenset({'JUMBO STORAGE BAG SUKI'}),frozenset({'JUMBO SHOPPER VINTAGE RED PAISLEY'}),0.053836730847755754,0.052768791029305526,0.017401137041806704,0.32322053675612605,6.125221564705229,1.0,0.014560237842000515,1.3996157691170434,0.8843511758229287,0.1950704225352113,0.28551819573249276,0.32649122075901543
frozenset({'JUMBO BAG PINK POLKADOT'}),frozenset({'JUMBO STORAGE BAG SUKI'}),0.03313754436661746,0.053836730847755754,0.010867858152464114,0.32796208530805687,6.091790495888335,1.0,0.009083841095442965,1.4079016205297852,0.8644917850421554,0.14279818406933556,0.28972309895935355,0.2649145315688476
frozenset({'JUMBO STORAGE BAG SUKI'}),frozenset({'JUMBO BAG PINK POLKADOT'}),0.053836730847755754,0.03313754436661746,0.010867858152464114,0.20186697782963828,6.091790495888335,1.0,0.009083841095442965,1.2114051527453347,0.8834042468269306,0.14279818406933556,0.17451234400500923,0.2649145315688476
frozenset({'LUNCH BAG  BLACK SKULL.'}),frozenset({'LUNCH BAG RED SPOTTY'}),0.06272575933662092,0.03326318434525866,0.012658227848101266,0.2018027040560841,6.0668486204282805,1.0,0.010571769352090914,1.2111502012939264,0.891062340755327,0.15190350546551074,0.17433857589945903,0.2911751952763895
frozenset({'LUNCH BAG RED SPOTTY'}),frozenset({'LUNCH BAG  BLACK SKULL.'}),0.03326318434525866,0.06272575933662092,0.012658227848101266,0.38054768649669496,6.0668486204282805,1.0,0.010571769352090914,1.5130692391196927,0.8639060448417362,0.15190350546551074,0.3390917122987694,0.2911751952763895
frozenset({'LUNCH BAG RED RETROSPOT'}),frozenset({'LUNCH BAG SPACEBOY DESIGN '}),0.04774319188365738,0.0588623299934039,0.01702421710588309,0.35657894736842105,6.057846289951132,1.0,0.014213941590288848,1.462708853179986,0.8767853628333426,0.19004207573632537,0.3163369471470954,0.32289993259563
frozenset({'LUNCH BAG SPACEBOY DESIGN '}),frozenset({'LUNCH BAG RED RETROSPOT'}),0.0588623299934039,0.04774319188365738,0.01702421710588309,0.2892209178228389,6.057846289951132,1.0,0.014213941590288848,1.3397366804880075,0.8871442060213748,0.19004207573632537,0.2535846673722902,0.32289993259563
"frozenset({'GREEN REGENCY TEACUP AND SAUCER', 'ROSES REGENCY TEACUP AND SAUCER ', 'PINK REGENCY TEACUP AND SAUCER'})",frozenset({'REGENCY CAKESTAND 3 TIER'}),0.016741527153940384,0.10418695228821812,0.010490938216540503,0.6266416510318948,6.014588557100523,1.0,0.008746689525721007,2.3993384644742695,0.8479332862514174,0.0949943117178612,0.5832184517497347,0.3636675243401862
frozenset({'JUMBO BAG APPLES'}),frozenset({'JUMBO BAG RED RETROSPOT'}),0.022552376166096053,0.08204290605270598,0.011024908125765618,0.4888579387186629,5.958564393179965,1.0,0.009174645646705315,1.795894260093071,0.8513748665745838,0.11782477341389727,0.4431743437120982,0.3116188621617817
frozenset({'SPOTTY BUNTING'}),frozenset({'PARTY BUNTING'}),0.03150422464428181,0.06523855890944498,0.012218487922857053,0.38783649052841473,5.944896653323611,1.0,0.010163197707504686,1.5269800088173073,0.8588457671921941,0.14455592716462284,0.345112578929877,0.28756292509088044
"frozenset({'ROSES REGENCY TEACUP AND SAUCER ', 'PINK REGENCY TEACUP AND SAUCER'})",frozenset({'REGENCY CAKESTAND 3 TIER'}),0.01875176681219964,0.10418695228821812,0.011558878034990734,0.6164154103852597,5.916435761361324,1.0,0.009605188600808298,2.335372879842506,0.8468594298001446,0.10377890580936265,0.5718028548539801,0.36367951707083307
frozenset({'LUNCH BAG APPLE DESIGN'}),frozenset({'LUNCH BAG  BLACK SKULL.'}),0.027201055375820585,0.06272575933662092,0.01005119829129629,0.3695150115473441,5.890961153045966,1.0,0.00834499143809047,1.4865924769496086,0.8534635223273386,0.12583562721195438,0.32732069110699713,0.2648776860440777
frozenset({'JUMBO BAG SPACEBOY DESIGN'}),frozenset({'LUNCH BAG SPACEBOY DESIGN '}),0.03049910481515218,0.0588623299934039,0.010522348211200804,0.345005149330587,5.8612214190170215,1.0,0.008727099839067902,1.4368627005918315,0.8554784233436588,0.13346613545816735,0.3040392797529586,0.2618835778670011
frozenset({'60 TEATIME FAIRY CAKE CASES'}),frozenset({'PACK OF 72 RETROSPOT CAKE CASES'}),0.0554386405754311,0.04234067280208562,0.013663347677230896,0.2464589235127479,5.820855154210204,1.0,0.011316038336034139,1.2708787312062548,0.8768132726666727,0.1624346527259149,0.2131428629300848,0.2845796101243265
frozenset({'PACK OF 72 RETROSPOT CAKE CASES'}),frozenset({'60 TEATIME FAIRY CAKE CASES'}),0.04234067280208562,0.0554386405754311,0.013663347677230896,0.32270029673590506,5.820855154210204,1.0,0.011316038336034139,1.3945988088765815,0.8648210415439072,0.1624346527259149,0.2829479032715153,0.2845796101243265
frozenset({'JUMBO BAG STRAWBERRY'}),frozenset({'JUMBO BAG RED RETROSPOT'}),0.04755473191569558,0.08204290605270598,0.022709426139397557,0.4775429326287979,5.820648677681102,1.0,0.018807897736476526,1.7570000508675137,0.8695490128436896,0.21245959447546278,0.4308480529034401,0.3771711600356853
frozenset({'JUMBO BAG RED RETROSPOT'}),frozenset({'JUMBO BAG STRAWBERRY'}),0.08204290605270598,0.04755473191569558,0.022709426139397557,0.2767993874425727,5.820648677681101,1.0,0.018807897736476526,1.316986257404025,0.9022184676290572,0.21245959447546278,0.24069063410642702,0.3771711600356853
"frozenset({'GREEN REGENCY TEACUP AND SAUCER', 'PINK REGENCY TEACUP AND SAUCER'})",frozenset({'REGENCY CAKESTAND 3 TIER'}),0.019631246662688066,0.10418695228821812,0.011872977981593744,0.6048000000000001,5.804949532710281,1.0,0.009827658222190021,2.266733420323335,0.8443080330655622,0.10606060606060606,0.5588365217391307,0.35937919807054575
frozenset({'LUNCH BAG SUKI  DESIGN '}),frozenset({'JUMBO STORAGE BAG SUKI'}),0.03370292427050287,0.053836730847755754,0.010302478248578698,0.3056849953401678,5.678000698159232,1.0,0.00848802298584534,1.3627291111414204,0.8526173687331725,0.13338755591703946,0.26617844161089277,0.2485251114390454
"frozenset({'GREEN REGENCY TEACUP AND SAUCER', 'ROSES REGENCY TEACUP AND SAUCER '})",frozenset({'REGENCY CAKESTAND 3 TIER'}),0.023337626032603573,0.10418695228821812,0.013663347677230896,0.585464333781965,5.6193632784493275,1.0,0.01123187154725175,2.1610035534086167,0.841686868664465,0.12,0.537252033471824,0.35830346625788034
frozenset({'JUMBO STORAGE BAG SKULLS'}),frozenset({'LUNCH BAG  BLACK SKULL.'}),0.03131576467632,0.06272575933662092,0.010962088136445017,0.35005015045135407,5.580644286389464,1.0,0.008997783017915914,1.4420716326256,0.8473444601771227,0.13194706994328922,0.30655317157908046,0.26240614683308816
frozenset({'JUMBO SHOPPER VINTAGE RED PAISLEY'}),frozenset({'JUMBO BAG STRAWBERRY'}),0.052768791029305526,0.04755473191569558,0.0138518076451927,0.2625,5.5199554161162485,1.0,0.011342401934278715,1.2914512109617686,0.8644553819140152,0.16018888485288774,0.2256772911651222,0.27689068692206076
frozenset({'JUMBO BAG STRAWBERRY'}),frozenset({'JUMBO SHOPPER VINTAGE RED PAISLEY'}),0.04755473191569558,0.052768791029305526,0.0138518076451927,0.2912813738441215,5.519955416116248,1.0,0.011342401934278715,1.3365405874945306,0.8597230139623703,0.16018888485288774,0.251799751270859,0.27689068692206076
frozenset({'JUMBO BAG SPACEBOY DESIGN'}),frozenset({'JUMBO BAG RED RETROSPOT'}),0.03049910481515218,0.08204290605270598,0.013726167666551497,0.45005149330587024,5.485562554509567,1.0,0.011223932475510335,1.669169172701915,0.843427061479747,0.13890654799745708,0.4008995514928654,0.30867812031296576
frozenset({'PINK REGENCY TEACUP AND SAUCER'}),frozenset({'REGENCY CAKESTAND 3 TIER'}),0.023431856016584478,0.10418695228821812,0.013380657725288186,0.5710455764075066,5.480970158602891,1.0,0.010939364060463903,2.0883641674780913,0.8371669231453391,0.11712950233709099,0.5211563119244667,0.34973743999754286
frozenset({'JUMBO BAG VINTAGE LEAF'}),frozenset({'JUMBO BAG RED RETROSPOT'}),0.0242485158777523,0.08204290605270598,0.010836448157803814,0.4468911917098446,5.447042446579755,1.0,0.008847029447727833,1.659632029337965,0.8367029393720974,0.11352418558736425,0.3974567962520555,0.28948694348126225
frozenset({'JUMBO  BAG BAROQUE BLACK WHITE'}),frozenset({'JUMBO BAG RED RETROSPOT'}),0.04551308226277601,0.08204290605270598,0.019913936614630777,0.4375431331953072,5.333101352044025,1.0,0.016179911082376767,1.632048870097705,0.8512341331814112,0.18500145900204262,0.3872732500098886,0.34013450687330443
frozenset({'JUMBO BAG RED RETROSPOT'}),frozenset({'JUMBO  BAG BAROQUE BLACK WHITE'}),0.08204290605270598,0.04551308226277601,0.019913936614630777,0.24272588055130168,5.333101352044025,1.0,0.016179911082376767,1.2604245849998126,0.8851087370099818,0.18500145900204262,0.20661655453178202,0.34013450687330443
frozenset({'GREEN REGENCY TEACUP AND SAUCER'}),frozenset({'REGENCY CAKESTAND 3 TIER'}),0.029305525018060746,0.10418695228821812,0.01627037723403587,0.5551982851018221,5.328865783173564,1.0,0.013217123897197992,2.0139604181086566,0.8368676519239553,0.13879957127545553,0.5034659117386645,0.3556817473142514
frozenset({'LUNCH BAG RED SPOTTY'}),frozenset({'LUNCH BAG SPACEBOY DESIGN '}),0.03326318434525866,0.0588623299934039,0.010333888243238998,0.3106704438149197,5.277916179154535,1.0,0.008375939709676955,1.3652942363520346,0.8384197965585886,0.12634408602150538,0.26755715114426454,0.2431153713204801
frozenset({'ROSES REGENCY TEACUP AND SAUCER '}),frozenset({'REGENCY CAKESTAND 3 TIER'}),0.03316895436127776,0.10418695228821812,0.018217796902974526,0.5492424242424242,5.271700651373548,1.0,0.014762024637485997,1.9873499545874822,0.8381070275102531,0.1529132612707619,0.4968173583662714,0.3620496112770758
frozenset({'JUMBO STORAGE BAG SUKI'}),frozenset({'JUMBO BAG RED RETROSPOT'}),0.053836730847755754,0.08204290605270598,0.023023526086000567,0.427654609101517,5.212572660782923,1.0,0.018606604234873324,1.6038516401892582,0.8541402713630821,0.2040077929306986,0.37650093378836597,0.3541412402322286
frozenset({'JUMBO BAG RED RETROSPOT'}),frozenset({'JUMBO STORAGE BAG SUKI'}),0.08204290605270598,0.053836730847755754,0.023023526086000567,0.28062787136294026,5.212572660782922,1.0,0.018606604234873324,1.3152626178955091,0.8803855395815269,0.2040077929306986,0.2396955661979859,0.3541412402322286
frozenset({'JUMBO BAG WOODLAND ANIMALS'}),frozenset({'JUMBO BAG RED RETROSPOT'}),0.02874014511417533,0.08204290605270598,0.012218487922857053,0.42513661202185793,5.1818814383383955,1.0,0.00986056289731363,1.5968265037296085,0.8309000887713326,0.12396430847673677,0.37375788937347787,0.28703231826207753
frozenset({'JUMBO BAG PINK VINTAGE PAISLEY'}),frozenset({'JUMBO BAG RED RETROSPOT'}),0.038571473442849516,0.08204290605270598,0.016396017212677073,0.42508143322475567,5.181208878092092,1.0,0.013231501440690926,1.5966732455627153,0.839370610577186,0.15732368896925855,0.3736977789418835,0.31246414693397045
frozenset({'JUMBO STORAGE BAG SKULLS'}),frozenset({'JUMBO BAG RED RETROSPOT'}),0.03131576467632,0.08204290605270598,0.013097967773345478,0.41825476429287867,5.098000356352365,1.0,0.010528731434037507,1.5779365908025038,0.8298314655668461,0.1306390977443609,0.36626097282437564,0.2889512718861024
frozenset({'JUMBO BAG OWLS'}),frozenset({'JUMBO BAG RED RETROSPOT'}),0.028897195087476835,0.08204290605270598,0.011684518013631937,0.4043478260869565,4.928492243158665,1.0,0.009313708151883359,1.5410958511523916,0.8208175131404548,0.11772151898734176,0.35111109458102424,0.2733837139623144
frozenset({'JUMBO SHOPPER VINTAGE RED PAISLEY'}),frozenset({'JUMBO BAG RED RETROSPOT'}),0.052768791029305526,0.08204290605270598,0.020950466438420707,0.39702380952380956,4.839221678334427,1.0,0.01662116147348852,1.5223770166154533,0.8375517947827161,0.18399999999999997,0.34313249012179725,0.32619184350616204
frozenset({'JUMBO BAG RED RETROSPOT'}),frozenset({'JUMBO SHOPPER VINTAGE RED PAISLEY'}),0.08204290605270598,0.052768791029305526,0.020950466438420707,0.2553598774885145,4.839221678334426,1.0,0.01662116147348852,1.2720657675225984,0.8642617442348117,0.18399999999999997,0.21387712370599982,0.32619184350616204
frozenset({'RED HANGING HEART T-LIGHT HOLDER'}),frozenset({'WHITE HANGING HEART T-LIGHT HOLDER'}),0.05122970129095078,0.15353205389955082,0.03621572384332695,0.7069282648681791,4.60443436346322,1.0,0.028350322583466807,2.888261966715131,0.8250870188337855,0.21487141259783826,0.6537710181679549,0.47140603096109446
frozenset({'WHITE HANGING HEART T-LIGHT HOLDER'}),frozenset({'RED HANGING HEART T-LIGHT HOLDER'}),0.15353205389955082,0.05122970129095078,0.03621572384332695,0.23588379705400986,4.60443436346322,1.0,0.028350322583466807,1.241657087038777,0.9248053171135598,0.21487141259783826,0.19462465890248667,0.47140603096109446
frozenset({'RED RETROSPOT CHARLOTTE BAG'}),frozenset({'JUMBO BAG RED RETROSPOT'}),0.028520275151553223,0.08204290605270598,0.010271068253918396,0.3601321585903084,4.389558779877354,1.0,0.00793118199906219,1.4346042019004182,0.7948561878379237,0.10241152521139991,0.30294362816217785,0.24266179139316338
frozenset({'LUNCH BAG RED RETROSPOT'}),frozenset({'JUMBO BAG RED RETROSPOT'}),0.04774319188365738,0.08204290605270598,0.016113327260734365,0.33749999999999997,4.113701186830014,1.0,0.012196337054367148,1.3855956135053493,0.7948590144387881,0.14175186515612045,0.27828870829769026,0.26695061255742725
frozenset({'JUMBO STORAGE BAG SUKI'}),frozenset({'LUNCH BAG CARS BLUE'}),0.053836730847755754,0.056443760404560735,0.011244778088387725,0.2088681446907818,3.7004647315083026,1.0,0.008206030551452175,1.1926662202555922,0.7712872566981892,0.11354265778623533,0.1615424474873642,0.20404453422630353
frozenset({'LUNCH BAG PINK POLKADOT'}),frozenset({'JUMBO BAG RED RETROSPOT'}),0.0345824041209913,0.08204290605270598,0.010302478248578698,0.29791099000908267,3.631160868652054,1.0,0.007465237316203497,1.3074654080672325,0.7505622230545574,0.09689807976366323,0.23516140937276866,0.2117426312985689
frozenset({'RED RETROSPOT CAKE STAND'}),frozenset({'REGENCY CAKESTAND 3 TIER'}),0.030907434745736092,0.10418695228821812,0.011496058045670133,0.3719512195121952,3.5700364713927515,1.0,0.008275906616464912,1.426343105094488,0.7428504176069176,0.09301143583227446,0.2989064156945918,0.24114594439583228
frozenset({'JUMBO STORAGE BAG SUKI'}),frozenset({'LUNCH BAG  BLACK SKULL.'}),0.053836730847755754,0.06272575933662092,0.011747338002952539,0.21820303383897316,3.4786830186937348,1.0,0.008370388180325776,1.1988716779828594,0.7530781549657102,0.11207671561282588,0.16588237226311622,0.20274197761052312
frozenset({'HEART IVORY TRELLIS LARGE'}),frozenset({'WHITE HANGING HEART T-LIGHT HOLDER'}),0.02321198605396237,0.15353205389955082,0.010302478248578698,0.4438430311231394,2.8908818702674695,1.0,0.006738694354626125,1.5219946768083503,0.6696281934843273,0.061898471409699944,0.3429674786399269,0.2554730703897203
"frozenset({'WOODEN PICTURE FRAME WHITE FINISH', 'WOODEN FRAME ANTIQUE WHITE '})",frozenset({'WHITE HANGING HEART T-LIGHT HOLDER'}),0.0311901246976788,0.15353205389955082,0.01353770769858969,0.4340382678751259,2.827020526665381,1.0,0.008749023792371958,1.4956275275404733,0.6670769091432645,0.07908256880733947,0.33138433093400066,0.26110669531235836
frozenset({'CREAM HEART CARD HOLDER'}),frozenset({'WHITE HANGING HEART T-LIGHT HOLDER'}),0.03546188397147972,0.15353205389955082,0.015265257404906241,0.43046944198405673,2.803775700582327,1.0,0.009820721523617399,1.486255538331893,0.6669908405793373,0.08786837823178449,0.32716819267677516,0.26494830528008073
frozenset({'LUNCH BAG CARS BLUE'}),frozenset({'JUMBO BAG RED RETROSPOT'}),0.056443760404560735,0.08204290605270598,0.01281527782140277,0.22704507512520866,2.767394355574758,1.0,0.008184467689269947,1.1875945988648577,0.6768534111380903,0.10197450637340665,0.15796181545804167,0.19162360953810204
frozenset({'LUNCH BAG  BLACK SKULL.'}),frozenset({'JUMBO BAG RED RETROSPOT'}),0.06272575933662092,0.08204290605270598,0.01344347771460879,0.214321482223335,2.6123097356601517,1.0,0.008297274134269755,1.1683622158143698,0.6585020420435469,0.10236785458024397,0.14410104463795778,0.18909029700753271
frozenset({'WOODEN PICTURE FRAME WHITE FINISH'}),frozenset({'WHITE HANGING HEART T-LIGHT HOLDER'}),0.0520777711467789,0.15353205389955082,0.020856236454439802,0.40048250904704463,2.608461874085671,1.0,0.012860629287764071,1.4119153467148338,0.6505093903564156,0.11288677320639237,0.2917422405481005,0.2681626947853881
frozenset({'WOOD 2 DRAWER CABINET WHITE FINISH'}),frozenset({'WHITE HANGING HEART T-LIGHT HOLDER'}),0.03307472437729685,0.15353205389955082,0.01312937776800578,0.3969610636277303,2.5855256511284885,1.0,0.008051347402197852,1.40367046810043,0.634207697530066,0.07568350534130001,0.28758207661568336,0.24123830595461804
frozenset({'ZINC METAL HEART DECORATION'}),frozenset({'WHITE HANGING HEART T-LIGHT HOLDER'}),0.03907403335741433,0.15353205389955082,0.015453717372868046,0.3954983922829582,2.575998836970651,1.0,0.009454600777364663,1.4002741023257432,0.6366786705816917,0.08723404255319149,0.2858541064645271,0.24807652838370495
"frozenset({'HEART OF WICKER LARGE', 'HEART OF WICKER SMALL'})",frozenset({'WHITE HANGING HEART T-LIGHT HOLDER'}),0.02729528535980149,0.15353205389955082,0.010710808179162609,0.3924050632911392,2.5558510638297873,1.0,0.006520106956097946,1.3931451612903225,0.625822909809085,0.0629615952732644,0.2821997105643994,0.23108387370776273
frozenset({'WOOD S/3 CABINET ANT WHITE FINISH'}),frozenset({'WHITE HANGING HEART T-LIGHT HOLDER'}),0.03147281464962151,0.15353205389955082,0.01212425793887615,0.38522954091816364,2.5091147492249544,1.0,0.007292172063719887,1.3768845486893668,0.6209976046666572,0.07013081395348837,0.27372269450486386,0.2320992221775761
frozenset({'WOODEN FRAME ANTIQUE WHITE '}),frozenset({'WHITE HANGING HEART T-LIGHT HOLDER'}),0.05568992053271351,0.15353205389955082,0.02104469642240161,0.3778905809362662,2.46131391678967,1.0,0.012494508541511335,1.3606415851641853,0.6287266766222109,0.11183441829410784,0.26505259658124264,0.2574804786841724
frozenset({'HEART OF WICKER LARGE'}),frozenset({'WHITE HANGING HEART T-LIGHT HOLDER'}),0.05474762069290448,0.15353205389955082,0.02041649652919559,0.3729202524383247,2.428940686759195,1.0,0.012010981878100414,1.3498569350897374,0.622371236791387,0.10867747868249457,0.2591807516746055,0.25294948792129
frozenset({'LOVE BUILDING BLOCK WORD'}),frozenset({'WHITE HANGING HEART T-LIGHT HOLDER'}),0.04664384207054685,0.15353205389955082,0.01699280711122279,0.36430976430976425,2.3728580127516294,1.0,0.009831482236365454,1.3315729872448803,0.6068742284003246,0.09276406035665295,0.24900849628297766,0.23749448935619144
frozenset({'HANGING HEART ZINC T-LIGHT HOLDER'}),frozenset({'WHITE HANGING HEART T-LIGHT HOLDER'}),0.035838803907403335,0.15353205389955082,0.011558878034990734,0.32252410166520595,2.100695545154493,1.0,0.006056472861783853,1.2494436306605594,0.5434435587132157,0.06500618265324147,0.19964376506420134,0.19890525868857678
frozenset({'HOME BUILDING BLOCK WORD'}),frozenset({'WHITE HANGING HEART T-LIGHT HOLDER'}),0.05751170022301096,0.15353205389955082,0.018531896849577536,0.3222282905516111,2.0987688392577013,1.0,0.009702007391083407,1.2488983153182294,0.5554765882981597,0.09626366454560288,0.19929429983641855,0.22146602743619836
frozenset({'HEART OF WICKER SMALL'}),frozenset({'WHITE HANGING HEART T-LIGHT HOLDER'}),0.05587838050067531,0.15353205389955082,0.017872286961711215,0.3198426082068578,2.0832301795175394,1.0,0.009293164434861924,1.2445177488534702,0.5507513242412063,0.09330928173171532,0.19647590327959225,0.21812506842421447
frozenset({'WOOD BLACK BOARD ANT WHITE FINISH'}),frozenset({'WHITE HANGING HEART T-LIGHT HOLDER'}),0.03291767440399535,0.15353205389955082,0.010428118227219901,0.31679389312977096,2.0633729900925775,1.0,0.005374200066377822,1.2389642563034506,0.5328984260142978,0.05924339757316203,0.192874213350125,0.19235766669581839
frozenset({'HAND OVER THE CHOCOLATE   SIGN '}),frozenset({'WHITE HANGING HEART T-LIGHT HOLDER'}),0.04083299305839118,0.15353205389955082,0.012281307912177655,0.3007692307692308,1.9589995908346975,1.0,0.006012134621056755,1.210570219945637,0.5103755311886541,0.06744868035190617,0.17394300345096297,0.19038052373158756
frozenset({'NATURAL SLATE HEART CHALKBOARD '}),frozenset({'WHITE HANGING HEART T-LIGHT HOLDER'}),0.05141816125891258,0.15353205389955082,0.015171027420925338,0.2950519242516799,1.9217610704584154,1.0,0.007276691515106175,1.200752190438852,0.5056431930676101,0.07994041708043695,0.1671886939181689,0.1969326724368056
frozenset({'GIN + TONIC DIET METAL SIGN'}),frozenset({'WHITE HANGING HEART T-LIGHT HOLDER'}),0.043502842604516756,0.15353205389955082,0.012312717906837956,0.28303249097472927,1.843474921268915,1.0,0.005633637131297614,1.1806224625872328,0.4783560343880099,0.06665533072606701,0.15298918012402896,0.1816144451600324
frozenset({'PLEASE ONE PERSON METAL SIGN'}),frozenset({'WHITE HANGING HEART T-LIGHT HOLDER'}),0.04394258252976097,0.15353205389955082,0.012375537896158558,0.28162973552537524,1.8343383571852234,1.0,0.005628942946713835,1.1783170712383366,0.47574998924334166,0.06685898523672154,0.1513319933920135,0.18111765008674655
frozenset({'COOK WITH WINE METAL SIGN '}),frozenset({'WHITE HANGING HEART T-LIGHT HOLDER'}),0.03847724345886861,0.15353205389955082,0.01074221817382291,0.27918367346938777,1.8184064264003477,1.0,0.004834727957189756,1.174318498270725,0.46807829823262376,0.05926182637324554,0.14844226547348321,0.1745754701225826
frozenset({'VICTORIAN GLASS HANGING T-LIGHT'}),frozenset({'WHITE HANGING HEART T-LIGHT HOLDER'}),0.04529321230015391,0.15353205389955082,0.011590288029651036,0.25589459084604715,1.6667176941009827,1.0,0.0046363281175000074,1.137564565029681,0.41899604618681496,0.0619023653749371,0.12092901735743826,0.165692794604693
frozenset({'STRAWBERRY CERAMIC TRINKET BOX'}),frozenset({'WHITE HANGING HEART T-LIGHT HOLDER'}),0.05710337029242705,0.15353205389955082,0.014385777554417816,0.25192519251925194,1.6408638204245958,1.0,0.005618579828834897,1.1315284750078063,0.41421815673945084,0.07330345710627402,0.11623965097908733,0.17281202342820207
frozenset({'ASSORTED COLOUR BIRD ORNAMENT'}),frozenset({'WHITE HANGING HEART T-LIGHT HOLDER'}),0.083299305839118,0.15353205389955082,0.02035367653987499,0.24434389140271495,1.5914845479926834,1.0,0.007564563025988355,1.120176144240714,0.40542769941433654,0.09402205455600698,0.10728325617233427,0.188456724752094
frozenset({'60 TEATIME FAIRY CAKE CASES'}),frozenset({'WHITE HANGING HEART T-LIGHT HOLDER'}),0.0554386405754311,0.15353205389955082,0.012846687816063072,0.23172804532577904,1.5093137845820024,1.0,0.004335079463118159,1.1017816555068531,0.35725286207966417,0.06550288276745676,0.09237915243744954,0.15770117487238217
frozenset({'REX CASH+CARRY JUMBO SHOPPER'}),frozenset({'WHITE HANGING HEART T-LIGHT HOLDER'}),0.058328360084178785,0.15353205389955082,0.013506297703929391,0.2315562735595046,1.5081949839021989,1.0,0.0045510247796128455,1.1015353720452237,0.3578272336596492,0.06809184481393507,0.0921762247695257,0.15976340682885215
frozenset({'SCOTTIE DOG HOT WATER BOTTLE'}),frozenset({'WHITE HANGING HEART T-LIGHT HOLDER'}),0.045764362220058426,0.15353205389955082,0.010428118227219901,0.22786547700754975,1.48415572657311,1.0,0.003401821700171323,1.096270042194093,0.3418613228423899,0.055213703642108765,0.08781599285648305,0.14789345863470776
frozenset({'LUNCH BAG CARS BLUE'}),frozenset({'WHITE HANGING HEART T-LIGHT HOLDER'}),0.056443760404560735,0.15353205389955082,0.012030027954895248,0.21313299944351696,1.3881987118009922,1.0,0.0033641014901688963,1.0757446245703728,0.29637028783206376,0.06077435734687402,0.07041134377094697,0.145744077463166
frozenset({'PARTY BUNTING'}),frozenset({'WHITE HANGING HEART T-LIGHT HOLDER'}),0.06523855890944498,0.15353205389955082,0.0138518076451927,0.21232546942705827,1.3829390282629408,1.0,0.003835597702378773,1.074641762867135,0.29622779667422544,0.06759656652360516,0.06945734424836746,0.15127320934528038
frozenset({'LUNCH BAG  BLACK SKULL.'}),frozenset({'WHITE HANGING HEART T-LIGHT HOLDER'}),0.06272575933662092,0.15353205389955082,0.012846687816063072,0.20480721081622433,1.3339703704492911,1.0,0.0032162731527027363,1.064481415845464,0.26711302988391233,0.0631562693020383,0.06057542657449754,0.1442407576176048
