Customer ID,Recency,Frequency,Monetary,Cluster,Segment,Avg_InterPurchase_Interval,First_Time_Buyer
0,326,12,77556.46,2,Champions,35.90909090909091,0
1,2,8,4921.53,2,Champions,57.0,0
2,75,5,2019.4,3,At Risk,90.5,0
3,19,4,4428.69,1,Loyal Customers,189.66666666666666,0
4,310,1,334.4,0,Lost Customers,72.0,1
5,375,1,300.93,0,Lost Customers,72.0,1
6,36,10,2849.84,2,Champions,39.22222222222222,0
7,204,2,406.76,0,Lost Customers,204.0,0
8,232,1,1079.4,0,Lost Customers,72.0,1
9,214,2,947.61,3,At Risk,353.0,0
10,23,6,6371.73,2,Champions,79.8,0
11,33,3,18287.66,2,Champions,177.5,0
12,2,5,3887.07,2,Champions,182.0,0
13,58,10,8873.39,2,Champions,74.88888888888889,0
14,52,8,4252.89,2,Champions,85.71428571428571,0
15,287,4,511.25,3,At Risk,131.0,0
16,3,11,5356.23,2,Champions,73.0,0
17,110,2,552.0,0,Lost Customers,132.0,0
18,8,4,1313.1,1,Loyal Customers,34.333333333333336,0
19,291,2,641.38,0,Lost Customers,0.0,0
20,634,1,500.24,0,Lost Customers,72.0,1
21,4,1,168.9,1,Loyal Customers,72.0,1
22,628,1,917.6999999999999,0,Lost Customers,72.0,1
23,413,3,1791.15,3,At Risk,113.5,0
24,51,7,4316.56,2,Champions,102.66666666666667,0
25,45,5,4067.38,3,At Risk,149.5,0
26,72,3,1298.04,3,At Risk,112.0,0
27,311,3,1127.65,3,At Risk,180.5,0
28,25,4,2989.2200000000003,1,Loyal Customers,187.33333333333334,0
29,11,2,457.5,1,Loyal Customers,87.0,0
30,390,2,503.15,0,Lost Customers,28.0,0
31,315,4,3426.32,3,At Risk,91.0,0
32,130,2,5416.32,3,At Risk,432.0,0
33,82,4,1620.22,3,At Risk,150.66666666666666,0
34,22,11,9676.300000000001,2,Champions,63.7,0
35,5,5,1845.31,1,Loyal Customers,28.25,0
36,185,5,1850.56,3,At Risk,41.25,0
37,29,2,585.27,1,Loyal Customers,92.0,0
38,379,1,1938.4,3,At Risk,72.0,1
39,338,2,401.9,0,Lost Customers,29.0,0
40,415,1,143.94,0,Lost Customers,72.0,1
41,16,8,3901.11,2,Champions,80.42857142857143,0
42,403,3,1433.33,3,At Risk,126.0,0
43,80,1,549.84,0,Lost Customers,72.0,1
44,22,6,2724.84,2,Champions,128.0,0
45,591,1,234.75000000000003,0,Lost Customers,72.0,1
46,72,6,2399.4500000000003,3,At Risk,70.8,0
47,64,2,1272.48,1,Loyal Customers,153.0,0
48,19,15,4721.17,2,Champions,41.214285714285715,0
49,674,1,931.43,0,Lost Customers,72.0,1
50,36,2,2409.9,1,Loyal Customers,99.0,0
51,46,1,1635.6599999999999,1,Loyal Customers,72.0,1
52,119,7,1962.3,3,At Risk,87.33333333333333,0
53,414,1,205.25,0,Lost Customers,72.0,1
54,303,1,84.3,0,Lost Customers,72.0,1
55,323,6,1256.9,3,At Risk,69.0,0
56,50,2,1019.36,1,Loyal Customers,471.0,0
57,682,1,63.24,0,Lost Customers,72.0,1
58,149,1,1710.39,3,At Risk,72.0,1
59,22,5,6390.36,2,Champions,168.25,0
60,50,5,1708.1200000000001,3,At Risk,53.0,0
61,33,8,4340.7699999999995,2,Champions,66.14285714285714,0
62,79,7,23419.29,2,Champions,80.66666666666667,0
63,309,3,1013.71,3,At Risk,96.5,0
64,410,1,346.9,0,Lost Customers,72.0,1
65,75,6,2596.93,3,At Risk,92.4,0
66,67,4,999.45,3,At Risk,111.33333333333333,0
67,217,6,952.41,3,At Risk,49.0,0
68,24,28,144458.37,2,Champions,18.846153846153847,0
69,657,1,202.56,0,Lost Customers,72.0,1
70,3,20,6797.41,2,Champions,37.94736842105263,0
71,113,4,2021.2,3,At Risk,172.0,0
72,386,2,503.01,0,Lost Customers,27.0,0
73,64,1,600.39,1,Loyal Customers,72.0,1
74,16,6,1098.6,1,Loyal Customers,97.4,0
75,96,17,5231.8,2,Champions,38.5,0
76,1,10,2622.39,2,Champions,51.111111111111114,0
77,163,4,3340.03,3,At Risk,192.5,0
78,78,2,1741.41,3,At Risk,370.0,0
79,195,2,1345.21,3,At Risk,468.0,0
80,22,3,825.8,1,Loyal Customers,174.5,0
81,26,9,7956.46,2,Champions,31.875,0
82,9,8,6204.41,2,Champions,76.42857142857143,0
83,43,1,256.4,1,Loyal Customers,72.0,1
84,36,27,10432.22,2,Champions,24.923076923076923,0
85,43,5,5059.32,3,At Risk,32.0,0
86,1,10,16794.14,2,Champions,52.44444444444444,0
87,85,3,1103.43,3,At Risk,147.5,0
88,80,6,13925.93,2,Champions,131.2,0
89,100,1,509.01,0,Lost Customers,72.0,1
90,2,39,12683.4,2,Champions,18.86842105263158,0
91,14,2,2906.85,1,Loyal Customers,125.0,0
92,683,2,1142.88,3,At Risk,43.0,0
93,462,2,859.2,0,Lost Customers,255.0,0
94,367,1,173.55,0,Lost Customers,72.0,1
95,3,1,172.06,1,Loyal Customers,72.0,1
96,732,1,485.31,0,Lost Customers,72.0,1
97,21,5,5005.46,2,Champions,37.25,0
98,22,2,434.98,1,Loyal Customers,398.0,0
99,58,1,1002.3100000000001,1,Loyal Customers,72.0,1
100,243,1,476.49,0,Lost Customers,72.0,1
101,44,1,449.45,1,Loyal Customers,72.0,1
102,22,6,4835.89,2,Champions,82.8,0
103,156,5,688.2,3,At Risk,79.0,0
104,11,8,12669.88,2,Champions,73.57142857142857,0
105,17,2,430.57,1,Loyal Customers,0.0,0
106,134,1,707.09,0,Lost Customers,72.0,1
107,56,5,16679.78,2,Champions,90.5,0
108,73,10,5879.95,2,Champions,71.44444444444444,0
109,44,3,3181.04,3,At Risk,104.5,0
110,66,8,2995.91,3,At Risk,52.142857142857146,0
111,71,4,1777.49,3,At Risk,138.33333333333334,0
112,605,1,454.36,0,Lost Customers,72.0,1
113,456,1,326.65,0,Lost Customers,72.0,1
114,94,2,826.88,3,At Risk,60.0,0
115,19,2,1189.59,1,Loyal Customers,284.0,0
116,53,4,1344.78,3,At Risk,62.0,0
117,10,8,1212.05,1,Loyal Customers,42.285714285714285,0
118,17,2,742.1899999999999,1,Loyal Customers,152.0,0
119,682,1,56.73,0,Lost Customers,72.0,1
120,423,1,132.8,0,Lost Customers,72.0,1
121,188,5,3670.74,3,At Risk,123.25,0
122,523,2,3070.54,3,At Risk,14.0,0
123,690,1,211.95,0,Lost Customers,72.0,1
124,2,79,39918.19,2,Champions,9.207792207792208,0
125,32,19,16249.289999999999,2,Champions,37.77777777777778,0
126,29,5,3928.0499999999997,2,Champions,40.25,0
127,17,31,12372.75,2,Champions,21.133333333333333,0
128,54,2,1149.64,1,Loyal Customers,356.0,0
129,16,23,14083.91,2,Champions,21.727272727272727,0
130,23,9,20276.37,2,Champions,74.75,0
131,4,1,680.99,1,Loyal Customers,72.0,1
132,11,1,527.2,1,Loyal Customers,72.0,1
133,28,7,5464.85,2,Champions,79.5,0
134,23,15,12185.51,2,Champions,41.285714285714285,0
135,576,29,23691.4,2,Champions,2.8461538461538463,0
136,17,19,5097.18,2,Champions,36.166666666666664,0
137,33,12,6354.1,2,Champions,58.54545454545455,0
138,529,1,708.1,0,Lost Customers,72.0,1
139,432,1,1037.28,0,Lost Customers,72.0,1
140,731,1,285.29999999999995,0,Lost Customers,72.0,1
141,10,3,1298.66,1,Loyal Customers,32.5,0
142,336,1,334.93,0,Lost Customers,72.0,1
143,5,21,9823.64,2,Champions,36.25,0
144,39,1,460.40000000000003,1,Loyal Customers,72.0,1
145,63,3,715.21,1,Loyal Customers,169.5,0
146,166,2,433.74,0,Lost Customers,31.0,0
147,16,9,1815.27,2,Champions,69.375,0
148,641,1,357.4,0,Lost Customers,72.0,1
149,620,2,45.34,0,Lost Customers,0.0,0
150,82,3,6248.5,3,At Risk,281.0,0
151,21,3,403.70000000000005,1,Loyal Customers,18.0,0
152,560,1,393.72,0,Lost Customers,72.0,1
153,23,19,5955.21,2,Champions,35.72222222222222,0
154,337,1,2169.39,3,At Risk,72.0,1
155,96,5,3723.87,3,At Risk,53.25,0
156,584,1,1126.0,0,Lost Customers,72.0,1
157,18,4,779.05,1,Loyal Customers,192.33333333333334,0
158,409,1,955.2,0,Lost Customers,72.0,1
159,233,1,73.5,0,Lost Customers,72.0,1
160,134,4,1844.06,3,At Risk,150.0,0
161,26,2,397.88,1,Loyal Customers,2.0,0
162,284,1,176.5,0,Lost Customers,72.0,1
163,143,9,5178.02,3,At Risk,73.5,0
164,429,1,3084.02,3,At Risk,72.0,1
165,66,2,132.18,0,Lost Customers,0.0,0
166,113,1,612.29,0,Lost Customers,72.0,1
167,267,2,1597.76,3,At Risk,374.0,0
168,353,1,383.7,0,Lost Customers,72.0,1
169,78,4,2648.62,3,At Risk,173.33333333333334,0
170,28,5,2481.6,1,Loyal Customers,40.0,0
171,1,5,2056.89,1,Loyal Customers,27.0,0
172,64,2,716.54,1,Loyal Customers,413.0,0
173,79,5,2634.26,3,At Risk,48.25,0
174,143,1,599.68,0,Lost Customers,72.0,1
175,39,2,192.72,1,Loyal Customers,12.0,0
176,19,23,4352.35,2,Champions,31.863636363636363,0
177,9,17,11126.11,2,Champions,40.875,0
178,498,3,973.73,3,At Risk,74.0,0
179,1,3,1316.66,1,Loyal Customers,46.5,0
180,82,5,735.51,3,At Risk,111.25,0
181,9,6,1933.48,1,Loyal Customers,60.4,0
182,528,1,316.48,0,Lost Customers,72.0,1
183,60,9,3759.26,2,Champions,72.375,0
184,15,2,1933.2,1,Loyal Customers,671.0,0
185,30,1,349.83000000000004,1,Loyal Customers,72.0,1
186,628,2,1367.89,3,At Risk,110.0,0
187,131,1,1089.18,0,Lost Customers,72.0,1
188,92,2,716.35,1,Loyal Customers,94.0,0
189,43,3,12601.830000000002,3,At Risk,7.5,0
190,409,1,732.94,0,Lost Customers,72.0,1
191,29,2,640.45,1,Loyal Customers,349.0,0
192,22,7,11214.75,2,Champions,115.16666666666667,0
193,20,33,22254.49,2,Champions,21.75,0
194,30,3,981.18,1,Loyal Customers,125.0,0
195,484,2,481.88,0,Lost Customers,156.0,0
196,448,1,980.25,0,Lost Customers,72.0,1
197,36,1,372.7,1,Loyal Customers,72.0,1
198,75,2,1000.39,1,Loyal Customers,184.0,0
199,47,2,1161.5,1,Loyal Customers,31.0,0
200,198,3,383.58,0,Lost Customers,150.5,0
201,166,1,95.19999999999999,0,Lost Customers,72.0,1
202,576,6,1575.68,3,At Risk,24.0,0
203,79,1,964.83,1,Loyal Customers,72.0,1
204,358,1,168.0,0,Lost Customers,72.0,1
205,39,2,437.82,1,Loyal Customers,0.0,0
206,8,12,4608.75,2,Champions,37.18181818181818,0
207,449,1,468.5,0,Lost Customers,72.0,1
208,682,1,129.23,0,Lost Customers,72.0,1
209,50,2,599.56,1,Loyal Customers,100.0,0
210,16,8,18096.14,2,Champions,100.42857142857143,0
211,8,1,269.96,1,Loyal Customers,72.0,1
212,311,2,561.71,0,Lost Customers,8.0,0
213,5,3,2134.01,1,Loyal Customers,68.0,0
214,303,1,238.85,0,Lost Customers,72.0,1
215,8,9,4966.92,2,Champions,53.0,0
216,409,1,249.24,0,Lost Customers,72.0,1
217,261,1,456.9,0,Lost Customers,72.0,1
218,289,1,145.92,0,Lost Customers,72.0,1
219,86,1,351.65,0,Lost Customers,72.0,1
220,23,15,11767.48,2,Champions,45.5,0
221,645,1,70.0,0,Lost Customers,72.0,1
222,2,32,4124.69,2,Champions,8.172413793103448,0
223,682,1,77.52,0,Lost Customers,72.0,1
224,40,2,519.61,1,Loyal Customers,81.0,0
225,9,2,1020.42,1,Loyal Customers,43.0,0
226,227,5,717.41,3,At Risk,58.75,0
227,316,1,218.45,0,Lost Customers,72.0,1
228,457,2,622.8199999999999,0,Lost Customers,69.0,0
229,36,8,2142.72,2,Champions,60.875,0
230,35,8,1617.1,3,At Risk,99.85714285714286,0
231,21,4,4642.45,1,Loyal Customers,140.0,0
232,78,1,440.42,0,Lost Customers,72.0,1
233,247,2,1052.9,3,At Risk,329.0,0
234,40,1,197.71,1,Loyal Customers,72.0,1
235,239,4,1980.4,3,At Risk,112.66666666666667,0
236,3,27,13591.58,2,Champions,27.615384615384617,0
237,4,9,2338.15,2,Champions,34.0,0
238,234,2,2040.1,3,At Risk,117.0,0
239,17,4,2062.67,1,Loyal Customers,235.0,0
240,8,1,144.0,1,Loyal Customers,72.0,1
241,39,4,958.78,1,Loyal Customers,186.0,0
242,29,8,4695.66,2,Champions,94.14285714285714,0
243,211,2,9864.26,3,At Risk,0.0,0
244,317,3,1338.95,3,At Risk,45.5,0
245,92,5,2582.66,3,At Risk,106.5,0
246,109,3,418.09999999999997,0,Lost Customers,55.0,0
247,38,15,5090.110000000001,2,Champions,43.0,0
248,505,1,299.02,0,Lost Customers,72.0,1
249,51,2,618.27,1,Loyal Customers,190.0,0
250,19,4,3811.22,1,Loyal Customers,82.66666666666667,0
251,10,11,4534.09,2,Champions,63.4,0
252,29,13,2296.72,2,Champions,45.083333333333336,0
253,29,21,4967.42,2,Champions,34.7,0
254,190,6,681.26,3,At Risk,42.4,0
255,59,1,153.12,0,Lost Customers,72.0,1
256,22,1,739.1999999999999,1,Loyal Customers,72.0,1
257,79,2,254.18,0,Lost Customers,182.0,0
258,376,4,1232.95,3,At Risk,27.0,0
259,682,1,21.0,0,Lost Customers,72.0,1
260,60,1,1579.51,1,Loyal Customers,72.0,1
261,405,1,415.79,0,Lost Customers,72.0,1
262,78,9,3435.86,3,At Risk,79.875,0
263,23,5,2099.54,1,Loyal Customers,25.25,0
264,52,1,1193.32,1,Loyal Customers,72.0,1
265,74,1,704.0400000000001,1,Loyal Customers,72.0,1
266,57,10,6817.37,2,Champions,73.88888888888889,0
267,278,1,315.6,0,Lost Customers,72.0,1
268,2,8,5740.98,2,Champions,89.57142857142857,0
269,95,3,1131.1,3,At Risk,146.5,0
270,29,1,352.98,1,Loyal Customers,72.0,1
271,22,1,177.31,1,Loyal Customers,72.0,1
272,16,10,3781.38,2,Champions,60.22222222222222,0
273,15,3,1339.41,1,Loyal Customers,94.5,0
274,2,35,24311.2,2,Champions,19.08823529411765,0
275,232,1,180.1,0,Lost Customers,72.0,1
276,276,7,3747.84,3,At Risk,69.66666666666667,0
277,106,2,641.13,3,At Risk,71.0,0
278,212,4,5164.88,3,At Risk,127.66666666666667,0
279,23,9,6620.48,2,Champions,37.5,0
280,11,7,4478.53,2,Champions,21.166666666666668,0
281,4,3,786.46,1,Loyal Customers,29.5,0
282,386,2,1558.22,3,At Risk,37.0,0
283,10,2,1270.88,1,Loyal Customers,34.0,0
284,57,6,3481.57,3,At Risk,105.66666666666667,0
285,521,2,804.88,0,Lost Customers,44.0,0
286,59,7,5678.16,2,Champions,77.33333333333333,0
287,536,2,490.0,0,Lost Customers,12.0,0
288,90,4,2930.41,3,At Risk,122.0,0
289,739,1,141.0,0,Lost Customers,72.0,1
290,67,12,8283.81,2,Champions,39.25,0
291,33,2,921.49,1,Loyal Customers,606.0,0
292,239,3,1312.37,3,At Risk,194.5,0
293,24,3,1174.58,1,Loyal Customers,28.5,0
294,115,1,185.9,0,Lost Customers,72.0,1
295,25,3,1013.26,1,Loyal Customers,41.0,0
296,128,12,8304.82,2,Champions,43.36363636363637,0
297,130,4,1918.49,3,At Risk,188.0,0
298,34,8,3539.3,2,Champions,78.75,0
299,5,2,1346.97,1,Loyal Customers,44.0,0
300,22,36,16955.55,2,Champions,19.235294117647058,0
301,155,4,1112.0,3,At Risk,182.0,0
302,107,8,2294.65,3,At Risk,83.71428571428571,0
303,3,1,314.44,1,Loyal Customers,72.0,1
304,335,4,377.75,0,Lost Customers,43.333333333333336,0
305,331,2,1017.03,3,At Risk,102.0,0
306,149,3,4160.83,3,At Risk,188.5,0
307,11,5,601.98,1,Loyal Customers,70.75,0
308,424,1,261.35,0,Lost Customers,72.0,1
309,17,8,6407.83,2,Champions,77.42857142857143,0
310,11,4,1643.18,1,Loyal Customers,22.0,0
311,19,1,686.05,1,Loyal Customers,72.0,1
312,30,1,91.68,1,Loyal Customers,72.0,1
313,11,1,245.1,1,Loyal Customers,72.0,1
314,436,1,162.0,0,Lost Customers,72.0,1
315,1,20,6726.54,2,Champions,31.94736842105263,0
316,625,2,239.4,0,Lost Customers,43.0,0
317,8,11,6070.04,2,Champions,71.3,0
318,325,3,313.6,0,Lost Customers,171.5,0
319,394,1,1248.42,0,Lost Customers,72.0,1
320,58,1,620.13,1,Loyal Customers,72.0,1
321,12,10,11383.03,2,Champions,66.1,0
322,151,3,2744.0299999999997,3,At Risk,52.5,0
323,10,7,3760.29,2,Champions,109.0,0
324,606,1,2622.481,3,At Risk,72.0,1
325,330,2,437.05,0,Lost Customers,265.0,0
326,5,3,1230.02,1,Loyal Customers,198.0,0
327,39,4,1970.6,1,Loyal Customers,56.333333333333336,0
328,554,2,957.25,0,Lost Customers,24.0,0
329,25,11,2843.09,2,Champions,45.5,0
330,555,2,395.1,0,Lost Customers,111.0,0
331,42,21,34281.18,2,Champions,32.4,0
332,59,4,1113.02,3,At Risk,74.33333333333333,0
333,1,4,880.81,1,Loyal Customers,37.0,0
334,15,45,29834.76,2,Champions,15.704545454545455,0
335,4,52,22950.22,2,Champions,13.901960784313726,0
336,4,21,11633.7,2,Champions,35.7,0
337,8,7,2283.63,2,Champions,33.833333333333336,0
338,28,6,2863.08,2,Champions,12.6,0
339,372,1,89.14,0,Lost Customers,72.0,1
340,481,2,2138.91,3,At Risk,0.0,0
341,114,1,4873.8099999999995,3,At Risk,72.0,1
342,26,2,1247.61,1,Loyal Customers,101.0,0
343,206,1,389.01,0,Lost Customers,72.0,1
344,28,7,1170.4,1,Loyal Customers,65.0,0
345,637,1,110.95,0,Lost Customers,72.0,1
346,127,7,1703.02,3,At Risk,65.33333333333333,0
347,70,3,1843.35,3,At Risk,174.5,0
348,7,7,1407.1200000000001,1,Loyal Customers,109.16666666666667,0
349,435,2,851.91,0,Lost Customers,74.0,0
350,29,3,957.59,1,Loyal Customers,69.5,0
351,590,1,339.75,0,Lost Customers,72.0,1
352,418,1,638.11,0,Lost Customers,72.0,1
353,8,4,4939.99,2,Champions,68.66666666666667,0
354,80,6,2446.41,3,At Risk,110.0,0
355,20,1,219.0,1,Loyal Customers,72.0,1
356,71,4,1006.53,3,At Risk,204.0,0
357,7,8,2340.84,2,Champions,22.571428571428573,0
358,15,14,11762.1,2,Champions,39.46153846153846,0
359,292,1,603.42,0,Lost Customers,72.0,1
360,30,18,5117.66,2,Champions,40.1764705882353,0
361,15,34,30291.76,2,Champions,21.84375,0
362,97,3,1149.02,3,At Risk,51.5,0
363,612,2,1339.05,3,At Risk,65.0,0
364,29,21,6723.03,2,Champions,34.6,0
365,1,1,848.55,1,Loyal Customers,72.0,1
366,9,12,14093.71,2,Champions,65.45454545454545,0
367,106,1,343.36,0,Lost Customers,72.0,1
368,4,2,1053.49,1,Loyal Customers,129.0,0
369,151,3,1308.91,3,At Risk,219.0,0
370,71,1,238.25,0,Lost Customers,72.0,1
371,5,2,644.95,1,Loyal Customers,59.0,0
372,3,30,7787.28,2,Champions,17.0,0
373,32,8,4013.08,2,Champions,62.285714285714285,0
374,85,4,997.63,3,At Risk,21.0,0
375,4,5,725.07,1,Loyal Customers,15.0,0
376,5,7,2317.52,2,Champions,87.83333333333333,0
377,371,4,2266.76,3,At Risk,70.66666666666667,0
378,28,11,4014.6,2,Champions,59.0,0
379,11,10,5679.53,2,Champions,71.11111111111111,0
380,71,5,1070.17,3,At Risk,77.75,0
381,114,1,453.01,0,Lost Customers,72.0,1
382,522,1,829.25,0,Lost Customers,72.0,1
383,24,17,25775.71,2,Champions,38.5625,0
384,180,1,236.26000000000002,0,Lost Customers,72.0,1
385,234,4,2424.87,3,At Risk,151.33333333333334,0
386,353,3,639.65,3,At Risk,19.5,0
387,315,2,779.5699999999999,0,Lost Customers,21.0,0
388,333,1,234.0,0,Lost Customers,72.0,1
389,499,2,3710.5,3,At Risk,0.0,0
390,372,1,155.35,0,Lost Customers,72.0,1
391,78,4,2726.73,3,At Risk,104.66666666666667,0
392,64,1,427.6,1,Loyal Customers,72.0,1
393,529,2,406.07,0,Lost Customers,3.0,0
394,626,1,1201.52,0,Lost Customers,72.0,1
395,134,2,540.13,0,Lost Customers,0.0,0
396,52,11,25317.06,2,Champions,53.6,0
397,487,3,925.41,3,At Risk,97.5,0
398,541,1,254.55,0,Lost Customers,72.0,1
399,2,26,8898.48,2,Champions,28.84,0
400,1,336,53539.64,2,Champions,1.8095238095238095,0
401,4,9,6897.36,2,Champions,64.125,0
402,129,1,275.88,0,Lost Customers,72.0,1
403,445,1,268.27,0,Lost Customers,72.0,1
404,81,1,4366.78,3,At Risk,72.0,1
405,23,6,21429.39,2,Champions,67.4,0
406,236,3,3010.74,3,At Risk,24.0,0
407,281,11,5236.259999999999,3,At Risk,40.9,0
408,87,1,112.07999999999998,0,Lost Customers,72.0,1
409,16,13,7834.650000000001,2,Champions,15.833333333333334,0
410,117,7,9903.24,3,At Risk,103.16666666666667,0
411,52,8,5020.74,2,Champions,97.14285714285714,0
412,456,1,347.8,0,Lost Customers,72.0,1
413,458,2,782.95,0,Lost Customers,7.0,0
414,8,2,1898.52,1,Loyal Customers,17.0,0
415,138,2,494.08,0,Lost Customers,230.0,0
416,317,1,1693.88,3,At Risk,72.0,1
417,472,6,1404.58,3,At Risk,33.4,0
418,4,9,8918.99,2,Champions,50.125,0
419,376,1,949.82,0,Lost Customers,72.0,1
420,451,1,168.69000000000003,0,Lost Customers,72.0,1
421,239,1,1143.6,0,Lost Customers,72.0,1
422,211,2,3246.45,3,At Risk,245.0,0
423,486,1,282.3,0,Lost Customers,72.0,1
424,60,1,892.47,1,Loyal Customers,72.0,1
425,564,1,124.25,0,Lost Customers,72.0,1
426,536,1,98.7,0,Lost Customers,72.0,1
427,17,7,1686.12,1,Loyal Customers,64.83333333333333,0
428,668,1,55.5,0,Lost Customers,72.0,1
429,458,1,519.45,0,Lost Customers,72.0,1
430,20,9,1775.68,2,Champions,72.375,0
431,38,14,6474.11,2,Champions,53.30769230769231,0
432,599,1,337.4,0,Lost Customers,72.0,1
433,64,2,826.74,1,Loyal Customers,221.0,0
434,5,11,4618.24,2,Champions,50.8,0
435,2,6,2225.91,2,Champions,14.2,0
436,9,3,1763.15,1,Loyal Customers,259.5,0
437,364,3,1100.4,3,At Risk,183.0,0
438,610,1,728.5,0,Lost Customers,72.0,1
439,10,4,862.18,1,Loyal Customers,134.0,0
440,463,4,444.9,0,Lost Customers,21.333333333333332,0
441,65,3,273.35,1,Loyal Customers,314.0,0
442,192,2,591.85,0,Lost Customers,218.0,0
443,374,6,863.51,3,At Risk,49.8,0
444,257,2,827.01,3,At Risk,278.0,0
445,335,3,885.53,3,At Risk,33.0,0
446,53,2,860.41,1,Loyal Customers,45.0,0
447,19,1,430.48,1,Loyal Customers,72.0,1
448,628,1,381.0,0,Lost Customers,72.0,1
449,366,2,552.08,0,Lost Customers,58.0,0
450,10,4,8510.93,2,Champions,136.66666666666666,0
451,529,1,219.35,0,Lost Customers,72.0,1
452,470,3,584.25,0,Lost Customers,103.0,0
453,501,1,1071.82,0,Lost Customers,72.0,1
454,187,7,2416.42,3,At Risk,62.5,0
455,393,1,1092.81,0,Lost Customers,72.0,1
456,466,2,325.37,0,Lost Customers,34.0,0
457,382,4,1434.95,3,At Risk,97.33333333333333,0
458,435,4,2878.96,3,At Risk,50.666666666666664,0
459,383,1,330.35,0,Lost Customers,72.0,1
460,37,5,776.7,1,Loyal Customers,106.0,0
461,178,3,1755.94,3,At Risk,234.0,0
462,535,2,534.99,0,Lost Customers,142.0,0
463,261,5,1033.9,3,At Risk,41.0,0
464,45,1,229.64000000000001,1,Loyal Customers,72.0,1
465,502,3,1687.8,3,At Risk,95.0,0
466,102,1,125.92,0,Lost Customers,72.0,1
467,148,2,1063.46,3,At Risk,50.0,0
468,96,2,572.2,1,Loyal Customers,80.0,0
469,281,3,690.98,3,At Risk,76.0,0
470,262,1,1542.08,3,At Risk,72.0,1
471,458,1,540.52,0,Lost Customers,72.0,1
472,3,11,2689.52,2,Champions,72.6,0
473,214,2,220.8,0,Lost Customers,397.0,0
474,71,2,948.88,1,Loyal Customers,16.0,0
475,75,18,6501.5,2,Champions,35.1764705882353,0
476,60,1,397.12,1,Loyal Customers,72.0,1
477,521,2,518.63,0,Lost Customers,120.0,0
478,3,12,2800.75,2,Champions,64.9090909090909,0
479,6,3,430.15000000000003,1,Loyal Customers,19.0,0
480,3,6,1018.71,1,Loyal Customers,25.0,0
481,337,3,385.3,0,Lost Customers,106.0,0
482,38,6,6814.64,2,Champions,26.2,0
483,262,3,451.11,0,Lost Customers,100.0,0
484,32,2,383.03,1,Loyal Customers,65.0,0
485,145,1,417.38,0,Lost Customers,72.0,1
486,283,1,312.38,0,Lost Customers,72.0,1
487,428,41,5996.83,2,Champions,7.048780487804878,0
488,59,15,6559.7300000000005,2,Champions,44.8,0
489,173,2,662.66,0,Lost Customers,396.0,0
490,34,10,2975.91,2,Champions,61.55555555555556,0
491,3,26,9669.12,2,Champions,28.8,0
492,144,7,4041.97,3,At Risk,87.83333333333333,0
493,5,40,6958.2,2,Champions,13.052631578947368,0
494,70,4,1917.99,3,At Risk,222.33333333333334,0
495,66,30,6583.36,2,Champions,22.310344827586206,0
496,29,4,648.6,1,Loyal Customers,187.66666666666666,0
497,267,4,354.09,0,Lost Customers,7.333333333333333,0
498,682,1,15.58,0,Lost Customers,72.0,1
499,22,2,1609.0,1,Loyal Customers,365.0,0
500,676,1,208.0,0,Lost Customers,72.0,1
501,31,6,3042.47,2,Champions,111.6,0
502,446,1,330.0,0,Lost Customers,72.0,1
503,97,2,280.76,0,Lost Customers,380.0,0
504,295,1,311.55,0,Lost Customers,72.0,1
505,135,11,3907.5,3,At Risk,53.4,0
506,79,7,2970.9700000000003,3,At Risk,107.83333333333333,0
507,373,4,612.84,3,At Risk,9.333333333333334,0
508,8,6,2170.78,1,Loyal Customers,10.8,0
509,211,6,3688.0,3,At Risk,94.0,0
510,383,1,147.27,0,Lost Customers,72.0,1
511,459,1,575.1,0,Lost Customers,72.0,1
512,693,1,54.22,0,Lost Customers,72.0,1
513,620,1,68.25,0,Lost Customers,72.0,1
514,426,2,984.62,3,At Risk,69.0,0
515,52,6,2792.5499999999997,3,At Risk,106.8,0
516,138,2,299.57,0,Lost Customers,369.0,0
517,26,4,3323.47,1,Loyal Customers,149.66666666666666,0
518,283,3,1227.35,3,At Risk,109.0,0
519,26,13,7829.26,2,Champions,57.5,0
520,186,8,2043.76,3,At Risk,29.142857142857142,0
521,682,1,337.66999999999996,0,Lost Customers,72.0,1
522,375,3,1676.95,3,At Risk,124.0,0
523,84,3,744.02,3,At Risk,177.5,0
524,327,12,3283.96,3,At Risk,36.72727272727273,0
525,282,3,2027.3,3,At Risk,199.5,0
526,385,2,948.42,3,At Risk,169.0,0
527,143,5,1356.99,3,At Risk,138.25,0
528,58,4,4081.79,3,At Risk,177.0,0
529,4,20,2942.14,2,Champions,35.578947368421055,0
530,236,2,854.99,3,At Risk,29.0,0
531,45,3,573.22,1,Loyal Customers,23.0,0
532,382,2,640.13,0,Lost Customers,192.0,0
533,276,1,298.0,0,Lost Customers,72.0,1
534,9,2,1463.04,1,Loyal Customers,24.0,0
535,25,4,703.47,1,Loyal Customers,21.333333333333332,0
536,88,1,309.05,0,Lost Customers,72.0,1
537,63,3,1175.22,3,At Risk,30.0,0
538,68,2,1378.4,1,Loyal Customers,151.0,0
539,384,1,222.4,0,Lost Customers,72.0,1
540,214,2,354.12,0,Lost Customers,41.0,0
541,381,4,385.46000000000004,0,Lost Customers,40.0,0
542,24,2,706.02,1,Loyal Customers,181.5,0
543,186,11,840.5,3,At Risk,46.9,0
544,397,1,263.38,0,Lost Customers,72.0,1
545,31,1,176.55,1,Loyal Customers,72.0,1
546,575,1,157.35,0,Lost Customers,72.0,1
547,42,2,372.8,1,Loyal Customers,44.0,0
548,205,4,514.25,3,At Risk,112.66666666666667,0
549,464,2,296.21000000000004,0,Lost Customers,195.0,0
550,414,1,366.4,0,Lost Customers,72.0,1
551,422,1,340.33,0,Lost Customers,72.0,1
552,9,28,17654.54,2,Champions,9.222222222222221,0
553,265,1,138.68,0,Lost Customers,72.0,1
554,429,1,833.53,0,Lost Customers,72.0,1
555,18,2,496.06,1,Loyal Customers,154.0,0
556,577,2,1018.42,3,At Risk,105.0,0
557,12,5,2919.81,1,Loyal Customers,22.0,0
558,396,2,508.91,0,Lost Customers,98.0,0
559,176,5,1776.0,3,At Risk,113.0,0
560,40,8,3103.19,2,Champions,87.42857142857143,0
561,23,13,5796.52,2,Champions,49.5,0
562,552,1,1651.72,0,Lost Customers,72.0,1
563,3,5,1662.3,1,Loyal Customers,8.75,0
564,5,13,6283.24,2,Champions,60.75,0
565,401,1,223.98,0,Lost Customers,72.0,1
566,149,4,975.1,3,At Risk,146.33333333333334,0
567,139,7,4479.73,3,At Risk,90.33333333333333,0
568,128,6,4359.2,3,At Risk,120.0,0
569,626,1,10953.5,3,At Risk,72.0,1
570,8,6,1335.19,1,Loyal Customers,31.8,0
571,17,4,486.64,1,Loyal Customers,353.5,0
572,9,74,35233.24,2,Champions,9.791666666666666,0
573,161,1,405.38,0,Lost Customers,72.0,1
574,64,3,770.42,1,Loyal Customers,255.0,0
575,88,12,2469.4,3,At Risk,58.0,0
576,5,3,729.3299999999999,1,Loyal Customers,294.0,0
577,411,4,1523.97,3,At Risk,104.33333333333333,0
578,395,1,197.31,0,Lost Customers,72.0,1
579,35,12,4304.89,2,Champions,46.18181818181818,0
580,312,1,117.85,0,Lost Customers,72.0,1
581,78,2,415.8,1,Loyal Customers,93.0,0
582,22,57,92347.34,2,Champions,12.618181818181819,0
583,539,8,1698.56,3,At Risk,17.857142857142858,0
584,24,8,1636.6299999999999,2,Champions,100.28571428571429,0
585,737,1,181.65,0,Lost Customers,72.0,1
586,2,15,4243.86,2,Champions,42.785714285714285,0
587,17,4,1063.9,1,Loyal Customers,20.0,0
588,15,9,3097.61,2,Champions,89.75,0
589,26,1,114.14,1,Loyal Customers,72.0,1
590,64,20,25264.8,2,Champions,34.77777777777778,0
591,55,2,899.69,1,Loyal Customers,33.0,0
592,724,1,377.49,0,Lost Customers,72.0,1
593,131,3,675.6,3,At Risk,117.0,0
594,558,2,496.5,0,Lost Customers,47.0,0
595,36,2,604.51,1,Loyal Customers,319.0,0
596,288,2,900.11,3,At Risk,367.0,0
597,437,1,324.45,0,Lost Customers,72.0,1
598,144,6,1603.99,3,At Risk,45.6,0
599,16,9,2317.43,2,Champions,89.75,0
600,31,22,15526.7,2,Champions,35.0,0
601,2,3,1843.0,1,Loyal Customers,10.5,0
602,9,15,3213.7200000000003,2,Champions,48.857142857142854,0
603,6,4,1387.79,1,Loyal Customers,24.0,0
604,10,2,828.8100000000001,1,Loyal Customers,512.0,0
605,639,1,162.45,0,Lost Customers,72.0,1
606,1,11,4757.16,2,Champions,26.3,0
607,306,4,521.89,3,At Risk,138.66666666666666,0
608,10,13,8706.97,2,Champions,59.5,0
609,400,2,467.34,0,Lost Customers,182.0,0
610,484,1,150.95,0,Lost Customers,72.0,1
611,414,4,1322.07,3,At Risk,81.66666666666667,0
612,379,1,211.99,0,Lost Customers,72.0,1
613,7,2,266.39,1,Loyal Customers,106.0,0
614,8,12,3235.79,2,Champions,45.81818181818182,0
615,437,1,132.24,0,Lost Customers,72.0,1
616,89,1,769.8100000000001,0,Lost Customers,72.0,1
617,10,1,160.18,1,Loyal Customers,72.0,1
618,358,3,2938.52,3,At Risk,12.0,0
619,112,1,135.95,0,Lost Customers,72.0,1
620,603,1,122.45,0,Lost Customers,72.0,1
621,7,10,1453.6,2,Champions,80.77777777777777,0
622,4,116,15704.6,2,Champions,6.054054054054054,0
623,414,4,1161.2,3,At Risk,81.66666666666667,0
624,414,1,385.55,0,Lost Customers,72.0,1
625,198,2,408.95,0,Lost Customers,367.0,0
626,437,6,2100.09,3,At Risk,59.0,0
627,212,8,3156.38,3,At Risk,64.42857142857143,0
628,156,4,513.88,3,At Risk,118.0,0
629,385,5,2502.82,3,At Risk,85.75,0
630,729,1,517.7,0,Lost Customers,72.0,1
631,158,21,16245.78,2,Champions,28.5,0
632,30,2,372.21999999999997,1,Loyal Customers,103.0,0
633,243,8,2744.81,3,At Risk,51.42857142857143,0
634,598,1,490.08000000000004,0,Lost Customers,72.0,1
635,19,1,97.5,1,Loyal Customers,72.0,1
636,1,2,1239.38,1,Loyal Customers,27.0,0
637,429,10,2729.84,3,At Risk,28.444444444444443,0
638,74,5,1312.21,3,At Risk,153.25,0
639,292,1,505.82,0,Lost Customers,72.0,1
640,3,33,13551.75,2,Champions,23.0,0
641,31,7,955.5,1,Loyal Customers,97.33333333333333,0
642,23,3,764.82,1,Loyal Customers,183.0,0
643,725,1,93.35000000000001,0,Lost Customers,72.0,1
644,23,8,1259.6299999999999,1,Loyal Customers,90.57142857142857,0
645,4,3,974.4200000000001,1,Loyal Customers,131.5,0
646,85,1,211.32,0,Lost Customers,72.0,1
647,376,1,355.5,0,Lost Customers,72.0,1
648,22,8,2110.91,2,Champions,83.71428571428571,0
649,493,3,920.08,3,At Risk,80.0,0
650,196,3,455.88,0,Lost Customers,24.0,0
651,107,4,1032.5,3,At Risk,205.66666666666666,0
652,4,33,24042.65,2,Champions,22.3125,0
653,318,3,414.13,0,Lost Customers,58.0,0
654,106,3,149.05,0,Lost Customers,54.0,0
655,12,36,11650.85,2,Champions,19.857142857142858,0
656,174,4,999.68,3,At Risk,94.0,0
657,56,1,81.57,0,Lost Customers,72.0,1
658,580,1,175.25,0,Lost Customers,72.0,1
659,323,3,612.13,3,At Risk,199.5,0
660,673,1,234.0,0,Lost Customers,72.0,1
661,374,2,330.12,0,Lost Customers,274.0,0
662,372,1,50.550000000000004,0,Lost Customers,72.0,1
663,9,11,2957.83,2,Champions,57.6,0
664,1,29,11097.43,2,Champions,24.482758620689655,0
665,11,11,5381.08,2,Champions,41.8,0
666,53,11,6579.78,2,Champions,54.4,0
667,73,3,789.89,1,Loyal Customers,24.5,0
668,7,1,204.0,1,Loyal Customers,72.0,1
669,16,35,9763.16,2,Champions,19.375,0
670,379,6,1229.95,3,At Risk,70.2,0
671,563,2,618.96,0,Lost Customers,97.0,0
672,4,17,4887.24,2,Champions,45.125,0
673,430,1,65.3,0,Lost Customers,72.0,1
674,64,3,1449.03,3,At Risk,154.33333333333334,0
675,471,2,555.87,0,Lost Customers,111.0,0
676,732,1,323.39,0,Lost Customers,72.0,1
677,1,9,1733.08,2,Champions,90.0,0
678,114,19,17239.2,2,Champions,31.38888888888889,0
679,23,2,661.3199999999999,1,Loyal Customers,22.0,0
680,31,5,1927.3,1,Loyal Customers,122.5,0
681,11,2,752.4399999999999,1,Loyal Customers,356.0,0
682,407,5,3292.84,3,At Risk,36.25,0
683,52,9,2815.96,2,Champions,50.625,0
684,357,2,220.55,0,Lost Customers,72.0,0
685,55,3,756.82,1,Loyal Customers,172.5,0
686,74,3,1364.2,3,At Risk,178.0,0
687,685,1,307.1,0,Lost Customers,72.0,1
688,138,12,3914.9500000000003,3,At Risk,53.81818181818182,0
689,80,3,908.46,3,At Risk,104.5,0
690,584,4,1010.73,3,At Risk,45.333333333333336,0
691,9,2,676.99,1,Loyal Customers,24.0,0
692,451,4,799.13,3,At Risk,46.0,0
693,598,3,1488.59,3,At Risk,66.5,0
694,273,1,516.42,0,Lost Customers,72.0,1
695,291,11,4848.05,3,At Risk,40.3,0
696,99,3,808.92,3,At Risk,193.0,0
697,31,3,949.25,1,Loyal Customers,212.5,0
698,32,24,8428.53,2,Champions,31.09090909090909,0
699,14,9,4049.13,2,Champions,83.0,0
700,64,4,1408.24,3,At Risk,111.66666666666667,0
701,15,35,11986.52,2,Champions,20.264705882352942,0
702,579,2,155.8,0,Lost Customers,40.0,0
703,212,7,3119.33,3,At Risk,73.16666666666667,0
704,622,1,127.65,0,Lost Customers,72.0,1
705,78,4,2321.11,3,At Risk,117.0,0
706,551,1,209.48,0,Lost Customers,72.0,1
707,530,3,709.59,3,At Risk,50.5,0
708,25,3,271.40000000000003,1,Loyal Customers,63.0,0
709,250,10,2291.77,3,At Risk,40.55555555555556,0
710,254,1,307.53,0,Lost Customers,72.0,1
711,72,1,248.61,0,Lost Customers,72.0,1
712,191,1,346.98,0,Lost Customers,72.0,1
713,481,1,188.4,0,Lost Customers,72.0,1
714,13,6,1666.8400000000001,1,Loyal Customers,115.2,0
715,373,5,1055.05,3,At Risk,43.25,0
716,24,2,470.8,1,Loyal Customers,7.0,0
717,82,3,508.51,1,Loyal Customers,181.5,0
718,10,2,344.0,1,Loyal Customers,309.0,0
719,1,38,9284.45,2,Champions,14.27027027027027,0
720,192,4,751.7,3,At Risk,179.66666666666666,0
721,612,1,129.22,0,Lost Customers,72.0,1
722,267,1,177.15,0,Lost Customers,72.0,1
723,411,2,418.08,0,Lost Customers,26.0,0
724,511,4,1378.74,3,At Risk,70.33333333333333,0
725,130,1,919.61,0,Lost Customers,72.0,1
726,458,1,135.4,0,Lost Customers,72.0,1
727,1,11,2740.65,2,Champions,72.3,0
728,3,57,29018.06,2,Champions,12.714285714285714,0
729,4,6,419.18,1,Loyal Customers,82.2,0
730,179,4,280.73,0,Lost Customers,143.0,0
731,12,28,56838.37,2,Champions,26.185185185185187,0
732,126,21,7335.75,2,Champions,29.15,0
733,4,3,395.43,1,Loyal Customers,210.0,0
734,492,1,122.39999999999999,0,Lost Customers,72.0,1
735,158,8,2433.28,3,At Risk,82.71428571428571,0
736,383,1,439.33000000000004,0,Lost Customers,72.0,1
737,726,1,313.64,0,Lost Customers,72.0,1
738,417,1,236.11,0,Lost Customers,72.0,1
739,3,203,113416.91,2,Champions,3.3705583756345177,0
740,9,24,13091.74,2,Champions,20.652173913043477,0
741,28,3,2321.82,1,Loyal Customers,350.5,0
742,71,12,2140.28,3,At Risk,53.72727272727273,0
743,276,55,54144.25,2,Champions,8.092592592592593,0
744,21,13,2209.44,2,Champions,30.166666666666668,0
745,71,1,74.39999999999999,0,Lost Customers,72.0,1
746,394,1,419.70000000000005,0,Lost Customers,72.0,1
747,33,28,13324.1,2,Champions,25.77777777777778,0
748,1,28,28882.44,2,Champions,11.222222222222221,0
749,99,1,207.35999999999999,0,Lost Customers,72.0,1
750,234,4,695.4,3,At Risk,148.33333333333334,0
751,1,37,11380.1,2,Champions,15.63888888888889,0
752,40,3,709.64,1,Loyal Customers,268.0,0
753,3,9,1709.1,2,Champions,80.75,0
754,436,1,72.0,0,Lost Customers,72.0,1
755,133,2,603.46,0,Lost Customers,280.0,0
756,44,9,5253.07,2,Champions,78.25,0
757,373,2,748.46,0,Lost Customers,62.0,0
758,60,3,1134.03,1,Loyal Customers,245.5,0
759,31,12,2957.4700000000003,2,Champions,63.90909090909091,0
760,719,1,321.88000000000005,0,Lost Customers,72.0,1
761,541,1,20.6,0,Lost Customers,72.0,1
762,1,37,18230.07,2,Champions,16.72222222222222,0
763,731,1,234.38,0,Lost Customers,72.0,1
764,12,10,5494.7,2,Champions,64.77777777777777,0
765,138,1,501.14,0,Lost Customers,72.0,1
766,22,18,2255.66,2,Champions,35.0,0
767,20,9,2415.41,2,Champions,51.875,0
768,669,1,134.9,0,Lost Customers,72.0,1
769,239,1,30.599999999999998,0,Lost Customers,72.0,1
770,269,1,283.73,0,Lost Customers,72.0,1
771,94,2,922.39,3,At Risk,146.0,0
772,473,2,506.75,0,Lost Customers,56.0,0
773,90,4,4641.66,3,At Risk,97.66666666666667,0
774,524,1,148.62,0,Lost Customers,72.0,1
775,5,13,3774.81,2,Champions,53.166666666666664,0
776,78,1,259.17,0,Lost Customers,72.0,1
777,631,1,263.5,0,Lost Customers,72.0,1
778,452,2,233.25,0,Lost Customers,77.0,0
779,94,1,64.0,0,Lost Customers,72.0,1
780,23,7,3313.77,2,Champions,107.0,0
781,262,1,77.3,0,Lost Customers,72.0,1
782,274,3,200.45000000000002,0,Lost Customers,92.5,0
783,86,6,2475.23,3,At Risk,65.6,0
784,197,2,3371.45,3,At Risk,294.0,0
785,56,13,6274.56,2,Champions,55.833333333333336,0
786,11,16,7586.94,2,Champions,32.2,0
787,22,7,1274.01,1,Loyal Customers,62.0,0
788,16,8,8202.98,2,Champions,59.857142857142854,0
789,108,5,1054.92,3,At Risk,95.0,0
790,85,17,7656.08,2,Champions,39.8125,0
791,19,1,307.09,1,Loyal Customers,72.0,1
792,585,1,405.1,0,Lost Customers,72.0,1
793,333,2,135.35,0,Lost Customers,98.0,0
794,40,7,1128.52,3,At Risk,93.16666666666667,0
795,26,1,228.91,1,Loyal Customers,72.0,1
796,10,4,712.8000000000001,1,Loyal Customers,29.333333333333332,0
797,29,26,8497.82,2,Champions,27.76,0
798,14,4,1676.06,1,Loyal Customers,91.0,0
799,484,3,449.96999999999997,0,Lost Customers,73.0,0
800,296,3,2465.21,3,At Risk,165.5,0
801,417,7,2146.38,3,At Risk,45.833333333333336,0
802,6,1,486.22,1,Loyal Customers,72.0,1
803,399,3,1624.84,3,At Risk,168.0,0
804,33,6,1370.48,1,Loyal Customers,91.0,0
805,385,3,1586.54,3,At Risk,145.0,0
806,49,9,5687.36,2,Champions,73.625,0
807,95,5,1508.18,3,At Risk,73.0,0
808,9,4,1429.35,1,Loyal Customers,35.0,0
809,22,1,91.8,1,Loyal Customers,72.0,1
810,313,2,472.13,0,Lost Customers,187.0,0
811,122,16,9275.49,2,Champions,40.53333333333333,0
812,610,1,17.65,0,Lost Customers,72.0,1
813,569,2,372.2,0,Lost Customers,98.0,0
814,46,3,1451.16,1,Loyal Customers,183.0,0
815,283,2,875.93,3,At Risk,131.0,0
816,19,5,1125.15,1,Loyal Customers,92.25,0
817,36,5,1840.73,1,Loyal Customers,125.75,0
818,64,3,840.08,1,Loyal Customers,248.5,0
819,27,1,108.81,1,Loyal Customers,72.0,1
820,22,3,468.41,1,Loyal Customers,138.5,0
821,400,1,69.6,0,Lost Customers,72.0,1
822,4,11,2399.82,2,Champions,72.2,0
823,16,12,7995.36,2,Champions,64.9090909090909,0
824,582,2,831.45,0,Lost Customers,153.0,0
825,46,1,481.49,1,Loyal Customers,72.0,1
826,65,2,512.2,1,Loyal Customers,365.0,0
827,26,21,14059.19,2,Champions,34.3,0
828,619,1,572.3100000000001,0,Lost Customers,72.0,1
829,607,1,86.10000000000001,0,Lost Customers,72.0,1
830,381,1,359.69,0,Lost Customers,72.0,1
831,45,1,121.18,0,Lost Customers,72.0,1
832,8,15,7036.18,2,Champions,44.214285714285715,0
833,15,10,1668.95,2,Champions,30.11111111111111,0
834,268,1,71.4,0,Lost Customers,72.0,1
835,40,3,1575.89,1,Loyal Customers,44.0,0
836,337,4,341.36,0,Lost Customers,95.33333333333333,0
837,11,1,114.60000000000001,1,Loyal Customers,72.0,1
838,19,2,260.68,1,Loyal Customers,96.0,0
839,544,3,570.66,0,Lost Customers,93.5,0
840,658,1,164.69,0,Lost Customers,72.0,1
841,95,6,2558.58,3,At Risk,117.8,0
842,61,1,112.08,0,Lost Customers,72.0,1
843,136,2,472.78,0,Lost Customers,285.0,0
844,414,1,136.73,0,Lost Customers,72.0,1
845,11,7,3068.84,2,Champions,100.83333333333333,0
846,610,1,373.01000000000005,0,Lost Customers,72.0,1
847,10,8,4974.2300000000005,2,Champions,60.285714285714285,0
848,4,67,15964.210000000001,2,Champions,11.0,0
849,19,4,870.09,1,Loyal Customers,35.0,0
850,502,4,1233.06,3,At Risk,46.333333333333336,0
851,394,7,1580.3,3,At Risk,47.714285714285715,0
852,10,10,2648.25,2,Champions,78.55555555555556,0
853,731,1,966.6600000000001,0,Lost Customers,72.0,1
854,443,1,2803.2,3,At Risk,72.0,1
855,400,13,8308.19,3,At Risk,27.166666666666668,0
856,15,4,535.86,1,Loyal Customers,198.33333333333334,0
857,59,9,1976.3,3,At Risk,84.25,0
858,30,13,8509.51,2,Champions,54.166666666666664,0
859,94,1,353.48,0,Lost Customers,72.0,1
860,10,10,2618.77,2,Champions,80.0,0
861,20,3,786.83,1,Loyal Customers,20.5,0
862,57,11,3851.52,2,Champions,50.6,0
863,418,7,3264.23,3,At Risk,37.666666666666664,0
864,402,1,81.6,0,Lost Customers,72.0,1
865,268,1,333.74,0,Lost Customers,72.0,1
866,122,4,666.48,3,At Risk,177.0,0
867,127,1,62.63999999999999,0,Lost Customers,72.0,1
868,618,1,76.23,0,Lost Customers,72.0,1
869,78,5,1336.0900000000001,3,At Risk,124.0,0
870,240,2,847.41,3,At Risk,119.0,0
871,577,1,88.5,0,Lost Customers,72.0,1
872,200,6,969.1200000000001,3,At Risk,92.4,0
873,60,2,2155.95,3,At Risk,91.0,0
874,3,16,16260.07,2,Champions,47.53333333333333,0
875,273,2,312.46,0,Lost Customers,120.0,0
876,202,1,257.7,0,Lost Customers,72.0,1
877,81,1,358.0,0,Lost Customers,72.0,1
878,226,1,160.95,0,Lost Customers,72.0,1
879,4,30,6120.01,2,Champions,19.741935483870968,0
880,13,7,1328.35,1,Loyal Customers,38.0,0
881,74,4,1176.46,3,At Risk,206.0,0
882,673,2,346.5,0,Lost Customers,59.0,0
883,212,1,1031.07,0,Lost Customers,72.0,1
884,25,2,744.85,1,Loyal Customers,82.0,0
885,388,1,643.0,0,Lost Customers,72.0,1
886,17,6,1006.63,1,Loyal Customers,114.0,0
887,262,5,1594.69,3,At Risk,59.75,0
888,96,8,1475.79,3,At Risk,79.0,0
889,412,1,112.53,0,Lost Customers,72.0,1
890,112,7,699.4,3,At Risk,92.16666666666667,0
891,203,5,1220.38,3,At Risk,106.5,0
892,93,1,121.74000000000001,0,Lost Customers,72.0,1
893,51,2,989.22,1,Loyal Customers,381.0,0
894,18,11,3351.75,2,Champions,50.4,0
895,18,4,501.12,1,Loyal Customers,21.0,0
896,125,2,465.68,0,Lost Customers,64.0,0
897,92,9,1608.93,3,At Risk,73.625,0
898,461,2,253.09,0,Lost Customers,41.0,0
899,402,1,252.68,0,Lost Customers,72.0,1
900,394,2,399.3,0,Lost Customers,231.0,0
901,157,4,2951.11,3,At Risk,182.0,0
902,376,1,51.410000000000004,0,Lost Customers,72.0,1
903,9,3,678.76,1,Loyal Customers,251.0,0
904,436,1,149.75,0,Lost Customers,72.0,1
905,12,5,1009.43,1,Loyal Customers,96.75,0
906,62,9,1402.54,3,At Risk,79.25,0
907,61,1,557.62,1,Loyal Customers,72.0,1
908,269,2,944.1,3,At Risk,17.0,0
909,263,3,573.45,3,At Risk,168.5,0
910,1,39,8676.2,2,Champions,10.31578947368421,0
911,443,1,722.5600000000001,0,Lost Customers,72.0,1
912,53,5,2092.66,3,At Risk,54.75,0
913,11,19,6135.04,2,Champions,39.111111111111114,0
914,3,36,9429.81,2,Champions,21.727272727272727,0
915,18,11,3174.75,2,Champions,24.6,0
916,1,28,8537.32,2,Champions,26.962962962962962,0
917,366,1,590.0,0,Lost Customers,72.0,1
918,37,1,211.49,1,Loyal Customers,72.0,1
919,31,2,276.56,1,Loyal Customers,58.0,0
920,113,1,138.98,0,Lost Customers,72.0,1
921,409,1,360.85,0,Lost Customers,72.0,1
922,384,2,238.86,0,Lost Customers,248.0,0
923,64,5,1891.91,3,At Risk,144.25,0
924,16,7,523.3,1,Loyal Customers,86.83333333333333,0
925,41,4,1435.85,1,Loyal Customers,189.66666666666666,0
926,78,1,137.75,0,Lost Customers,72.0,1
927,122,7,2293.33,3,At Risk,86.5,0
928,439,1,350.85,0,Lost Customers,72.0,1
929,18,4,1313.19,1,Loyal Customers,129.0,0
930,60,4,373.36,1,Loyal Customers,192.66666666666666,0
931,331,1,201.19,0,Lost Customers,72.0,1
932,23,6,3364.59,2,Champions,119.6,0
933,600,1,734.91,0,Lost Customers,72.0,1
934,603,3,781.59,3,At Risk,50.5,0
935,443,5,927.61,3,At Risk,55.25,0
936,724,1,307.95,0,Lost Customers,72.0,1
937,438,1,208.63,0,Lost Customers,72.0,1
938,156,11,3270.79,3,At Risk,50.4,0
939,39,5,994.51,1,Loyal Customers,121.25,0
940,392,6,1192.94,3,At Risk,54.8,0
941,190,3,1689.53,3,At Risk,227.5,0
942,360,4,1101.97,3,At Risk,72.0,0
943,137,6,792.51,3,At Risk,87.6,0
944,8,7,4368.62,2,Champions,88.83333333333333,0
945,1,1,360.0,1,Loyal Customers,72.0,1
946,268,3,1218.7,3,At Risk,129.5,0
947,169,3,1285.51,3,At Risk,202.0,0
948,104,4,618.09,3,At Risk,62.333333333333336,0
949,155,2,159.2,0,Lost Customers,371.0,0
950,400,1,61.72,0,Lost Customers,72.0,1
951,351,4,1217.99,3,At Risk,105.66666666666667,0
952,4,16,3616.41,2,Champions,41.86666666666667,0
953,430,1,53.65,0,Lost Customers,72.0,1
954,120,3,273.34,0,Lost Customers,235.5,0
955,23,4,1670.3700000000001,1,Loyal Customers,191.0,0
956,7,6,1706.3700000000001,1,Loyal Customers,76.8,0
957,28,5,1541.2,1,Loyal Customers,93.0,0
958,4,2,598.57,1,Loyal Customers,145.0,0
959,451,1,124.75,0,Lost Customers,72.0,1
960,22,12,3445.32,2,Champions,64.54545454545455,0
961,2,3,775.94,1,Loyal Customers,35.5,0
962,689,1,310.26,0,Lost Customers,72.0,1
963,37,10,12940.82,2,Champions,66.44444444444444,0
964,66,19,6486.091,2,Champions,40.8125,0
965,1,3,640.76,1,Loyal Customers,17.5,0
966,5,58,21323.22,2,Champions,12.625,0
967,78,6,2211.6,3,At Risk,79.8,0
968,72,2,567.36,1,Loyal Customers,14.0,0
969,17,1,199.48000000000002,1,Loyal Customers,72.0,1
970,3,5,787.85,1,Loyal Customers,20.0,0
971,36,18,10513.47,2,Champions,30.647058823529413,0
972,82,1,675.3,1,Loyal Customers,72.0,1
973,432,1,281.76,0,Lost Customers,72.0,1
974,39,20,9134.48,2,Champions,35.421052631578945,0
975,316,1,1308.48,0,Lost Customers,72.0,1
976,32,8,4808.77,2,Champions,100.14285714285714,0
977,93,6,2796.1,3,At Risk,112.2,0
978,402,1,262.4,0,Lost Customers,72.0,1
979,14,1,350.9,1,Loyal Customers,72.0,1
980,411,3,1015.74,3,At Risk,123.0,0
981,82,5,6201.8,3,At Risk,142.0,0
982,77,1,795.12,1,Loyal Customers,72.0,1
983,546,1,1575.26,0,Lost Customers,72.0,1
984,158,4,2445.62,3,At Risk,181.0,0
985,201,1,860.12,0,Lost Customers,72.0,1
986,45,12,22100.56,2,Champions,55.18181818181818,0
987,261,1,775.85,0,Lost Customers,72.0,1
988,178,1,353.43,0,Lost Customers,72.0,1
989,68,3,2511.69,3,At Risk,104.5,0
990,288,1,389.5,0,Lost Customers,72.0,1
991,463,6,299.4,3,At Risk,26.4,0
992,70,1,341.36,0,Lost Customers,72.0,1
993,64,1,233.76,0,Lost Customers,72.0,1
994,11,1,247.32,1,Loyal Customers,72.0,1
995,16,2,979.12,1,Loyal Customers,63.0,0
996,66,1,373.94,0,Lost Customers,72.0,1
997,60,1,397.97999999999996,1,Loyal Customers,72.0,1
998,71,1,743.53,1,Loyal Customers,72.0,1
999,122,1,674.7,0,Lost Customers,72.0,1
1000,80,1,768.24,1,Loyal Customers,72.0,1
1001,257,5,3805.5099999999998,3,At Risk,92.0,0
1002,269,1,439.03,0,Lost Customers,72.0,1
1003,64,2,1043.31,1,Loyal Customers,339.0,0
1004,432,4,1553.65,3,At Risk,89.0,0
1005,472,2,1450.5,3,At Risk,145.0,0
1006,9,7,5394.07,2,Champions,68.83333333333333,0
1007,18,3,1723.86,1,Loyal Customers,195.5,0
1008,71,1,134.95999999999998,0,Lost Customers,72.0,1
1009,34,2,2225.37,1,Loyal Customers,184.0,0
1010,50,1,56.160000000000004,0,Lost Customers,72.0,1
1011,432,1,510.20000000000005,0,Lost Customers,72.0,1
1012,257,4,1121.5,3,At Risk,55.0,0
1013,366,1,308.28000000000003,0,Lost Customers,72.0,1
1014,372,1,754.87,0,Lost Customers,72.0,1
1015,505,2,2297.66,3,At Risk,127.0,0
1016,90,1,378.64,0,Lost Customers,72.0,1
1017,61,6,7587.1900000000005,2,Champions,134.0,0
1018,415,2,422.8,0,Lost Customers,34.0,0
1019,89,2,1792.23,3,At Risk,356.0,0
1020,99,3,1019.76,3,At Risk,67.0,0
1021,397,2,1552.88,3,At Risk,249.0,0
1022,26,3,572.56,1,Loyal Customers,54.5,0
1023,433,1,62.4,0,Lost Customers,72.0,1
1024,32,12,8224.37,2,Champions,63.72727272727273,0
1025,281,5,1387.58,3,At Risk,112.25,0
1026,544,1,305.28000000000003,0,Lost Customers,72.0,1
1027,31,11,6680.83,2,Champions,46.5,0
1028,330,1,534.57,0,Lost Customers,72.0,1
1029,414,2,835.46,0,Lost Customers,22.0,0
1030,417,1,186.94,0,Lost Customers,72.0,1
1031,131,3,1185.65,3,At Risk,472.0,0
1032,11,3,797.96,1,Loyal Customers,110.0,0
1033,75,1,544.08,0,Lost Customers,72.0,1
1034,204,1,59.8,0,Lost Customers,72.0,1
1035,677,1,91.14,0,Lost Customers,72.0,1
1036,584,4,1131.45,3,At Risk,49.0,0
1037,2,19,6621.7,2,Champions,40.44444444444444,0
1038,185,3,1180.23,3,At Risk,118.0,0
1039,29,2,1360.99,1,Loyal Customers,290.0,0
1040,73,10,3191.87,3,At Risk,68.0,0
1041,192,2,670.34,0,Lost Customers,256.0,0
1042,464,3,275.4,0,Lost Customers,27.0,0
1043,583,1,310.83,0,Lost Customers,72.0,1
1044,127,4,1226.8500000000001,3,At Risk,145.0,0
1045,18,3,229.5,1,Loyal Customers,352.0,0
1046,1,2,252.49,1,Loyal Customers,211.0,0
1047,74,6,1213.811,3,At Risk,129.6,0
1048,427,2,568.92,0,Lost Customers,204.0,0
1049,579,3,2244.7,3,At Risk,41.0,0
1050,2,106,50174.782,2,Champions,6.900990099009901,0
1051,24,9,2201.96,2,Champions,88.0,0
1052,107,1,213.55,0,Lost Customers,72.0,1
1053,620,1,487.34999999999997,0,Lost Customers,72.0,1
1054,640,6,429.44,3,At Risk,9.2,0
1055,134,6,2494.14,3,At Risk,93.4,0
1056,473,4,784.17,3,At Risk,85.0,0
1057,44,3,940.8000000000001,1,Loyal Customers,346.0,0
1058,5,6,1669.49,1,Loyal Customers,132.6,0
1059,12,31,11559.66,2,Champions,23.5,0
1060,64,1,221.06,0,Lost Customers,72.0,1
1061,150,2,159.85,0,Lost Customers,20.0,0
1062,40,8,4058.75,2,Champions,88.71428571428571,0
1063,64,1,2626.3,1,Loyal Customers,72.0,1
1064,429,1,217.03,0,Lost Customers,72.0,1
1065,450,1,572.77,0,Lost Customers,72.0,1
1066,108,5,3390.4300000000003,3,At Risk,117.25,0
1067,1,22,8167.38,2,Champions,34.285714285714285,0
1068,19,6,1006.53,1,Loyal Customers,140.2,0
1069,10,3,478.54,1,Loyal Customers,252.0,0
1070,11,4,1006.8,1,Loyal Customers,20.666666666666668,0
1071,19,2,679.45,1,Loyal Customers,67.0,0
1072,67,8,3316.24,3,At Risk,84.14285714285714,0
1073,571,2,439.1,0,Lost Customers,40.0,0
1074,501,4,658.3199999999999,3,At Risk,64.66666666666667,0
1075,74,5,1666.8600000000001,3,At Risk,145.0,0
1076,5,9,4447.33,2,Champions,61.375,0
1077,2,1,196.89,1,Loyal Customers,72.0,1
1078,14,7,3408.06,2,Champions,28.833333333333332,0
1079,547,1,46.5,0,Lost Customers,72.0,1
1080,255,3,986.61,3,At Risk,135.0,0
1081,423,7,1295.25,3,At Risk,6.75,0
1082,92,2,720.9,1,Loyal Customers,339.0,0
1083,667,3,419.87,0,Lost Customers,35.0,0
1084,449,6,1273.16,3,At Risk,45.4,0
1085,374,2,619.08,0,Lost Customers,131.0,0
1086,626,1,241.89999999999998,0,Lost Customers,72.0,1
1087,430,11,3881.89,3,At Risk,22.9,0
1088,23,3,1129.14,1,Loyal Customers,6.0,0
1089,17,13,8745.93,2,Champions,59.333333333333336,0
1090,24,1,291.88,1,Loyal Customers,72.0,1
1091,27,13,4120.04,2,Champions,47.5,0
1092,26,11,7090.06,2,Champions,59.7,0
1093,259,3,729.8,3,At Risk,106.5,0
1094,166,3,781.6899999999999,3,At Risk,117.5,0
1095,641,1,219.87,0,Lost Customers,72.0,1
1096,25,6,2212.9900000000002,1,Loyal Customers,140.6,0
1097,18,6,1766.72,1,Loyal Customers,37.4,0
1098,689,2,148.22,0,Lost Customers,48.0,0
1099,7,16,11959.27,2,Champions,24.933333333333334,0
1100,625,2,1160.4099999999999,3,At Risk,57.0,0
1101,29,2,183.44,1,Loyal Customers,20.0,0
1102,39,6,4160.0,2,Champions,111.2,0
1103,253,5,1153.85,3,At Risk,118.0,0
1104,58,6,3097.64,3,At Risk,111.8,0
1105,446,2,931.12,3,At Risk,139.0,0
1106,184,5,1013.35,3,At Risk,110.75,0
1107,11,2,1071.91,1,Loyal Customers,25.0,0
1108,2,72,12793.28,2,Champions,9.873239436619718,0
1109,653,1,82.4,0,Lost Customers,72.0,1
1110,99,2,165.0,0,Lost Customers,15.0,0
1111,1,4,2501.84,1,Loyal Customers,15.0,0
1112,464,2,592.24,0,Lost Customers,91.0,0
1113,61,8,2657.7599999999998,3,At Risk,94.28571428571429,0
1114,236,3,646.59,3,At Risk,129.0,0
1115,191,4,1431.78,3,At Risk,35.333333333333336,0
1116,179,5,2061.4700000000003,3,At Risk,116.0,0
1117,38,11,2819.17,2,Champions,64.3,0
1118,469,5,2215.78,3,At Risk,51.25,0
1119,201,4,851.37,3,At Risk,68.5,0
1120,417,2,627.82,0,Lost Customers,262.0,0
1121,46,11,3830.84,2,Champions,76.0,0
1122,232,2,336.09,0,Lost Customers,395.0,0
1123,66,1,140.34,0,Lost Customers,72.0,1
1124,241,3,790.72,3,At Risk,199.0,0
1125,233,11,3019.2200000000003,3,At Risk,49.9,0
1126,78,3,1122.41,3,At Risk,38.0,0
1127,58,5,846.87,3,At Risk,169.0,0
1128,17,23,14205.96,2,Champions,30.0,0
1129,105,4,449.52,3,At Risk,62.666666666666664,0
1130,654,1,154.25,0,Lost Customers,72.0,1
1131,52,27,4467.66,2,Champions,25.692307692307693,0
1132,136,3,1269.84,3,At Risk,38.5,0
1133,275,2,618.63,0,Lost Customers,11.0,0
1134,312,1,316.26000000000005,0,Lost Customers,72.0,1
1135,8,10,4863.31,2,Champions,80.11111111111111,0
1136,11,2,653.33,1,Loyal Customers,349.0,0
1137,283,6,1166.83,3,At Risk,76.8,0
1138,730,1,327.38,0,Lost Customers,72.0,1
1139,18,5,1159.11,1,Loyal Customers,62.5,0
1140,23,4,1466.3,1,Loyal Customers,125.33333333333333,0
1141,288,3,2885.11,3,At Risk,140.5,0
1142,17,5,780.5,1,Loyal Customers,132.25,0
1143,71,6,1859.24,3,At Risk,117.6,0
1144,64,1,295.93,0,Lost Customers,72.0,1
1145,73,4,4393.63,3,At Risk,52.666666666666664,0
1146,316,5,1338.08,3,At Risk,35.75,0
1147,3,4,2479.16,1,Loyal Customers,47.0,0
1148,244,2,287.05,0,Lost Customers,399.0,0
1149,9,8,1114.72,1,Loyal Customers,70.71428571428571,0
1150,1,11,4558.29,2,Champions,71.1,0
1151,677,1,282.76,0,Lost Customers,72.0,1
1152,261,4,713.39,3,At Risk,107.0,0
1153,127,3,824.59,3,At Risk,263.5,0
1154,74,4,815.9000000000001,3,At Risk,202.33333333333334,0
1155,73,6,1265.82,3,At Risk,113.8,0
1156,21,4,1685.26,1,Loyal Customers,132.0,0
1157,60,3,2128.42,3,At Risk,60.0,0
1158,86,1,627.16,0,Lost Customers,72.0,1
1159,78,2,343.21,1,Loyal Customers,364.0,0
1160,59,11,6606.0,2,Champions,66.0,0
1161,1,3,1071.73,1,Loyal Customers,3.5,0
1162,30,1,125.80000000000001,1,Loyal Customers,72.0,1
1163,33,6,4534.57,2,Champions,73.4,0
1164,41,5,680.1800000000001,1,Loyal Customers,44.25,0
1165,15,2,628.78,1,Loyal Customers,233.0,0
1166,738,2,1182.0,3,At Risk,0.0,0
1167,34,12,4541.29,2,Champions,59.0,0
1168,79,2,307.76,0,Lost Customers,125.0,0
1169,634,1,402.97999999999996,0,Lost Customers,72.0,1
1170,205,6,1433.07,3,At Risk,106.0,0
1171,34,1,210.31,1,Loyal Customers,72.0,1
1172,183,3,269.09,0,Lost Customers,42.0,0
1173,2,35,7720.9,2,Champions,16.258064516129032,0
1174,403,1,89.5,0,Lost Customers,72.0,1
1175,1,7,3444.39,2,Champions,11.833333333333334,0
1176,426,2,717.85,0,Lost Customers,26.0,0
1177,43,12,3103.13,2,Champions,57.0,0
1178,86,7,1569.3600000000001,3,At Risk,83.5,0
1179,467,3,632.39,3,At Risk,94.0,0
1180,427,2,785.25,0,Lost Customers,143.0,0
1181,377,17,3959.4900000000002,3,At Risk,21.5625,0
1182,634,2,1439.6100000000001,3,At Risk,52.0,0
1183,40,6,790.2,1,Loyal Customers,120.6,0
1184,391,2,364.93,0,Lost Customers,153.0,0
1185,12,5,1086.24,1,Loyal Customers,102.5,0
1186,408,1,167.08,0,Lost Customers,72.0,1
1187,96,3,901.44,3,At Risk,187.0,0
1188,26,8,1005.8,1,Loyal Customers,51.285714285714285,0
1189,383,1,342.55,0,Lost Customers,72.0,1
1190,319,2,244.2,0,Lost Customers,346.0,0
1191,66,22,6948.92,2,Champions,27.857142857142858,0
1192,675,1,499.6,0,Lost Customers,72.0,1
1193,380,7,1629.35,3,At Risk,10.666666666666666,0
1194,74,13,8891.84,2,Champions,51.083333333333336,0
1195,429,2,200.82,0,Lost Customers,6.0,0
1196,28,13,3032.26,2,Champions,58.0,0
1197,6,4,594.52,1,Loyal Customers,20.333333333333332,0
1198,513,2,990.0,3,At Risk,30.0,0
1199,7,1,171.42000000000002,1,Loyal Customers,72.0,1
1200,216,11,1803.4,3,At Risk,43.0,0
1201,82,8,4838.18,3,At Risk,87.0,0
1202,84,2,777.53,1,Loyal Customers,55.0,0
1203,144,37,16498.97,2,Champions,16.055555555555557,0
1204,19,3,414.8,1,Loyal Customers,195.5,0
1205,41,5,1688.6,3,At Risk,149.25,0
1206,428,4,1079.29,3,At Risk,37.333333333333336,0
1207,173,1,187.05,0,Lost Customers,72.0,1
1208,17,4,726.54,1,Loyal Customers,136.33333333333334,0
1209,243,1,239.49,0,Lost Customers,72.0,1
1210,13,26,4537.26,2,Champions,28.24,0
1211,206,1,1384.25,3,At Risk,72.0,1
1212,50,6,904.52,3,At Risk,116.6,0
1213,411,1,404.45,0,Lost Customers,72.0,1
1214,23,5,732.0699999999999,1,Loyal Customers,37.75,0
1215,10,28,11202.59,2,Champions,26.22222222222222,0
1216,25,11,3489.28,2,Champions,69.6,0
1217,409,1,147.66,0,Lost Customers,72.0,1
1218,15,5,1374.34,1,Loyal Customers,160.5,0
1219,406,1,107.75,0,Lost Customers,72.0,1
1220,309,2,280.53000000000003,0,Lost Customers,104.0,0
1221,390,2,241.68,0,Lost Customers,227.0,0
1222,156,2,1445.031,3,At Risk,523.0,0
1223,307,3,385.7,0,Lost Customers,184.0,0
1224,531,3,684.54,3,At Risk,103.5,0
1225,541,1,127.28,0,Lost Customers,72.0,1
1226,64,4,1673.5,3,At Risk,199.66666666666666,0
1227,16,9,2478.95,2,Champions,29.5,0
1228,15,6,1120.74,1,Loyal Customers,143.2,0
1229,11,18,6336.04,2,Champions,42.411764705882355,0
1230,65,7,2093.94,3,At Risk,109.66666666666667,0
1231,36,4,247.95999999999998,1,Loyal Customers,76.0,0
1232,108,14,5493.29,2,Champions,41.07692307692308,0
1233,53,2,533.32,1,Loyal Customers,432.0,0
1234,517,3,784.48,3,At Risk,64.5,0
1235,6,2,664.11,1,Loyal Customers,7.0,0
1236,400,2,396.71,0,Lost Customers,2.0,0
1237,47,5,761.96,1,Loyal Customers,151.0,0
1238,1,33,9811.04,2,Champions,24.266666666666666,0
1239,312,2,518.42,0,Lost Customers,321.0,0
1240,45,4,1159.99,1,Loyal Customers,167.0,0
1241,65,4,1025.17,3,At Risk,165.0,0
1242,26,1,164.34,1,Loyal Customers,72.0,1
1243,659,1,717.62,0,Lost Customers,72.0,1
1244,387,2,522.67,0,Lost Customers,184.0,0
1245,29,3,276.75,1,Loyal Customers,141.0,0
1246,40,2,1075.81,1,Loyal Customers,362.0,0
1247,541,1,232.05,0,Lost Customers,72.0,1
1248,593,1,167.35,0,Lost Customers,72.0,1
1249,12,14,2103.71,2,Champions,52.53846153846154,0
1250,89,10,3297.9300000000003,3,At Risk,71.55555555555556,0
1251,633,1,818.29,0,Lost Customers,72.0,1
1252,453,5,1039.8500000000001,3,At Risk,51.75,0
1253,24,6,2332.74,1,Loyal Customers,105.0,0
1254,319,8,6272.53,3,At Risk,51.142857142857146,0
1255,568,2,283.85,0,Lost Customers,122.0,0
1256,40,8,1278.75,3,At Risk,64.57142857142857,0
1257,174,1,177.34,0,Lost Customers,72.0,1
1258,545,2,224.94,0,Lost Customers,129.0,0
1259,528,1,112.34,0,Lost Customers,72.0,1
1260,117,1,213.85,0,Lost Customers,72.0,1
1261,696,1,658.95,0,Lost Customers,72.0,1
1262,31,10,2533.06,2,Champions,77.88888888888889,0
1263,388,1,462.08,0,Lost Customers,72.0,1
1264,597,1,301.26,0,Lost Customers,72.0,1
1265,253,2,707.04,0,Lost Customers,126.0,0
1266,59,7,2245.9,3,At Risk,96.33333333333333,0
1267,676,1,310.14,0,Lost Customers,72.0,1
1268,23,19,13370.86,2,Champions,35.166666666666664,0
1269,5,7,2031.78,2,Champions,46.166666666666664,0
1270,100,11,3070.42,3,At Risk,16.5,0
1271,25,8,3645.81,2,Champions,83.42857142857143,0
1272,33,16,5033.77,2,Champions,43.8,0
1273,68,4,2999.16,3,At Risk,223.33333333333334,0
1274,37,5,949.12,1,Loyal Customers,61.75,0
1275,52,3,804.3,1,Loyal Customers,87.0,0
1276,16,1,122.64,1,Loyal Customers,72.0,1
1277,74,2,1346.27,3,At Risk,362.0,0
1278,611,1,405.0,0,Lost Customers,72.0,1
1279,641,5,1016.47,3,At Risk,22.75,0
1280,216,4,472.2,3,At Risk,72.33333333333333,0
1281,31,10,2156.77,2,Champions,77.22222222222223,0
1282,16,4,2624.26,1,Loyal Customers,29.333333333333332,0
1283,120,1,252.1,0,Lost Customers,72.0,1
1284,400,2,326.25,0,Lost Customers,0.0,0
1285,10,8,3041.68,2,Champions,84.28571428571429,0
1286,400,8,1764.02,3,At Risk,47.714285714285715,0
1287,257,6,1453.68,3,At Risk,53.4,0
1288,17,10,3288.0,2,Champions,82.75,0
1289,35,3,226.85,1,Loyal Customers,173.0,0
1290,46,5,2262.05,3,At Risk,151.0,0
1291,488,1,152.2,0,Lost Customers,72.0,1
1292,43,11,6308.0,2,Champions,69.0,0
1293,114,6,2280.51,3,At Risk,95.2,0
1294,165,4,1078.85,3,At Risk,143.0,0
1295,11,2,382.14,1,Loyal Customers,190.0,0
1296,10,9,6025.5,2,Champions,82.5,0
1297,206,12,4884.68,3,At Risk,41.0,0
1298,400,1,306.64,0,Lost Customers,72.0,1
1299,603,1,325.24,0,Lost Customers,72.0,1
1300,86,11,2233.61,3,At Risk,57.1,0
1301,179,5,2047.51,3,At Risk,116.5,0
1302,386,3,1711.6599999999999,3,At Risk,58.5,0
1303,60,5,127.89999999999999,1,Loyal Customers,168.5,0
1304,149,1,299.05,0,Lost Customers,72.0,1
1305,3,35,12948.48,2,Champions,20.852941176470587,0
1306,51,3,413.55,1,Loyal Customers,177.5,0
1307,75,1,349.7,0,Lost Customers,72.0,1
1308,395,1,172.6,0,Lost Customers,72.0,1
1309,301,3,419.92,0,Lost Customers,214.0,0
1310,19,2,387.44,1,Loyal Customers,13.0,0
1311,433,1,240.68,0,Lost Customers,72.0,1
1312,151,2,486.82000000000005,0,Lost Customers,133.0,0
1313,539,2,243.9,0,Lost Customers,80.0,0
1314,405,2,551.24,0,Lost Customers,57.5,0
1315,152,1,232.6,0,Lost Customers,72.0,1
1316,494,3,281.26,0,Lost Customers,120.5,0
1317,1,12,11419.67,2,Champions,66.27272727272727,0
1318,18,4,827.83,1,Loyal Customers,45.333333333333336,0
1319,187,1,59.5,0,Lost Customers,72.0,1
1320,458,1,258.6,0,Lost Customers,72.0,1
1321,286,4,594.88,3,At Risk,111.0,0
1322,3,7,3119.44,2,Champions,9.166666666666666,0
1323,183,3,409.04,0,Lost Customers,109.0,0
1324,438,1,11880.84,3,At Risk,72.0,1
1325,635,1,375.5,0,Lost Customers,72.0,1
1326,63,2,1259.5,1,Loyal Customers,381.0,0
1327,59,1,172.25,0,Lost Customers,72.0,1
1328,396,1,212.78,0,Lost Customers,72.0,1
1329,25,5,3114.4,1,Loyal Customers,98.5,0
1330,374,9,2011.82,3,At Risk,44.25,0
1331,4,143,195640.69,2,Champions,4.838028169014085,0
1332,31,16,2770.73,2,Champions,36.06666666666667,0
1333,422,3,2020.4,3,At Risk,121.5,0
1334,39,1,151.29999999999998,1,Loyal Customers,72.0,1
1335,597,2,451.73,0,Lost Customers,85.0,0
1336,155,2,764.15,3,At Risk,395.0,0
1337,26,13,2596.9700000000003,2,Champions,53.333333333333336,0
1338,447,1,161.0,0,Lost Customers,72.0,1
1339,446,1,135.18,0,Lost Customers,72.0,1
1340,318,2,425.56,0,Lost Customers,96.0,0
1341,5,9,2308.06,2,Champions,10.125,0
1342,8,7,1717.19,2,Champions,102.16666666666667,0
1343,303,2,631.17,0,Lost Customers,324.0,0
1344,267,5,3365.86,3,At Risk,67.0,0
1345,271,1,285.33,0,Lost Customers,72.0,1
1346,4,18,7571.35,2,Champions,40.470588235294116,0
1347,32,3,509.52,1,Loyal Customers,289.5,0
1348,219,9,1792.26,3,At Risk,62.75,0
1349,247,2,766.42,0,Lost Customers,364.0,0
1350,408,3,740.76,3,At Risk,87.0,0
1351,465,1,161.35,0,Lost Customers,72.0,1
1352,281,17,8153.04,2,Champions,21.8125,0
1353,269,1,138.28,0,Lost Customers,72.0,1
1354,32,8,1763.3,2,Champions,64.14285714285714,0
1355,246,2,306.55,0,Lost Customers,49.0,0
1356,15,11,2783.08,2,Champions,55.1,0
1357,117,4,799.9,3,At Risk,45.333333333333336,0
1358,36,2,741.54,1,Loyal Customers,358.0,0
1359,132,10,5635.41,3,At Risk,57.0,0
1360,217,6,1194.08,3,At Risk,78.6,0
1361,637,1,213.01,0,Lost Customers,72.0,1
1362,50,8,1980.56,3,At Risk,36.57142857142857,0
1363,39,2,1079.6599999999999,1,Loyal Customers,61.0,0
1364,29,8,1074.15,1,Loyal Customers,99.85714285714286,0
1365,37,16,2855.17,2,Champions,45.53333333333333,0
1366,436,3,724.73,3,At Risk,123.5,0
1367,136,2,752.6,3,At Risk,25.0,0
1368,219,2,610.59,0,Lost Customers,27.0,0
1369,28,1,491.86,1,Loyal Customers,72.0,1
1370,411,2,487.03000000000003,0,Lost Customers,324.0,0
1371,509,4,6695.6900000000005,3,At Risk,31.0,0
1372,25,13,9762.77,2,Champions,58.0,0
1373,5,7,2752.47,2,Champions,121.0,0
1374,200,1,339.59999999999997,0,Lost Customers,72.0,1
1375,396,1,434.78000000000003,0,Lost Customers,72.0,1
1376,18,2,292.2,1,Loyal Customers,509.0,0
1377,241,5,1582.77,3,At Risk,123.75,0
1378,72,3,668.4300000000001,1,Loyal Customers,72.5,0
1379,17,12,3107.87,2,Champions,27.09090909090909,0
1380,3,7,1341.6,1,Loyal Customers,42.166666666666664,0
1381,95,2,1080.52,3,At Risk,197.0,0
1382,162,2,777.36,3,At Risk,383.0,0
1383,414,1,176.69,0,Lost Customers,72.0,1
1384,374,2,169.79999999999998,0,Lost Customers,51.0,0
1385,96,9,2064.35,3,At Risk,91.42857142857143,0
1386,54,11,3602.1800000000003,2,Champions,55.8,0
1387,288,1,296.25,0,Lost Customers,72.0,1
1388,124,7,1579.8300000000002,3,At Risk,66.83333333333333,0
1389,288,4,2094.57,3,At Risk,149.33333333333334,0
1390,152,3,447.05,0,Lost Customers,142.0,0
1391,4,9,2108.06,2,Champions,7.0,0
1392,2,23,8655.95,2,Champions,32.22727272727273,0
1393,675,1,195.55,0,Lost Customers,72.0,1
1394,12,15,8698.13,2,Champions,51.5,0
1395,33,2,659.4100000000001,1,Loyal Customers,37.0,0
1396,54,5,1363.6399999999999,3,At Risk,134.5,0
1397,50,6,1952.17,3,At Risk,120.8,0
1398,219,5,2472.48,3,At Risk,119.25,0
1399,63,3,5217.4400000000005,3,At Risk,185.5,0
1400,71,6,2919.62,3,At Risk,114.0,0
1401,653,1,352.821,0,Lost Customers,72.0,1
1402,495,1,190.35,0,Lost Customers,72.0,1
1403,2,73,33903.57,2,Champions,9.929577464788732,0
1404,727,2,875.97,0,Lost Customers,4.0,0
1405,2,20,5478.12,2,Champions,37.526315789473685,0
1406,422,4,785.37,3,At Risk,102.33333333333333,0
1407,64,9,5728.82,2,Champions,73.125,0
1408,34,8,3100.02,2,Champions,88.14285714285714,0
1409,397,2,301.54,0,Lost Customers,263.0,0
1410,82,1,345.0,0,Lost Customers,72.0,1
1411,591,1,1049.66,0,Lost Customers,72.0,1
1412,428,2,623.98,0,Lost Customers,0.0,0
1413,1,61,49638.26,2,Champions,12.101694915254237,0
1414,103,4,1124.49,3,At Risk,153.66666666666666,0
1415,516,1,161.13,0,Lost Customers,72.0,1
1416,7,3,732.07,1,Loyal Customers,199.5,0
1417,251,3,778.83,3,At Risk,234.5,0
1418,13,13,1786.08,2,Champions,59.583333333333336,0
1419,488,4,1542.09,3,At Risk,61.0,0
1420,10,14,2910.23,2,Champions,33.38461538461539,0
1421,429,4,542.49,3,At Risk,10.0,0
1422,367,6,3127.99,3,At Risk,73.4,0
1423,76,6,1222.5,3,At Risk,123.4,0
1424,505,1,3.75,0,Lost Customers,72.0,1
1425,388,1,239.45999999999998,0,Lost Customers,72.0,1
1426,4,1,348.8,1,Loyal Customers,72.0,1
1427,128,2,1516.0,3,At Risk,40.0,0
1428,66,3,383.95,1,Loyal Customers,178.0,0
1429,647,1,96.0,0,Lost Customers,72.0,1
1430,547,1,126.03,0,Lost Customers,72.0,1
1431,388,4,836.3,3,At Risk,82.33333333333333,0
1432,499,1,289.7,0,Lost Customers,72.0,1
1433,437,3,1179.45,3,At Risk,105.0,0
1434,1,110,75428.87,2,Champions,6.324074074074074,0
1435,117,9,2803.57,3,At Risk,65.5,0
1436,310,3,1679.56,3,At Risk,213.0,0
1437,67,1,324.8,0,Lost Customers,72.0,1
1438,139,19,26259.11,2,Champions,28.666666666666668,0
1439,255,3,1338.91,3,At Risk,181.5,0
1440,31,9,3161.12,2,Champions,50.5,0
1441,52,2,924.6,1,Loyal Customers,76.0,0
1442,64,1,256.38,0,Lost Customers,72.0,1
1443,367,3,422.2,0,Lost Customers,184.0,0
1444,6,5,1747.66,1,Loyal Customers,22.25,0
1445,305,3,679.7,3,At Risk,77.0,0
1446,29,3,1499.01,1,Loyal Customers,13.5,0
1447,184,3,814.5,3,At Risk,27.0,0
1448,42,3,539.0,1,Loyal Customers,31.0,0
1449,40,8,2765.47,2,Champions,98.71428571428571,0
1450,92,3,2257.32,3,At Risk,216.5,0
1451,22,8,7475.74,2,Champions,91.71428571428571,0
1452,24,2,571.6700000000001,1,Loyal Customers,40.0,0
1453,29,2,382.98,1,Loyal Customers,322.0,0
1454,430,1,61.28,0,Lost Customers,72.0,1
1455,302,6,2642.35,3,At Risk,86.8,0
1456,418,3,652.75,3,At Risk,130.5,0
1457,145,6,1379.08,3,At Risk,111.2,0
1458,6,2,632.0,1,Loyal Customers,34.0,0
1459,19,7,3403.4500000000003,2,Champions,117.0,0
1460,33,12,3314.76,2,Champions,54.45454545454545,0
1461,622,2,255.59,0,Lost Customers,108.0,0
1462,176,1,189.5,0,Lost Customers,72.0,1
1463,58,3,409.8,1,Loyal Customers,42.5,0
1464,22,1,209.49,1,Loyal Customers,72.0,1
1465,421,1,102.0,0,Lost Customers,72.0,1
1466,582,1,156.85000000000002,0,Lost Customers,72.0,1
1467,16,18,6585.54,2,Champions,41.411764705882355,0
1468,19,2,609.89,1,Loyal Customers,403.0,0
1469,159,2,700.41,0,Lost Customers,244.0,0
1470,577,2,324.19,0,Lost Customers,92.0,0
1471,25,7,1095.27,1,Loyal Customers,102.83333333333333,0
1472,399,2,620.37,0,Lost Customers,15.0,0
1473,212,2,266.59000000000003,0,Lost Customers,105.0,0
1474,6,10,1690.07,2,Champions,63.55555555555556,0
1475,486,1,139.95000000000002,0,Lost Customers,72.0,1
1476,416,1,651.4,0,Lost Customers,72.0,1
1477,253,1,85.0,0,Lost Customers,72.0,1
1478,59,18,5319.34,2,Champions,34.94117647058823,0
1479,381,1,319.75,0,Lost Customers,72.0,1
1480,11,1,361.62,1,Loyal Customers,72.0,1
1481,65,1,312.98,0,Lost Customers,72.0,1
1482,25,4,1307.79,1,Loyal Customers,124.33333333333333,0
1483,720,1,310.72,0,Lost Customers,72.0,1
1484,92,8,3015.0,3,At Risk,90.71428571428571,0
1485,52,5,3469.3,3,At Risk,142.75,0
1486,129,1,1595.48,3,At Risk,72.0,1
1487,96,8,4606.46,3,At Risk,82.85714285714286,0
1488,611,1,187.35000000000002,0,Lost Customers,72.0,1
1489,57,1,1090.14,1,Loyal Customers,72.0,1
1490,9,39,11944.56,2,Champions,17.736842105263158,0
1491,501,4,1310.3400000000001,3,At Risk,76.0,0
1492,169,11,1142.03,3,At Risk,44.5,0
1493,393,6,1001.01,3,At Risk,35.0,0
1494,57,1,216.17,0,Lost Customers,72.0,1
1495,326,2,515.86,0,Lost Customers,203.0,0
1496,1,5,1245.9,1,Loyal Customers,27.666666666666668,0
1497,429,2,273.26,0,Lost Customers,101.0,0
1498,18,9,2556.09,2,Champions,45.875,0
1499,248,4,1239.55,3,At Risk,114.66666666666667,0
1500,387,1,662.4000000000001,0,Lost Customers,72.0,1
1501,58,4,501.56,1,Loyal Customers,76.66666666666667,0
1502,74,1,145.67000000000002,0,Lost Customers,72.0,1
1503,31,3,1005.09,1,Loyal Customers,93.0,0
1504,7,2,3192.54,1,Loyal Customers,31.0,0
1505,123,10,7996.87,2,Champions,62.666666666666664,0
1506,2,15,5712.08,2,Champions,47.285714285714285,0
1507,23,17,7885.85,2,Champions,45.93333333333333,0
1508,527,3,919.57,3,At Risk,99.0,0
1509,120,8,1038.92,3,At Risk,74.57142857142857,0
1510,358,7,2049.15,3,At Risk,52.0,0
1511,54,14,4814.37,2,Champions,51.15384615384615,0
1512,64,1,122.7,0,Lost Customers,72.0,1
1513,86,3,449.68,1,Loyal Customers,301.0,0
1514,55,4,2416.9,3,At Risk,182.66666666666666,0
1515,646,1,395.5,0,Lost Customers,72.0,1
1516,21,17,4293.86,2,Champions,33.4375,0
1517,4,43,45179.1,2,Champions,14.880952380952381,0
1518,3,5,1191.13,1,Loyal Customers,14.75,0
1519,11,15,6560.02,2,Champions,51.0,0
1520,7,10,1825.03,2,Champions,51.0,0
1521,189,2,506.8,0,Lost Customers,11.0,0
1522,71,1,243.56,0,Lost Customers,72.0,1
1523,204,1,349.55,0,Lost Customers,72.0,1
1524,120,7,2001.59,3,At Risk,90.6,0
1525,93,6,1991.23,3,At Risk,118.2,0
1526,1,14,2927.38,2,Champions,55.84615384615385,0
1527,378,3,859.21,3,At Risk,101.5,0
1528,27,6,1267.6499999999999,1,Loyal Customers,109.4,0
1529,298,1,821.1,0,Lost Customers,72.0,1
1530,24,3,564.62,1,Loyal Customers,143.0,0
1531,28,6,4008.52,2,Champions,141.0,0
1532,626,1,388.55,0,Lost Customers,72.0,1
1533,50,3,1160.72,1,Loyal Customers,313.0,0
1534,326,2,686.4,0,Lost Customers,85.0,0
1535,16,2,388.52,1,Loyal Customers,258.0,0
1536,183,6,1610.59,3,At Risk,88.0,0
1537,72,15,5676.34,2,Champions,44.857142857142854,0
1538,632,5,34095.26,3,At Risk,22.5,0
1539,400,1,165.45000000000002,0,Lost Customers,72.0,1
1540,37,2,332.64,1,Loyal Customers,257.0,0
1541,733,1,312.65,0,Lost Customers,72.0,1
1542,409,1,42.0,0,Lost Customers,72.0,1
1543,692,1,136.8,0,Lost Customers,72.0,1
1544,80,4,2369.55,3,At Risk,65.33333333333333,0
1545,423,2,282.85,0,Lost Customers,98.0,0
1546,57,20,4234.99,2,Champions,30.57894736842105,0
1547,424,1,124.95,0,Lost Customers,72.0,1
1548,507,1,42.22,0,Lost Customers,72.0,1
1549,12,2,626.45,1,Loyal Customers,24.0,0
1550,394,1,70.80000000000001,0,Lost Customers,72.0,1
1551,464,4,1275.81,3,At Risk,70.33333333333333,0
1552,50,2,272.04,1,Loyal Customers,141.0,0
1553,50,2,1212.8400000000001,1,Loyal Customers,203.0,0
1554,59,4,1360.68,3,At Risk,160.0,0
1555,432,4,1774.68,3,At Risk,43.0,0
1556,402,4,730.7,3,At Risk,105.66666666666667,0
1557,352,3,865.2,3,At Risk,57.5,0
1558,54,1,351.13,1,Loyal Customers,72.0,1
1559,2,6,1838.8500000000001,1,Loyal Customers,13.4,0
1560,93,4,678.25,3,At Risk,21.0,0
1561,23,1,223.85000000000002,1,Loyal Customers,72.0,1
1562,75,2,708.26,1,Loyal Customers,362.0,0
1563,11,4,464.57,1,Loyal Customers,40.333333333333336,0
1564,169,11,3494.1,3,At Risk,52.3,0
1565,58,2,337.34,1,Loyal Customers,78.0,0
1566,96,11,5257.38,2,Champions,63.7,0
1567,295,1,307.4,0,Lost Customers,72.0,1
1568,109,2,608.7900000000001,0,Lost Customers,39.0,0
1569,264,1,922.1,0,Lost Customers,72.0,1
1570,597,3,6116.92,3,At Risk,27.5,0
1571,180,3,939.66,3,At Risk,116.5,0
1572,169,2,880.13,3,At Risk,233.0,0
1573,35,1,71.66,0,Lost Customers,72.0,1
1574,23,7,1560.96,1,Loyal Customers,97.83333333333333,0
1575,17,4,839.14,1,Loyal Customers,41.666666666666664,0
1576,22,15,10027.18,2,Champions,49.57142857142857,0
1577,535,1,320.0,0,Lost Customers,72.0,1
1578,578,1,246.54,0,Lost Customers,72.0,1
1579,653,1,200.43,0,Lost Customers,72.0,1
1580,395,2,854.15,0,Lost Customers,85.0,0
1581,79,6,1876.23,3,At Risk,130.8,0
1582,65,1,90.6,0,Lost Customers,72.0,1
1583,361,4,548.76,3,At Risk,124.66666666666667,0
1584,3,6,2427.32,2,Champions,17.8,0
1585,11,4,745.06,1,Loyal Customers,78.0,0
1586,176,3,674.45,3,At Risk,58.5,0
1587,218,14,12823.521,2,Champions,38.38461538461539,0
1588,7,12,6640.68,2,Champions,65.0909090909091,0
1589,2,2,439.92,1,Loyal Customers,69.0,0
1590,154,3,544.0699999999999,3,At Risk,110.0,0
1591,5,5,1019.27,1,Loyal Customers,66.0,0
1592,418,3,458.25,0,Lost Customers,120.0,0
1593,380,8,4709.2300000000005,3,At Risk,50.285714285714285,0
1594,79,6,1064.77,3,At Risk,85.8,0
1595,21,2,230.22,1,Loyal Customers,50.0,0
1596,392,1,538.4,0,Lost Customers,72.0,1
1597,22,3,362.8,1,Loyal Customers,206.5,0
1598,308,17,2860.57,3,At Risk,17.5625,0
1599,387,2,438.9,0,Lost Customers,43.0,0
1600,477,3,996.61,3,At Risk,113.0,0
1601,435,1,384.26,0,Lost Customers,72.0,1
1602,146,2,166.3,0,Lost Customers,250.0,0
1603,423,1,123.66,0,Lost Customers,72.0,1
1604,7,35,12973.460000000001,2,Champions,17.676470588235293,0
1605,386,2,846.55,0,Lost Customers,51.0,0
1606,19,14,4667.57,2,Champions,50.69230769230769,0
1607,71,2,190.25,0,Lost Customers,131.0,0
1608,287,1,264.7,0,Lost Customers,72.0,1
1609,49,2,677.72,1,Loyal Customers,532.0,0
1610,31,12,5256.4,2,Champions,58.0,0
1611,207,4,1192.36,3,At Risk,153.33333333333334,0
1612,411,1,519.8100000000001,0,Lost Customers,72.0,1
1613,15,2,196.79000000000002,1,Loyal Customers,30.0,0
1614,73,7,3379.93,3,At Risk,110.0,0
1615,60,5,768.82,3,At Risk,148.5,0
1616,416,1,331.14,0,Lost Customers,72.0,1
1617,39,9,3954.29,2,Champions,80.625,0
1618,30,21,6753.89,2,Champions,34.5,0
1619,27,12,1893.8,2,Champions,63.63636363636363,0
1620,4,22,10020.86,2,Champions,31.142857142857142,0
1621,17,1,320.46,1,Loyal Customers,72.0,1
1622,380,2,682.54,0,Lost Customers,21.0,0
1623,20,8,4757.8,2,Champions,85.85714285714286,0
1624,66,5,2026.06,3,At Risk,124.25,0
1625,213,1,311.3,0,Lost Customers,72.0,1
1626,12,6,852.88,1,Loyal Customers,25.8,0
1627,30,3,219.5,1,Loyal Customers,215.5,0
1628,43,19,6775.71,2,Champions,38.111111111111114,0
1629,4,6,2274.14,2,Champions,28.2,0
1630,15,14,3902.01,2,Champions,53.92307692307692,0
1631,386,2,895.76,3,At Risk,13.0,0
1632,519,3,376.46,0,Lost Customers,15.5,0
1633,447,3,566.7,0,Lost Customers,64.5,0
1634,10,29,9502.26,2,Champions,25.428571428571427,0
1635,211,5,2046.3400000000001,3,At Risk,131.25,0
1636,46,9,4228.85,2,Champions,55.625,0
1637,134,2,529.73,0,Lost Customers,22.0,0
1638,733,1,209.41,0,Lost Customers,72.0,1
1639,43,11,6258.45,2,Champions,38.9,0
1640,10,5,2874.72,1,Loyal Customers,51.25,0
1641,116,7,2196.67,3,At Risk,89.16666666666667,0
1642,513,1,79.48,0,Lost Customers,72.0,1
1643,432,1,509.04,0,Lost Customers,72.0,1
1644,198,3,1099.91,3,At Risk,132.0,0
1645,565,2,445.15,0,Lost Customers,0.0,0
1646,480,2,457.82,0,Lost Customers,127.0,0
1647,278,1,328.8,0,Lost Customers,72.0,1
1648,110,5,1084.57,3,At Risk,128.0,0
1649,77,3,1948.21,3,At Risk,249.0,0
1650,53,1,917.34,1,Loyal Customers,72.0,1
1651,162,11,11403.41,2,Champions,53.4,0
1652,571,1,229.75,0,Lost Customers,72.0,1
1653,645,1,367.15000000000003,0,Lost Customers,72.0,1
1654,47,3,1421.61,1,Loyal Customers,45.0,0
1655,17,4,1249.01,1,Loyal Customers,170.33333333333334,0
1656,155,7,1716.58,3,At Risk,72.33333333333333,0
1657,225,2,792.15,3,At Risk,261.0,0
1658,7,2,584.07,1,Loyal Customers,242.0,0
1659,122,3,645.74,3,At Risk,134.0,0
1660,465,8,4057.9,3,At Risk,16.571428571428573,0
1661,471,2,713.11,0,Lost Customers,154.0,0
1662,61,1,104.82,0,Lost Customers,72.0,1
1663,550,3,10396.5,3,At Risk,0.0,0
1664,63,2,467.66,1,Loyal Customers,80.0,0
1665,18,20,7521.8,2,Champions,36.94736842105263,0
1666,7,44,39019.51,2,Champions,16.53488372093023,0
1667,2,16,4546.41,2,Champions,47.733333333333334,0
1668,555,1,109.44,0,Lost Customers,72.0,1
1669,22,3,648.89,1,Loyal Customers,67.5,0
1670,29,9,2794.75,2,Champions,72.375,0
1671,285,1,626.65,0,Lost Customers,72.0,1
1672,176,6,836.95,3,At Risk,110.6,0
1673,78,5,3069.88,3,At Risk,148.25,0
1674,33,2,267.28000000000003,1,Loyal Customers,542.0,0
1675,41,35,12523.81,2,Champions,20.058823529411764,0
1676,266,1,141.41,0,Lost Customers,72.0,1
1677,725,1,431.98,0,Lost Customers,72.0,1
1678,491,2,302.6,0,Lost Customers,238.0,0
1679,27,10,3077.7,2,Champions,72.55555555555556,0
1680,109,16,10986.63,2,Champions,38.86666666666667,0
1681,284,1,154.99,0,Lost Customers,72.0,1
1682,9,14,3968.11,2,Champions,51.0,0
1683,305,3,748.69,3,At Risk,38.5,0
1684,17,13,13023.4,2,Champions,49.666666666666664,0
1685,32,2,746.36,1,Loyal Customers,74.0,0
1686,1,37,21770.98,2,Champions,19.916666666666668,0
1687,20,2,466.66,1,Loyal Customers,371.0,0
1688,124,4,572.3,3,At Risk,120.33333333333333,0
1689,65,1,92.46,0,Lost Customers,72.0,1
1690,106,3,1520.96,3,At Risk,308.0,0
1691,1,23,8152.71,2,Champions,12.318181818181818,0
1692,24,22,8346.66,2,Champions,33.38095238095238,0
1693,463,2,469.19,0,Lost Customers,67.0,0
1694,267,1,183.6,0,Lost Customers,72.0,1
1695,5,30,8898.24,2,Champions,21.379310344827587,0
1696,507,3,917.4300000000001,3,At Risk,114.5,0
1697,10,24,25585.65,2,Champions,30.91304347826087,0
1698,438,9,22710.2,3,At Risk,36.25,0
1699,29,15,3260.24,2,Champions,46.57142857142857,0
1700,389,3,891.02,3,At Risk,21.0,0
1701,267,1,152.55,0,Lost Customers,72.0,1
1702,64,2,374.7,1,Loyal Customers,32.0,0
1703,320,4,1516.72,3,At Risk,118.66666666666667,0
1704,515,2,225.81,0,Lost Customers,46.0,0
1705,685,1,321.6,0,Lost Customers,72.0,1
1706,4,8,1437.57,2,Champions,37.0,0
1707,667,1,390.85,0,Lost Customers,72.0,1
1708,32,1,151.04,1,Loyal Customers,72.0,1
1709,623,1,219.39999999999998,0,Lost Customers,72.0,1
1710,5,6,1734.87,1,Loyal Customers,106.6,0
1711,129,1,118.67,0,Lost Customers,72.0,1
1712,41,6,615.0799999999999,1,Loyal Customers,70.2,0
1713,102,9,1553.47,3,At Risk,64.5,0
1714,125,2,618.73,0,Lost Customers,557.0,0
1715,33,5,1115.68,1,Loyal Customers,140.4,0
1716,302,10,4867.57,3,At Risk,47.22222222222222,0
1717,365,2,413.36,0,Lost Customers,27.0,0
1718,4,11,1082.19,2,Champions,71.3,0
1719,512,1,150.5,0,Lost Customers,72.0,1
1720,2,33,9720.67,2,Champions,22.375,0
1721,463,1,39.95,0,Lost Customers,72.0,1
1722,3,3,829.47,1,Loyal Customers,366.0,0
1723,10,16,64036.8,2,Champions,26.933333333333334,0
1724,57,1,158.75,0,Lost Customers,72.0,1
1725,325,1,76.32000000000001,0,Lost Customers,72.0,1
1726,654,2,9530.08,3,At Risk,44.0,0
1727,8,24,7229.45,2,Champions,30.695652173913043,0
1728,12,1,433.86,1,Loyal Customers,72.0,1
1729,440,1,311.77,0,Lost Customers,72.0,1
1730,723,1,2.95,0,Lost Customers,72.0,1
1731,4,17,65164.79,2,Champions,5.625,0
1732,481,2,422.85999999999996,0,Lost Customers,164.0,0
1733,37,1,147.35,1,Loyal Customers,72.0,1
1734,16,20,5750.91,2,Champions,37.05263157894737,0
1735,138,1,191.95000000000002,0,Lost Customers,72.0,1
1736,74,13,9961.93,2,Champions,45.083333333333336,0
1737,5,5,1105.8799999999999,1,Loyal Customers,9.25,0
1738,155,5,743.53,3,At Risk,100.75,0
1739,239,5,5988.83,3,At Risk,120.0,0
1740,737,1,214.79999999999998,0,Lost Customers,72.0,1
1741,52,11,4877.3,2,Champions,67.4,0
1742,31,4,1044.96,1,Loyal Customers,235.0,0
1743,73,1,144.2,0,Lost Customers,72.0,1
1744,4,33,12987.95,2,Champions,23.29032258064516,0
1745,14,4,692.85,1,Loyal Customers,75.33333333333333,0
1746,23,13,5834.59,2,Champions,52.333333333333336,0
1747,4,16,7092.610000000001,2,Champions,48.06666666666667,0
1748,274,7,1364.09,3,At Risk,54.833333333333336,0
1749,502,2,622.6700000000001,0,Lost Customers,165.0,0
1750,20,5,1382.74,1,Loyal Customers,25.0,0
1751,144,1,90.0,0,Lost Customers,72.0,1
1752,429,1,458.45,0,Lost Customers,72.0,1
1753,376,2,183.37,0,Lost Customers,342.0,0
1754,4,4,2780.15,1,Loyal Customers,18.0,0
1755,406,3,362.42,0,Lost Customers,165.0,0
1756,733,1,436.18,0,Lost Customers,72.0,1
1757,84,1,419.58000000000004,0,Lost Customers,72.0,1
1758,11,3,2720.63,1,Loyal Customers,33.5,0
1759,8,4,1172.46,1,Loyal Customers,145.0,0
1760,123,6,1900.0800000000002,3,At Risk,59.8,0
1761,61,3,924.21,1,Loyal Customers,245.0,0
1762,2,9,2591.34,2,Champions,82.0,0
1763,319,4,1858.77,3,At Risk,135.66666666666666,0
1764,649,1,168.22,0,Lost Customers,72.0,1
1765,2,11,3586.0299999999997,2,Champions,17.7,0
1766,130,4,911.14,3,At Risk,201.0,0
1767,383,15,11123.35,3,At Risk,24.428571428571427,0
1768,2,24,8839.67,2,Champions,31.608695652173914,0
1769,401,5,1570.81,3,At Risk,82.5,0
1770,696,1,332.7,0,Lost Customers,72.0,1
1771,2,2,965.8800000000001,1,Loyal Customers,62.0,0
1772,46,4,1086.8,1,Loyal Customers,165.0,0
1773,4,2,935.05,1,Loyal Customers,27.0,0
1774,3,4,915.13,1,Loyal Customers,33.666666666666664,0
1775,373,2,671.34,0,Lost Customers,273.0,0
1776,134,1,115.8,0,Lost Customers,72.0,1
1777,486,1,30.599999999999998,0,Lost Customers,72.0,1
1778,47,7,7600.05,2,Champions,93.5,0
1779,9,12,9450.3,2,Champions,62.09090909090909,0
1780,78,9,2590.2,3,At Risk,79.85714285714286,0
1781,234,2,466.29,0,Lost Customers,180.0,0
1782,221,1,446.62,0,Lost Customers,72.0,1
1783,36,2,658.64,1,Loyal Customers,324.0,0
1784,673,2,679.45,0,Lost Customers,43.0,0
1785,75,7,1997.3400000000001,3,At Risk,96.83333333333333,0
1786,483,1,233.4,0,Lost Customers,72.0,1
1787,239,8,6460.7,3,At Risk,64.85714285714286,0
1788,266,1,118.75,0,Lost Customers,72.0,1
1789,10,156,313437.62,2,Champions,4.311688311688312,0
1790,20,5,978.69,1,Loyal Customers,155.75,0
1791,40,1,507.66,1,Loyal Customers,72.0,1
1792,20,20,7860.8,2,Champions,37.26315789473684,0
1793,610,7,8421.47,3,At Risk,14.5,0
1794,216,7,2996.93,3,At Risk,84.5,0
1795,174,2,289.36,0,Lost Customers,118.0,0
1796,87,5,2594.62,3,At Risk,93.25,0
1797,71,2,1631.77,3,At Risk,10.0,0
1798,276,1,120.44,0,Lost Customers,72.0,1
1799,505,2,251.15,0,Lost Customers,121.0,0
1800,39,8,1274.29,3,At Risk,91.0,0
1801,421,2,370.45,0,Lost Customers,143.0,0
1802,431,2,621.51,0,Lost Customers,13.0,0
1803,375,3,570.18,0,Lost Customers,9.0,0
1804,98,2,498.79,0,Lost Customers,632.0,0
1805,605,3,369.02,0,Lost Customers,18.5,0
1806,11,6,586.0,1,Loyal Customers,143.6,0
1807,33,1,134.46,1,Loyal Customers,72.0,1
1808,60,8,7678.88,2,Champions,80.57142857142857,0
1809,297,5,756.46,3,At Risk,20.5,0
1810,86,13,2209.69,3,At Risk,46.916666666666664,0
1811,9,7,1600.26,1,Loyal Customers,28.5,0
1812,41,2,701.57,1,Loyal Customers,11.0,0
1813,11,33,6117.5,2,Champions,16.375,0
1814,411,2,308.35,0,Lost Customers,151.0,0
1815,444,4,678.77,3,At Risk,50.666666666666664,0
1816,411,2,278.34000000000003,0,Lost Customers,69.0,0
1817,67,1,452.89,1,Loyal Customers,72.0,1
1818,331,1,197.65,0,Lost Customers,72.0,1
1819,427,5,1550.63,3,At Risk,53.75,0
1820,474,1,123.5,0,Lost Customers,72.0,1
1821,31,6,2054.36,1,Loyal Customers,55.4,0
1822,2,16,5503.15,2,Champions,25.2,0
1823,666,1,79.9,0,Lost Customers,72.0,1
1824,2,15,4817.66,2,Champions,51.5,0
1825,388,1,293.74,0,Lost Customers,72.0,1
1826,68,3,1210.19,3,At Risk,163.5,0
1827,5,36,18670.59,2,Champions,20.264705882352942,0
1828,202,6,2615.6,3,At Risk,86.2,0
1829,107,1,335.52,0,Lost Customers,72.0,1
1830,411,1,390.05,0,Lost Customers,72.0,1
1831,18,9,1569.73,2,Champions,85.375,0
1832,218,4,1091.7,3,At Risk,103.66666666666667,0
1833,617,1,379.2,0,Lost Customers,72.0,1
1834,60,10,1193.54,3,At Risk,58.22222222222222,0
1835,381,3,847.76,3,At Risk,121.5,0
1836,397,1,339.34,0,Lost Customers,72.0,1
1837,2,4,1024.83,1,Loyal Customers,244.66666666666666,0
1838,17,9,2414.2,2,Champions,77.75,0
1839,239,3,1185.01,3,At Risk,81.0,0
1840,688,1,157.8,0,Lost Customers,72.0,1
1841,95,2,567.05,1,Loyal Customers,456.0,0
1842,11,15,4993.27,2,Champions,47.714285714285715,0
1843,106,16,5556.570000000001,2,Champions,39.333333333333336,0
1844,53,18,4402.29,2,Champions,39.411764705882355,0
1845,90,2,2190.14,3,At Risk,356.0,0
1846,405,1,1192.2,0,Lost Customers,72.0,1
1847,31,5,1004.38,1,Loyal Customers,61.25,0
1848,12,9,3250.33,2,Champions,89.625,0
1849,3,5,2150.04,1,Loyal Customers,102.25,0
1850,2,23,3298.59,2,Champions,23.363636363636363,0
1851,43,1,169.48000000000002,0,Lost Customers,72.0,1
1852,4,3,633.83,1,Loyal Customers,244.0,0
1853,247,4,1515.0,3,At Risk,107.0,0
1854,42,17,6517.49,2,Champions,35.25,0
1855,177,1,683.17,0,Lost Customers,72.0,1
1856,92,3,991.13,3,At Risk,85.5,0
1857,110,9,1841.71,3,At Risk,53.75,0
1858,435,4,2031.07,3,At Risk,87.0,0
1859,29,6,2985.13,2,Champions,82.0,0
1860,26,15,6368.71,2,Champions,53.333333333333336,0
1861,438,3,745.5,3,At Risk,53.5,0
1862,52,7,2594.04,3,At Risk,59.57142857142857,0
1863,436,3,979.8000000000001,3,At Risk,56.0,0
1864,184,4,1235.6200000000001,3,At Risk,88.66666666666667,0
1865,43,5,2048.07,3,At Risk,54.75,0
1866,49,7,2904.27,3,At Risk,98.66666666666667,0
1867,22,4,754.12,1,Loyal Customers,11.666666666666666,0
1868,75,9,4717.99,2,Champions,67.5,0
1869,81,5,1555.34,3,At Risk,105.75,0
1870,373,2,471.14,0,Lost Customers,217.0,0
1871,326,3,434.23,0,Lost Customers,204.0,0
1872,43,21,4263.17,2,Champions,34.05,0
1873,30,3,1247.49,1,Loyal Customers,196.0,0
1874,184,2,333.70000000000005,0,Lost Customers,512.0,0
1875,235,2,280.55,0,Lost Customers,91.0,0
1876,9,17,7217.75,2,Champions,28.6875,0
1877,661,1,366.41999999999996,0,Lost Customers,72.0,1
1878,220,2,1693.45,3,At Risk,43.0,0
1879,111,3,1474.06,3,At Risk,67.5,0
1880,278,5,753.56,3,At Risk,67.75,0
1881,318,3,1032.95,3,At Risk,98.0,0
1882,411,12,5400.461,3,At Risk,24.181818181818183,0
1883,7,3,1904.05,1,Loyal Customers,41.0,0
1884,2,5,2879.7000000000003,2,Champions,13.5,0
1885,381,1,350.99,0,Lost Customers,72.0,1
1886,493,2,363.40000000000003,0,Lost Customers,129.0,0
1887,433,1,601.03,0,Lost Customers,72.0,1
1888,546,1,1000.63,0,Lost Customers,72.0,1
1889,260,5,2460.79,3,At Risk,108.25,0
1890,64,9,5954.45,2,Champions,72.5,0
1891,9,25,32051.34,2,Champions,29.791666666666668,0
1892,142,1,120.0,0,Lost Customers,72.0,1
1893,471,3,824.28,3,At Risk,38.5,0
1894,51,2,1163.45,1,Loyal Customers,27.0,0
1895,8,8,2618.23,2,Champions,32.714285714285715,0
1896,423,1,322.93,0,Lost Customers,72.0,1
1897,155,6,1517.3600000000001,3,At Risk,91.0,0
1898,109,4,1373.35,3,At Risk,167.0,0
1899,428,1,40.56,0,Lost Customers,72.0,1
1900,163,3,1516.24,3,At Risk,48.5,0
1901,471,1,354.85,0,Lost Customers,72.0,1
1902,439,1,295.73,0,Lost Customers,72.0,1
1903,332,1,492.65000000000003,0,Lost Customers,72.0,1
1904,226,2,214.18,0,Lost Customers,183.0,0
1905,74,4,920.81,3,At Risk,169.0,0
1906,51,4,559.97,1,Loyal Customers,63.0,0
1907,686,1,256.6,0,Lost Customers,72.0,1
1908,396,6,1189.3799999999999,3,At Risk,42.0,0
1909,99,7,2102.68,3,At Risk,93.16666666666667,0
1910,15,9,17197.61,2,Champions,88.375,0
1911,410,1,205.83,0,Lost Customers,72.0,1
1912,521,2,191.86,0,Lost Customers,160.0,0
1913,197,1,134.04,0,Lost Customers,72.0,1
1914,408,1,245.15,0,Lost Customers,72.0,1
1915,3,25,7250.76,2,Champions,27.041666666666668,0
1916,463,4,628.4399999999999,3,At Risk,35.333333333333336,0
1917,31,3,1299.65,1,Loyal Customers,311.0,0
1918,21,8,3284.42,2,Champions,100.85714285714286,0
1919,24,7,8479.76,2,Champions,118.5,0
1920,8,3,176.63,1,Loyal Customers,95.0,0
1921,213,1,426.6,0,Lost Customers,72.0,1
1922,9,6,911.26,1,Loyal Customers,55.6,0
1923,11,8,4516.56,2,Champions,102.28571428571429,0
1924,2,23,7904.1,2,Champions,34.476190476190474,0
1925,8,16,9226.25,2,Champions,41.2,0
1926,3,9,2903.01,2,Champions,90.125,0
1927,407,1,375.34,0,Lost Customers,72.0,1
1928,40,5,2362.91,3,At Risk,172.25,0
1929,421,2,456.40000000000003,0,Lost Customers,152.0,0
1930,18,4,1305.33,1,Loyal Customers,85.33333333333333,0
1931,8,82,91194.49,2,Champions,8.592592592592593,0
1932,8,27,14070.25,2,Champions,27.653846153846153,0
1933,19,1,43.2,1,Loyal Customers,72.0,1
1934,117,4,1992.18,3,At Risk,183.0,0
1935,431,3,742.9000000000001,3,At Risk,153.0,0
1936,407,2,277.94,0,Lost Customers,27.0,0
1937,223,3,1725.01,3,At Risk,173.5,0
1938,71,3,1858.96,3,At Risk,31.5,0
1939,51,6,3151.4,3,At Risk,124.6,0
1940,89,10,4287.92,3,At Risk,70.88888888888889,0
1941,549,2,1147.02,3,At Risk,0.0,0
1942,8,11,3780.81,2,Champions,53.6,0
1943,433,1,492.1,0,Lost Customers,72.0,1
1944,243,2,516.45,0,Lost Customers,324.0,0
1945,47,11,3090.29,2,Champions,45.2,0
1946,107,2,229.8,0,Lost Customers,324.0,0
1947,45,8,3197.82,2,Champions,83.71428571428571,0
1948,422,5,1370.34,3,At Risk,51.5,0
1949,65,1,508.58000000000004,1,Loyal Customers,72.0,1
1950,460,1,158.02,0,Lost Customers,72.0,1
1951,424,1,494.85,0,Lost Customers,72.0,1
1952,207,5,1346.75,3,At Risk,120.0,0
1953,11,7,2218.06,2,Champions,76.5,0
1954,429,4,474.1,3,At Risk,76.66666666666667,0
1955,115,2,605.0600000000001,0,Lost Customers,123.0,0
1956,410,2,701.61,0,Lost Customers,283.0,0
1957,570,1,245.48000000000002,0,Lost Customers,72.0,1
1958,242,3,940.98,3,At Risk,145.0,0
1959,163,6,1894.93,3,At Risk,106.8,0
1960,438,1,445.05,0,Lost Customers,72.0,1
1961,17,15,9887.62,2,Champions,50.0,0
1962,624,1,200.63,0,Lost Customers,72.0,1
1963,124,2,462.65999999999997,0,Lost Customers,10.0,0
1964,23,5,1917.41,1,Loyal Customers,98.0,0
1965,68,1,415.2,0,Lost Customers,72.0,1
1966,17,12,4318.48,2,Champions,49.54545454545455,0
1967,16,2,454.86,1,Loyal Customers,80.0,0
1968,17,4,1614.91,1,Loyal Customers,85.66666666666667,0
1969,161,3,928.1,3,At Risk,187.5,0
1970,243,2,620.27,0,Lost Customers,186.0,0
1971,219,1,134.7,0,Lost Customers,72.0,1
1972,45,18,4452.02,2,Champions,43.0,0
1973,21,6,918.44,1,Loyal Customers,89.8,0
1974,421,4,1079.66,3,At Risk,89.0,0
1975,127,20,2993.05,2,Champions,25.736842105263158,0
1976,39,1,108.97999999999999,0,Lost Customers,72.0,1
1977,121,5,2315.75,3,At Risk,93.75,0
1978,737,1,82.6,0,Lost Customers,72.0,1
1979,260,1,409.57,0,Lost Customers,72.0,1
1980,10,1,133.5,1,Loyal Customers,72.0,1
1981,274,3,972.03,3,At Risk,77.5,0
1982,165,1,51.0,0,Lost Customers,72.0,1
1983,157,4,1078.96,3,At Risk,38.333333333333336,0
1984,215,3,376.5,0,Lost Customers,108.0,0
1985,6,2,163.62,1,Loyal Customers,24.0,0
1986,366,3,840.0500000000001,3,At Risk,130.5,0
1987,80,2,701.23,1,Loyal Customers,1.0,0
1988,43,1,225.12,1,Loyal Customers,72.0,1
1989,389,2,400.06,0,Lost Customers,38.0,0
1990,19,3,912.18,1,Loyal Customers,33.5,0
1991,32,4,2118.03,1,Loyal Customers,20.666666666666668,0
1992,579,1,214.70999999999998,0,Lost Customers,72.0,1
1993,22,1,151.5,1,Loyal Customers,72.0,1
1994,402,2,227.47000000000003,0,Lost Customers,49.0,0
1995,109,8,3717.35,3,At Risk,14.142857142857142,0
1996,395,2,634.68,0,Lost Customers,287.0,0
1997,525,1,136.0,0,Lost Customers,72.0,1
1998,8,16,9227.82,2,Champions,17.466666666666665,0
1999,320,1,155.0,0,Lost Customers,72.0,1
2000,642,2,469.13,0,Lost Customers,19.0,0
2001,451,6,1175.78,3,At Risk,44.8,0
2002,295,1,100.5,0,Lost Customers,72.0,1
2003,443,2,860.08,0,Lost Customers,156.0,0
2004,358,1,76.55,0,Lost Customers,72.0,1
2005,541,1,108.0,0,Lost Customers,72.0,1
2006,185,3,1106.82,3,At Risk,177.5,0
2007,683,1,215.46,0,Lost Customers,72.0,1
2008,191,2,617.05,0,Lost Customers,70.0,0
2009,622,1,131.25,0,Lost Customers,72.0,1
2010,44,4,1265.16,1,Loyal Customers,145.0,0
2011,682,1,48.96,0,Lost Customers,72.0,1
2012,52,2,625.9399999999999,1,Loyal Customers,399.0,0
2013,26,2,1193.6299999999999,1,Loyal Customers,363.0,0
2014,38,3,1247.69,1,Loyal Customers,62.5,0
2015,501,1,58.5,0,Lost Customers,72.0,1
2016,9,3,202.11,1,Loyal Customers,7.0,0
2017,297,1,142.4,0,Lost Customers,72.0,1
2018,33,3,1727.6,1,Loyal Customers,37.5,0
2019,10,16,6388.2,2,Champions,44.733333333333334,0
2020,65,5,1898.01,3,At Risk,130.75,0
2021,10,13,6150.03,2,Champions,34.166666666666664,0
2022,577,1,135.6,0,Lost Customers,72.0,1
2023,432,1,266.4,0,Lost Customers,72.0,1
2024,218,1,67.95,0,Lost Customers,72.0,1
2025,565,1,93.8,0,Lost Customers,72.0,1
2026,2,20,7801.93,2,Champions,31.05263157894737,0
2027,65,7,1969.38,3,At Risk,111.66666666666667,0
2028,3,19,2612.96,2,Champions,11.277777777777779,0
2029,401,2,707.79,0,Lost Customers,126.0,0
2030,394,8,2108.21,3,At Risk,39.57142857142857,0
2031,149,3,1732.47,3,At Risk,241.0,0
2032,4,22,6795.9,2,Champions,33.80952380952381,0
2033,652,1,285.6,0,Lost Customers,72.0,1
2034,130,6,1880.51,3,At Risk,101.2,0
2035,34,13,2724.13,2,Champions,56.75,0
2036,387,1,195.0,0,Lost Customers,72.0,1
2037,119,1,156.75,0,Lost Customers,72.0,1
2038,107,6,2157.73,3,At Risk,33.6,0
2039,11,11,4102.27,2,Champions,71.8,0
2040,71,9,3427.29,3,At Risk,61.5,0
2041,92,11,2631.9,3,At Risk,34.0,0
2042,311,1,1063.0,0,Lost Customers,72.0,1
2043,43,3,1426.19,1,Loyal Customers,190.5,0
2044,362,4,764.52,3,At Risk,108.33333333333333,0
2045,92,8,2399.33,3,At Risk,40.0,0
2046,1,23,11980.09,2,Champions,32.31818181818182,0
2047,22,2,490.22,1,Loyal Customers,20.0,0
2048,388,1,524.65,0,Lost Customers,72.0,1
2049,4,3,1937.25,1,Loyal Customers,51.5,0
2050,11,7,1254.64,1,Loyal Customers,61.333333333333336,0
2051,99,4,1639.17,3,At Risk,197.0,0
2052,57,6,2469.37,3,At Risk,126.2,0
2053,1,19,10271.52,2,Champions,39.55555555555556,0
2054,218,3,916.6099999999999,3,At Risk,237.5,0
2055,18,1,322.08,1,Loyal Customers,72.0,1
2056,435,3,661.39,3,At Risk,151.0,0
2057,24,17,11727.94,2,Champions,38.375,0
2058,50,4,1263.52,1,Loyal Customers,193.33333333333334,0
2059,7,5,1224.06,1,Loyal Customers,79.0,0
2060,404,1,516.28,0,Lost Customers,72.0,1
2061,512,3,1220.9,3,At Risk,47.5,0
2062,303,4,2614.2,3,At Risk,127.66666666666667,0
2063,10,6,2248.5,2,Champions,15.4,0
2064,466,1,280.7,0,Lost Customers,72.0,1
2065,22,6,1372.8,1,Loyal Customers,9.6,0
2066,502,1,90.42,0,Lost Customers,72.0,1
2067,99,2,271.70000000000005,0,Lost Customers,454.0,0
2068,366,5,873.34,3,At Risk,54.0,0
2069,306,1,131.9,0,Lost Customers,72.0,1
2070,320,5,9443.04,3,At Risk,91.5,0
2071,8,13,5982.03,2,Champions,60.25,0
2072,1,11,4611.6900000000005,2,Champions,68.4,0
2073,205,7,5367.0199999999995,3,At Risk,80.66666666666667,0
2074,54,5,2082.97,3,At Risk,80.75,0
2075,456,1,120.44,0,Lost Customers,72.0,1
2076,456,1,221.65,0,Lost Customers,72.0,1
2077,1,5,1200.28,1,Loyal Customers,96.0,0
2078,19,6,1711.73,1,Loyal Customers,75.8,0
2079,9,2,375.35,1,Loyal Customers,354.0,0
2080,19,8,2230.96,2,Champions,59.142857142857146,0
2081,181,7,1128.44,3,At Risk,71.16666666666667,0
2082,60,12,3258.68,2,Champions,57.0,0
2083,11,4,658.95,1,Loyal Customers,170.0,0
2084,190,1,119.93,0,Lost Customers,72.0,1
2085,376,5,977.3,3,At Risk,88.75,0
2086,432,4,617.72,3,At Risk,20.666666666666668,0
2087,5,9,3017.28,2,Champions,16.75,0
2088,311,1,113.64,0,Lost Customers,72.0,1
2089,381,1,228.07,0,Lost Customers,72.0,1
2090,155,2,5375.741,3,At Risk,496.0,0
2091,110,9,1093.5,3,At Risk,76.25,0
2092,148,13,6676.91,2,Champions,44.75,0
2093,66,12,2242.81,2,Champions,32.81818181818182,0
2094,98,4,786.5699999999999,3,At Risk,133.33333333333334,0
2095,568,2,111.0,0,Lost Customers,59.0,0
2096,247,11,3925.85,3,At Risk,45.0,0
2097,29,13,4267.15,2,Champions,57.583333333333336,0
2098,18,12,2203.2400000000002,2,Champions,65.0,0
2099,734,1,204.24,0,Lost Customers,72.0,1
2100,416,4,2093.46,3,At Risk,87.0,0
2101,12,3,712.04,1,Loyal Customers,208.5,0
2102,591,2,400.95,0,Lost Customers,141.0,0
2103,104,9,2118.72,3,At Risk,72.625,0
2104,74,2,234.34000000000003,0,Lost Customers,208.0,0
2105,46,2,1258.8899999999999,1,Loyal Customers,533.0,0
2106,72,4,1151.15,3,At Risk,112.0,0
2107,257,1,193.0,0,Lost Customers,72.0,1
2108,20,7,1969.6,2,Champions,113.5,0
2109,382,4,1276.66,3,At Risk,118.33333333333333,0
2110,254,4,1124.71,3,At Risk,159.33333333333334,0
2111,11,4,1299.52,1,Loyal Customers,235.33333333333334,0
2112,165,5,2284.69,3,At Risk,127.5,0
2113,18,12,4306.72,2,Champions,40.72727272727273,0
2114,282,2,257.1,0,Lost Customers,455.0,0
2115,50,4,1070.98,1,Loyal Customers,223.66666666666666,0
2116,39,1,162.8,1,Loyal Customers,72.0,1
2117,512,2,175.5,0,Lost Customers,41.0,0
2118,27,7,1266.27,1,Loyal Customers,58.166666666666664,0
2119,68,1,1064.28,1,Loyal Customers,72.0,1
2120,207,4,1574.93,3,At Risk,134.66666666666666,0
2121,406,2,1273.47,3,At Risk,22.0,0
2122,175,2,340.93,0,Lost Customers,197.0,0
2123,430,7,1921.91,3,At Risk,31.166666666666668,0
2124,7,10,5087.86,2,Champions,70.11111111111111,0
2125,26,3,401.46,1,Loyal Customers,352.0,0
2126,51,3,174.8,1,Loyal Customers,304.0,0
2127,312,7,2363.89,3,At Risk,53.0,0
2128,309,2,697.0600000000001,0,Lost Customers,364.0,0
2129,43,10,3900.83,2,Champions,55.77777777777778,0
2130,26,7,2101.79,2,Champions,73.33333333333333,0
2131,88,3,356.85,1,Loyal Customers,50.0,0
2132,184,2,251.21,0,Lost Customers,136.0,0
2133,20,11,2429.83,2,Champions,28.9,0
2134,3,6,3543.26,2,Champions,34.6,0
2135,47,4,673.26,1,Loyal Customers,76.33333333333333,0
2136,17,19,11879.08,2,Champions,39.22222222222222,0
2137,17,7,2960.25,2,Champions,96.33333333333333,0
2138,24,11,3216.7400000000002,2,Champions,70.1,0
2139,22,5,822.92,1,Loyal Customers,129.25,0
2140,534,1,110.95,0,Lost Customers,72.0,1
2141,376,3,979.85,3,At Risk,30.0,0
2142,11,5,1314.81,1,Loyal Customers,30.25,0
2143,188,7,1215.97,3,At Risk,90.33333333333333,0
2144,101,6,788.01,3,At Risk,92.8,0
2145,61,9,4380.04,2,Champions,73.66666666666667,0
2146,18,12,3724.06,2,Champions,48.0,0
2147,516,1,151.17,0,Lost Customers,72.0,1
2148,33,2,330.45,1,Loyal Customers,108.0,0
2149,64,1,174.37,0,Lost Customers,72.0,1
2150,684,2,203.14,0,Lost Customers,45.0,0
2151,2,2,270.6,1,Loyal Customers,289.0,0
2152,491,1,199.45000000000002,0,Lost Customers,72.0,1
2153,24,8,1748.42,2,Champions,93.71428571428571,0
2154,108,1,241.09,0,Lost Customers,72.0,1
2155,32,13,2909.86,2,Champions,31.583333333333332,0
2156,20,17,8026.54,2,Champions,43.5625,0
2157,389,1,258.65,0,Lost Customers,72.0,1
2158,3,122,27246.88,2,Champions,5.5,0
2159,37,1,364.21999999999997,1,Loyal Customers,72.0,1
2160,60,3,578.61,1,Loyal Customers,24.5,0
2161,26,16,6088.87,2,Champions,43.666666666666664,0
2162,480,1,376.34,0,Lost Customers,72.0,1
2163,236,11,3845.78,3,At Risk,45.8,0
2164,25,11,3466.37,2,Champions,58.2,0
2165,3,26,6187.66,2,Champions,24.84,0
2166,60,9,5973.2300000000005,2,Champions,73.5,0
2167,260,1,170.95,0,Lost Customers,72.0,1
2168,58,2,641.4,1,Loyal Customers,565.0,0
2169,65,5,1370.8400000000001,3,At Risk,154.0,0
2170,16,2,537.48,1,Loyal Customers,28.0,0
2171,10,11,3709.64,2,Champions,71.7,0
2172,59,14,2491.38,2,Champions,48.92307692307692,0
2173,186,1,103.25,0,Lost Customers,72.0,1
2174,29,39,14587.87,2,Champions,18.210526315789473,0
2175,24,3,2938.53,1,Loyal Customers,222.5,0
2176,674,1,349.25,0,Lost Customers,72.0,1
2177,5,11,5184.84,2,Champions,72.2,0
2178,4,8,3974.75,2,Champions,6.714285714285714,0
2179,151,9,2541.29,3,At Risk,72.625,0
2180,311,4,913.6,3,At Risk,141.33333333333334,0
2181,11,4,1345.06,1,Loyal Customers,157.0,0
2182,18,7,878.09,1,Loyal Customers,110.16666666666667,0
2183,152,3,507.93,3,At Risk,220.0,0
2184,19,9,1818.6,2,Champions,60.875,0
2185,10,4,2279.4900000000002,1,Loyal Customers,13.666666666666666,0
2186,57,6,2304.03,3,At Risk,132.2,0
2187,596,3,815.69,3,At Risk,45.5,0
2188,85,1,788.38,1,Loyal Customers,72.0,1
2189,654,3,655.5,0,Lost Customers,38.0,0
2190,390,1,75.6,0,Lost Customers,72.0,1
2191,7,44,6114.03,2,Champions,17.4390243902439,0
2192,76,3,1080.76,3,At Risk,54.0,0
2193,4,26,6638.150000000001,2,Champions,26.12,0
2194,510,2,640.54,0,Lost Customers,82.0,0
2195,435,2,2605.62,3,At Risk,300.0,0
2196,96,5,3859.2200000000003,3,At Risk,94.0,0
2197,111,4,4092.0,3,At Risk,140.66666666666666,0
2198,57,2,1530.3600000000001,1,Loyal Customers,73.0,0
2199,435,1,919.7,0,Lost Customers,72.0,1
2200,1,4,597.3299999999999,1,Loyal Customers,200.33333333333334,0
2201,281,3,613.75,3,At Risk,81.0,0
2202,425,1,160.0,0,Lost Customers,72.0,1
2203,3,11,5526.88,2,Champions,61.4,0
2204,180,13,2163.12,3,At Risk,42.833333333333336,0
2205,733,1,143.70000000000002,0,Lost Customers,72.0,1
2206,488,1,420.22,0,Lost Customers,72.0,1
2207,372,1,35.400000000000006,0,Lost Customers,72.0,1
2208,13,7,1364.15,1,Loyal Customers,119.16666666666667,0
2209,3,1,168.63,1,Loyal Customers,72.0,1
2210,432,1,105.56,0,Lost Customers,72.0,1
2211,518,1,14.850000000000001,0,Lost Customers,72.0,1
2212,17,2,409.65,1,Loyal Customers,527.0,0
2213,41,1,114.11,0,Lost Customers,72.0,1
2214,6,8,1660.29,2,Champions,87.42857142857143,0
2215,169,8,1738.16,3,At Risk,69.71428571428571,0
2216,50,5,1143.27,3,At Risk,91.0,0
2217,277,1,237.36,0,Lost Customers,72.0,1
2218,19,9,1580.29,2,Champions,38.625,0
2219,578,1,135.39,0,Lost Customers,72.0,1
2220,372,1,39.75,0,Lost Customers,72.0,1
2221,425,20,2993.37,3,At Risk,15.631578947368421,0
2222,15,4,1320.21,1,Loyal Customers,65.66666666666667,0
2223,35,3,557.94,1,Loyal Customers,14.0,0
2224,22,12,3665.5299999999997,2,Champions,64.18181818181819,0
2225,7,2,363.33,1,Loyal Customers,365.0,0
2226,20,8,2164.45,2,Champions,94.85714285714286,0
2227,627,1,222.22000000000003,0,Lost Customers,72.0,1
2228,11,6,2184.63,1,Loyal Customers,84.8,0
2229,44,2,384.04,1,Loyal Customers,525.0,0
2230,390,2,457.89,0,Lost Customers,118.0,0
2231,306,2,865.1700000000001,3,At Risk,87.0,0
2232,11,1,213.96,1,Loyal Customers,72.0,1
2233,656,1,205.35999999999999,0,Lost Customers,72.0,1
2234,275,1,660.0,0,Lost Customers,72.0,1
2235,633,1,143.85999999999999,0,Lost Customers,72.0,1
2236,374,4,921.5600000000001,3,At Risk,118.66666666666667,0
2237,1,192,29951.37,2,Champions,3.3575129533678756,0
2238,16,22,23763.13,2,Champions,33.523809523809526,0
2239,4,11,3352.94,2,Champions,72.4,0
2240,72,10,1486.2,3,At Risk,65.66666666666667,0
2241,396,2,24.35,0,Lost Customers,118.0,0
2242,444,2,604.3299999999999,0,Lost Customers,154.0,0
2243,415,1,877.7,0,Lost Customers,72.0,1
2244,680,1,76.32000000000001,0,Lost Customers,72.0,1
2245,386,1,295.13,0,Lost Customers,72.0,1
2246,394,5,951.76,3,At Risk,38.0,0
2247,243,5,527.78,3,At Risk,75.75,0
2248,403,2,190.47000000000003,0,Lost Customers,13.0,0
2249,9,7,1342.32,1,Loyal Customers,89.16666666666667,0
2250,246,2,1291.24,3,At Risk,295.0,0
2251,206,2,412.78000000000003,0,Lost Customers,78.0,0
2252,1,9,3000.57,2,Champions,84.875,0
2253,185,1,320.58000000000004,0,Lost Customers,72.0,1
2254,32,10,2016.98,2,Champions,62.77777777777778,0
2255,57,6,814.07,3,At Risk,108.8,0
2256,196,11,4497.88,3,At Risk,52.3,0
2257,24,11,5410.92,2,Champions,70.1,0
2258,379,1,462.75,0,Lost Customers,72.0,1
2259,91,5,1998.0,3,At Risk,147.5,0
2260,4,2,955.26,1,Loyal Customers,43.0,0
2261,484,1,338.65,0,Lost Customers,72.0,1
2262,51,6,2025.69,3,At Risk,86.6,0
2263,263,1,114.56,0,Lost Customers,72.0,1
2264,266,1,344.90000000000003,0,Lost Customers,72.0,1
2265,438,4,2124.46,3,At Risk,34.0,0
2266,454,1,215.22,0,Lost Customers,72.0,1
2267,36,2,609.85,1,Loyal Customers,232.0,0
2268,677,1,106.67999999999999,0,Lost Customers,72.0,1
2269,51,1,443.6,1,Loyal Customers,72.0,1
2270,52,9,4978.96,2,Champions,75.875,0
2271,24,10,3649.36,2,Champions,73.11111111111111,0
2272,22,1,110.46,1,Loyal Customers,72.0,1
2273,59,1,96.12,0,Lost Customers,72.0,1
2274,170,5,1679.89,3,At Risk,139.0,0
2275,68,7,2247.72,3,At Risk,111.0,0
2276,157,3,876.89,3,At Risk,238.0,0
2277,2,151,528602.52,2,Champions,4.58,0
2278,201,2,506.04,0,Lost Customers,322.0,0
2279,416,15,4466.65,3,At Risk,21.928571428571427,0
2280,5,9,3651.19,2,Champions,85.25,0
2281,589,1,62.5,0,Lost Customers,72.0,1
2282,67,9,2025.52,3,At Risk,70.125,0
2283,77,1,114.18,0,Lost Customers,72.0,1
2284,1,12,3593.06,2,Champions,60.916666666666664,0
2285,738,1,246.86,0,Lost Customers,72.0,1
2286,8,7,3878.51,2,Champions,97.66666666666667,0
2287,169,5,790.0,3,At Risk,108.25,0
2288,18,6,1450.19,1,Loyal Customers,83.0,0
2289,5,2,247.15,1,Loyal Customers,111.0,0
2290,9,9,2529.93,2,Champions,37.875,0
2291,87,2,285.74,0,Lost Customers,14.0,0
2292,27,1,107.95,1,Loyal Customers,72.0,1
2293,29,7,1376.43,1,Loyal Customers,117.5,0
2294,430,2,490.6,0,Lost Customers,0.0,0
2295,20,2,636.24,1,Loyal Customers,13.0,0
2296,61,7,2749.65,3,At Risk,88.33333333333333,0
2297,24,1,195.25,1,Loyal Customers,72.0,1
2298,11,54,20395.34,2,Champions,13.20754716981132,0
2299,445,1,111.63,0,Lost Customers,72.0,1
2300,242,7,3216.78,3,At Risk,82.16666666666667,0
2301,280,3,583.33,3,At Risk,225.5,0
2302,549,2,1127.45,3,At Risk,18.0,0
2303,235,4,1113.14,3,At Risk,148.0,0
2304,3,7,3037.32,2,Champions,67.33333333333333,0
2305,509,1,173.66,0,Lost Customers,72.0,1
2306,16,2,1015.58,1,Loyal Customers,372.0,0
2307,31,12,8356.79,2,Champions,54.81818181818182,0
2308,593,1,184.91,0,Lost Customers,72.0,1
2309,579,1,403.39,0,Lost Customers,72.0,1
2310,382,3,1289.44,3,At Risk,174.5,0
2311,25,58,55688.5,2,Champions,11.894736842105264,0
2312,71,6,875.1500000000001,3,At Risk,116.2,0
2313,188,6,1514.81,3,At Risk,96.6,0
2314,588,1,146.56,0,Lost Customers,72.0,1
2315,26,6,1430.03,1,Loyal Customers,72.4,0
2316,576,8,4536.64,3,At Risk,21.0,0
2317,414,5,852.53,3,At Risk,61.0,0
2318,107,3,1402.06,3,At Risk,222.0,0
2319,8,28,7190.42,2,Champions,15.607142857142858,0
2320,209,1,112.8,0,Lost Customers,72.0,1
2321,44,4,777.68,1,Loyal Customers,121.66666666666667,0
2322,31,5,2114.33,1,Loyal Customers,45.25,0
2323,137,12,1715.1399999999999,3,At Risk,43.18181818181818,0
2324,265,7,1165.36,3,At Risk,43.0,0
2325,617,1,244.31,0,Lost Customers,72.0,1
2326,519,3,1534.22,3,At Risk,106.5,0
2327,4,8,2473.28,2,Champions,59.0,0
2328,218,2,188.60999999999999,0,Lost Customers,0.0,0
2329,2,5,1217.27,1,Loyal Customers,12.0,0
2330,214,4,702.6,3,At Risk,103.33333333333333,0
2331,32,5,3076.06,3,At Risk,113.0,0
2332,11,15,4487.11,2,Champions,47.714285714285715,0
2333,1,29,6368.78,2,Champions,25.392857142857142,0
2334,15,1,318.17,1,Loyal Customers,72.0,1
2335,11,11,1752.92,2,Champions,60.8,0
2336,199,1,179.0,0,Lost Customers,72.0,1
2337,619,1,367.54,0,Lost Customers,72.0,1
2338,436,2,139.2,0,Lost Customers,141.0,0
2339,3,5,1793.22,1,Loyal Customers,113.0,0
2340,15,25,8886.33,2,Champions,29.458333333333332,0
2341,14,13,1899.79,2,Champions,59.666666666666664,0
2342,10,11,2839.62,2,Champions,24.5,0
2343,29,4,1328.0700000000002,1,Loyal Customers,129.0,0
2344,9,21,5115.76,2,Champions,35.8,0
2345,24,4,906.24,1,Loyal Customers,220.66666666666666,0
2346,25,8,1825.45,2,Champions,94.57142857142857,0
2347,43,3,543.28,1,Loyal Customers,200.5,0
2348,733,1,81.3,0,Lost Customers,72.0,1
2349,410,1,226.42,0,Lost Customers,72.0,1
2350,2,5,1581.84,1,Loyal Customers,61.25,0
2351,6,3,663.81,1,Loyal Customers,60.0,0
2352,379,1,109.07,0,Lost Customers,72.0,1
2353,147,3,489.52,3,At Risk,169.5,0
2354,10,11,1803.06,2,Champions,72.1,0
2355,590,1,341.9,0,Lost Customers,72.0,1
2356,25,4,1252.74,1,Loyal Customers,170.0,0
2357,655,1,116.5,0,Lost Customers,72.0,1
2358,274,3,463.72999999999996,0,Lost Customers,136.0,0
2359,413,1,190.58,0,Lost Customers,72.0,1
2360,374,3,586.24,0,Lost Customers,125.5,0
2361,1,8,1897.57,2,Champions,45.666666666666664,0
2362,47,3,380.02,1,Loyal Customers,82.0,0
2363,8,19,5517.07,2,Champions,39.611111111111114,0
2364,16,15,14335.15,2,Champions,27.071428571428573,0
2365,426,4,1056.42,3,At Risk,41.666666666666664,0
2366,4,56,12240.16,2,Champions,13.415094339622641,0
2367,485,2,374.05,0,Lost Customers,0.0,0
2368,4,4,3554.17,1,Loyal Customers,132.0,0
2369,43,9,1821.9,3,At Risk,85.625,0
2370,4,25,11573.62,2,Champions,30.041666666666668,0
2371,197,11,4161.06,3,At Risk,45.0,0
2372,12,7,1713.09,1,Loyal Customers,67.16666666666667,0
2373,435,1,579.85,0,Lost Customers,72.0,1
2374,593,1,50.48,0,Lost Customers,72.0,1
2375,16,14,3660.08,2,Champions,42.15384615384615,0
2376,113,12,2551.41,3,At Risk,47.27272727272727,0
2377,406,4,593.5,3,At Risk,5.666666666666667,0
2378,249,1,328.2,0,Lost Customers,72.0,1
2379,29,10,2681.9,2,Champions,68.0,0
2380,480,1,310.15,0,Lost Customers,72.0,1
2381,736,1,112.03,0,Lost Customers,72.0,1
2382,684,2,126.45,0,Lost Customers,41.0,0
2383,44,1,389.64,1,Loyal Customers,72.0,1
2384,87,2,869.51,1,Loyal Customers,373.0,0
2385,45,6,1547.93,3,At Risk,128.6,0
2386,10,25,9972.550000000001,2,Champions,29.833333333333332,0
2387,15,3,2653.76,1,Loyal Customers,204.0,0
2388,75,1,420.5,0,Lost Customers,72.0,1
2389,145,7,2864.97,3,At Risk,77.16666666666667,0
2390,5,3,1625.97,1,Loyal Customers,113.5,0
2391,297,1,89.2,0,Lost Customers,72.0,1
2392,59,3,447.92,1,Loyal Customers,192.5,0
2393,264,2,417.57,0,Lost Customers,362.0,0
2394,47,1,278.3,1,Loyal Customers,72.0,1
2395,29,3,254.11,1,Loyal Customers,73.0,0
2396,8,11,6375.7300000000005,2,Champions,53.8,0
2397,474,1,382.81,0,Lost Customers,72.0,1
2398,17,2,192.60000000000002,1,Loyal Customers,109.0,0
2399,3,17,15514.11,2,Champions,41.88235294117647,0
2400,232,8,3637.64,3,At Risk,59.42857142857143,0
2401,621,2,594.62,0,Lost Customers,115.0,0
2402,112,1,139.26,0,Lost Customers,72.0,1
2403,593,1,140.55,0,Lost Customers,72.0,1
2404,529,1,241.45,0,Lost Customers,72.0,1
2405,58,3,1011.9,1,Loyal Customers,156.5,0
2406,51,15,3708.3,2,Champions,27.785714285714285,0
2407,404,1,307.56,0,Lost Customers,72.0,1
2408,127,2,730.86,3,At Risk,181.0,0
2409,281,3,386.15,0,Lost Customers,21.5,0
2410,55,2,447.68,1,Loyal Customers,24.0,0
2411,320,1,200.10000000000002,0,Lost Customers,72.0,1
2412,659,1,307.3,0,Lost Customers,72.0,1
2413,26,3,449.93,1,Loyal Customers,181.0,0
2414,10,2,77.4,1,Loyal Customers,4.0,0
2415,550,1,90.96,0,Lost Customers,72.0,1
2416,471,1,110.65,0,Lost Customers,72.0,1
2417,7,3,1156.32,1,Loyal Customers,294.0,0
2418,29,1,197.64,1,Loyal Customers,72.0,1
2419,17,10,2526.62,2,Champions,78.55555555555556,0
2420,607,1,303.63,0,Lost Customers,72.0,1
2421,64,1,6.2,0,Lost Customers,72.0,1
2422,21,2,625.9,1,Loyal Customers,513.0,0
2423,3,10,1953.9,2,Champions,53.22222222222222,0
2424,166,1,131.45000000000002,0,Lost Customers,72.0,1
2425,1,27,10169.33,2,Champions,27.307692307692307,0
2426,507,1,300.31,0,Lost Customers,72.0,1
2427,53,8,724.31,3,At Risk,84.42857142857143,0
2428,51,2,338.15,1,Loyal Customers,686.0,0
2429,48,17,7191.33,2,Champions,23.8125,0
2430,61,1,189.34,0,Lost Customers,72.0,1
2431,438,2,1502.98,3,At Risk,0.0,0
2432,162,3,845.55,3,At Risk,64.5,0
2433,9,1,353.27,1,Loyal Customers,72.0,1
2434,15,7,1082.55,1,Loyal Customers,100.66666666666667,0
2435,75,2,303.43,0,Lost Customers,363.0,0
2436,391,2,504.14,0,Lost Customers,259.0,0
2437,40,8,2718.6,2,Champions,18.571428571428573,0
2438,621,2,686.76,0,Lost Customers,0.0,0
2439,41,13,2354.03,2,Champions,31.833333333333332,0
2440,387,1,170.5,0,Lost Customers,72.0,1
2441,599,1,178.85,0,Lost Customers,72.0,1
2442,370,4,888.91,3,At Risk,80.0,0
2443,581,1,154.21,0,Lost Customers,72.0,1
2444,37,2,778.5,1,Loyal Customers,31.0,0
2445,197,1,271.85,0,Lost Customers,72.0,1
2446,200,7,3959.86,3,At Risk,70.66666666666667,0
2447,74,6,1153.56,3,At Risk,114.2,0
2448,64,4,456.41,1,Loyal Customers,217.33333333333334,0
2449,21,9,1274.76,2,Champions,81.5,0
2450,367,7,1230.15,3,At Risk,51.166666666666664,0
2451,485,1,157.70000000000002,0,Lost Customers,72.0,1
2452,180,3,321.43,0,Lost Customers,6.5,0
2453,10,10,4022.9100000000003,2,Champions,69.11111111111111,0
2454,4,24,4735.08,2,Champions,26.043478260869566,0
2455,582,2,385.2,0,Lost Customers,113.0,0
2456,197,13,9839.460000000001,2,Champions,44.166666666666664,0
2457,29,7,1455.8700000000001,1,Loyal Customers,67.5,0
2458,53,1,188.88,0,Lost Customers,72.0,1
2459,680,3,1676.57,3,At Risk,28.5,0
2460,630,1,322.69,0,Lost Customers,72.0,1
2461,499,1,94.8,0,Lost Customers,72.0,1
2462,18,7,2206.16,2,Champions,64.16666666666667,0
2463,529,2,297.0,0,Lost Customers,88.0,0
2464,10,3,102.44999999999999,1,Loyal Customers,10.0,0
2465,90,9,3460.32,3,At Risk,73.875,0
2466,423,2,769.9200000000001,0,Lost Customers,313.0,0
2467,418,3,915.28,3,At Risk,142.5,0
2468,268,2,362.71,0,Lost Customers,271.0,0
2469,53,14,7163.0,2,Champions,52.15384615384615,0
2470,44,4,2824.69,3,At Risk,87.66666666666667,0
2471,437,1,211.79999999999998,0,Lost Customers,72.0,1
2472,64,10,6702.43,2,Champions,60.0,0
2473,600,1,150.0,0,Lost Customers,72.0,1
2474,427,1,437.4,0,Lost Customers,72.0,1
2475,149,3,1348.95,3,At Risk,207.5,0
2476,405,1,310.56,0,Lost Customers,72.0,1
2477,22,43,15407.61,2,Champions,17.102564102564102,0
2478,312,7,1770.96,3,At Risk,42.5,0
2479,23,3,829.4100000000001,1,Loyal Customers,303.0,0
2480,58,18,6132.43,2,Champions,34.11764705882353,0
2481,24,5,1376.87,1,Loyal Customers,145.0,0
2482,78,11,4303.06,2,Champions,60.4,0
2483,119,7,6520.3,3,At Risk,81.66666666666667,0
2484,36,3,1290.53,1,Loyal Customers,10.0,0
2485,60,7,3651.851,3,At Risk,95.5,0
2486,506,1,180.75,0,Lost Customers,72.0,1
2487,13,5,1705.64,1,Loyal Customers,135.0,0
2488,19,1,170.32,1,Loyal Customers,72.0,1
2489,52,10,1380.73,3,At Risk,75.11111111111111,0
2490,26,2,841.1999999999999,1,Loyal Customers,122.0,0
2491,29,1,266.76,1,Loyal Customers,72.0,1
2492,7,4,92.52000000000001,1,Loyal Customers,243.0,0
2493,11,19,20746.54,2,Champions,25.055555555555557,0
2494,186,16,2952.06,3,At Risk,36.2,0
2495,3,12,4184.01,2,Champions,37.45454545454545,0
2496,9,6,2778.14,2,Champions,142.6,0
2497,262,6,1838.95,3,At Risk,84.2,0
2498,3,9,1228.17,2,Champions,91.375,0
2499,484,3,816.6,3,At Risk,74.5,0
2500,210,2,854.13,3,At Risk,423.0,0
2501,535,1,116.18,0,Lost Customers,72.0,1
2502,108,3,2862.4,3,At Risk,111.33333333333333,0
2503,521,2,256.7,0,Lost Customers,40.0,0
2504,418,2,425.85,0,Lost Customers,224.0,0
2505,13,25,4076.5,2,Champions,26.291666666666668,0
2506,685,1,185.06,0,Lost Customers,72.0,1
2507,77,3,690.59,1,Loyal Customers,105.5,0
2508,20,1,255.4,1,Loyal Customers,72.0,1
2509,27,14,3546.65,2,Champions,45.23076923076923,0
2510,19,6,761.59,1,Loyal Customers,47.5,0
2511,669,1,120.6,0,Lost Customers,72.0,1
2512,132,3,1598.12,3,At Risk,166.5,0
2513,253,1,364.8,0,Lost Customers,72.0,1
2514,79,1,1862.0,1,Loyal Customers,72.0,1
2515,207,1,369.2,0,Lost Customers,72.0,1
2516,336,1,135.9,0,Lost Customers,72.0,1
2517,254,3,817.25,3,At Risk,203.0,0
2518,148,4,1106.73,3,At Risk,95.33333333333333,0
2519,691,1,202.35000000000002,0,Lost Customers,72.0,1
2520,10,3,1809.6100000000001,1,Loyal Customers,304.0,0
2521,85,3,1492.81,3,At Risk,325.5,0
2522,8,38,25119.54,2,Champions,19.135135135135137,0
2523,205,8,1826.0,3,At Risk,75.0,0
2524,8,8,3140.54,2,Champions,101.85714285714286,0
2525,23,14,3365.95,2,Champions,54.30769230769231,0
2526,395,1,1331.38,0,Lost Customers,72.0,1
2527,522,1,13.919999999999998,0,Lost Customers,72.0,1
2528,11,12,1919.0,2,Champions,43.81818181818182,0
2529,26,3,1035.6200000000001,1,Loyal Customers,263.5,0
2530,21,5,2795.33,1,Loyal Customers,64.0,0
2531,2,4,1630.49,1,Loyal Customers,141.33333333333334,0
2532,158,8,1971.39,3,At Risk,82.28571428571429,0
2533,445,1,68.44,0,Lost Customers,72.0,1
2534,3,16,5547.72,2,Champions,39.53333333333333,0
2535,74,2,381.9,1,Loyal Customers,388.0,0
2536,437,3,1404.68,3,At Risk,112.5,0
2537,3,4,434.35,1,Loyal Customers,17.0,0
2538,1,398,291420.81,2,Champions,1.4710327455919396,0
2539,17,6,1889.25,1,Loyal Customers,132.6,0
2540,36,8,4073.13,2,Champions,63.714285714285715,0
2541,91,11,1811.25,3,At Risk,64.2,0
2542,71,8,3042.95,3,At Risk,77.57142857142857,0
2543,597,2,1123.75,3,At Risk,0.0,0
2544,116,9,5955.81,3,At Risk,61.625,0
2545,539,1,359.35,0,Lost Customers,72.0,1
2546,213,3,1607.17,3,At Risk,176.0,0
2547,30,2,1316.07,1,Loyal Customers,171.0,0
2548,394,2,843.74,0,Lost Customers,114.0,0
2549,51,1,749.1,1,Loyal Customers,72.0,1
2550,246,3,931.01,3,At Risk,196.5,0
2551,382,2,359.4,0,Lost Customers,216.0,0
2552,397,1,308.2,0,Lost Customers,72.0,1
2553,628,1,223.91000000000003,0,Lost Customers,72.0,1
2554,32,2,836.69,1,Loyal Customers,389.0,0
2555,109,6,5236.7300000000005,3,At Risk,99.2,0
2556,5,5,1257.68,1,Loyal Customers,58.5,0
2557,366,2,666.13,0,Lost Customers,20.0,0
2558,444,4,1770.0,3,At Risk,0.0,0
2559,82,5,3503.5,3,At Risk,89.5,0
2560,297,2,2849.83,3,At Risk,322.0,0
2561,34,12,12410.81,2,Champions,49.72727272727273,0
2562,57,3,1621.88,3,At Risk,36.5,0
2563,562,2,2322.43,3,At Risk,0.0,0
2564,418,2,531.49,0,Lost Customers,315.0,0
2565,579,1,182.1,0,Lost Customers,72.0,1
2566,402,4,746.56,3,At Risk,109.0,0
2567,663,1,107.62,0,Lost Customers,72.0,1
2568,30,19,9784.67,2,Champions,36.88235294117647,0
2569,414,1,179.4,0,Lost Customers,72.0,1
2570,14,1,100.9,1,Loyal Customers,72.0,1
2571,72,6,1049.79,3,At Risk,110.0,0
2572,23,6,1101.97,1,Loyal Customers,38.8,0
2573,469,4,515.0,3,At Risk,83.33333333333333,0
2574,19,1,371.2,1,Loyal Customers,72.0,1
2575,79,1,311.69,0,Lost Customers,72.0,1
2576,60,32,17629.35,2,Champions,21.516129032258064,0
2577,25,4,971.32,1,Loyal Customers,136.66666666666666,0
2578,12,2,462.12,1,Loyal Customers,690.0,0
2579,733,1,163.77,0,Lost Customers,72.0,1
2580,421,1,1325.0,0,Lost Customers,72.0,1
2581,253,2,261.69,0,Lost Customers,391.0,0
2582,147,6,941.99,3,At Risk,117.2,0
2583,64,4,695.42,1,Loyal Customers,76.66666666666667,0
2584,8,2,221.27,1,Loyal Customers,162.0,0
2585,11,22,16410.15,2,Champions,34.04761904761905,0
2586,271,4,366.91,0,Lost Customers,104.0,0
2587,10,12,3123.57,2,Champions,46.54545454545455,0
2588,247,1,206.21,0,Lost Customers,72.0,1
2589,96,2,596.09,1,Loyal Customers,0.0,0
2590,15,6,1064.26,1,Loyal Customers,141.6,0
2591,50,6,1982.6100000000001,3,At Risk,136.8,0
2592,30,2,501.24,1,Loyal Customers,428.0,0
2593,704,1,906.23,0,Lost Customers,72.0,1
2594,68,12,4919.35,2,Champions,49.166666666666664,0
2595,35,3,1097.98,1,Loyal Customers,4.0,0
2596,128,2,145.07,0,Lost Customers,252.0,0
2597,107,3,1314.45,3,At Risk,58.5,0
2598,37,1,89.94,0,Lost Customers,72.0,1
2599,57,2,472.39,1,Loyal Customers,363.0,0
2600,57,7,790.86,3,At Risk,44.666666666666664,0
2601,726,1,31.929999999999996,0,Lost Customers,72.0,1
2602,72,10,3112.19,3,At Risk,57.111111111111114,0
2603,735,1,429.66,0,Lost Customers,72.0,1
2604,737,1,150.68,0,Lost Customers,72.0,1
2605,246,2,372.92,0,Lost Customers,177.0,0
2606,572,1,237.78,0,Lost Customers,72.0,1
2607,689,1,183.20000000000002,0,Lost Customers,72.0,1
2608,19,6,1260.51,1,Loyal Customers,135.2,0
2609,198,2,292.01,0,Lost Customers,159.0,0
2610,376,2,563.1,0,Lost Customers,307.0,0
2611,16,8,1550.6499999999999,2,Champions,102.42857142857143,0
2612,212,7,2038.65,3,At Risk,64.5,0
2613,662,1,342.4,0,Lost Customers,72.0,1
2614,612,2,304.17,0,Lost Customers,118.0,0
2615,430,1,314.67,0,Lost Customers,72.0,1
2616,442,1,210.5,0,Lost Customers,72.0,1
2617,564,1,36.13,0,Lost Customers,72.0,1
2618,382,5,946.72,3,At Risk,59.75,0
2619,39,2,231.98000000000002,1,Loyal Customers,241.0,0
2620,481,2,442.28999999999996,0,Lost Customers,0.0,0
2621,46,4,776.5999999999999,1,Loyal Customers,202.33333333333334,0
2622,170,4,753.18,3,At Risk,144.66666666666666,0
2623,593,1,129.48000000000002,0,Lost Customers,72.0,1
2624,48,1,490.52,1,Loyal Customers,72.0,1
2625,394,2,199.10999999999999,0,Lost Customers,0.0,0
2626,116,9,4138.08,3,At Risk,72.25,0
2627,473,6,1027.03,3,At Risk,41.2,0
2628,147,1,1220.77,0,Lost Customers,72.0,1
2629,16,56,13754.58,2,Champions,12.428571428571429,0
2630,51,2,757.78,1,Loyal Customers,402.0,0
2631,159,1,156.91,0,Lost Customers,72.0,1
2632,480,2,360.0,0,Lost Customers,157.0,0
2633,12,3,1259.43,1,Loyal Customers,6.0,0
2634,36,1,308.94,1,Loyal Customers,72.0,1
2635,396,2,416.6,0,Lost Customers,20.0,0
2636,54,3,646.26,1,Loyal Customers,261.0,0
2637,488,10,1610.82,3,At Risk,20.666666666666668,0
2638,43,2,257.67,1,Loyal Customers,133.0,0
2639,501,13,2354.97,3,At Risk,18.166666666666668,0
2640,173,5,620.89,3,At Risk,92.5,0
2641,34,1,125.58,1,Loyal Customers,72.0,1
2642,39,3,496.21000000000004,1,Loyal Customers,164.0,0
2643,267,1,252.81,0,Lost Customers,72.0,1
2644,379,1,198.47,0,Lost Customers,72.0,1
2645,9,12,2500.59,2,Champions,43.90909090909091,0
2646,12,5,1133.44,1,Loyal Customers,165.75,0
2647,3,20,11578.65,2,Champions,34.89473684210526,0
2648,10,16,3559.39,2,Champions,27.266666666666666,0
2649,33,2,979.79,1,Loyal Customers,535.0,0
2650,80,5,1048.8899999999999,3,At Risk,91.25,0
2651,31,10,3195.6,2,Champions,65.44444444444444,0
2652,8,6,962.94,1,Loyal Customers,76.6,0
2653,620,1,365.1,0,Lost Customers,72.0,1
2654,72,8,1979.91,3,At Risk,81.42857142857143,0
2655,4,14,3102.94,2,Champions,55.53846153846154,0
2656,256,8,11010.05,3,At Risk,67.14285714285714,0
2657,5,10,2557.18,2,Champions,35.44444444444444,0
2658,16,14,8231.2,2,Champions,42.69230769230769,0
2659,90,1,252.73000000000002,0,Lost Customers,72.0,1
2660,72,3,429.56,1,Loyal Customers,53.5,0
2661,376,2,397.76,0,Lost Customers,0.0,0
2662,59,9,1146.53,3,At Risk,45.25,0
2663,10,93,39141.48,2,Champions,7.358695652173913,0
2664,542,1,7.49,0,Lost Customers,72.0,1
2665,170,2,289.4,0,Lost Customers,274.0,0
2666,199,2,315.45,0,Lost Customers,396.0,0
2667,31,6,2870.3199999999997,2,Champions,99.6,0
2668,19,35,16024.15,2,Champions,20.352941176470587,0
2669,152,2,735.66,3,At Risk,105.0,0
2670,9,25,7623.79,2,Champions,28.083333333333332,0
2671,270,1,343.62,0,Lost Customers,72.0,1
2672,65,4,381.0,1,Loyal Customers,100.33333333333333,0
2673,274,1,121.17000000000002,0,Lost Customers,72.0,1
2674,25,5,4087.19,2,Champions,113.5,0
2675,23,9,3926.91,2,Champions,88.875,0
2676,319,1,207.73000000000002,0,Lost Customers,72.0,1
2677,5,3,693.95,1,Loyal Customers,138.0,0
2678,12,2,302.1,1,Loyal Customers,28.0,0
2679,475,3,549.12,0,Lost Customers,123.5,0
2680,520,1,113.64999999999999,0,Lost Customers,72.0,1
2681,275,5,3255.96,3,At Risk,114.25,0
2682,25,16,3387.58,2,Champions,41.53333333333333,0
2683,41,19,3491.2,2,Champions,38.05555555555556,0
2684,8,4,294.25,1,Loyal Customers,0.0,0
2685,4,127,126389.02,2,Champions,5.691056910569106,0
2686,71,8,2585.62,3,At Risk,76.28571428571429,0
2687,213,1,370.79999999999995,0,Lost Customers,72.0,1
2688,410,4,1254.41,3,At Risk,101.66666666666667,0
2689,38,5,3326.86,3,At Risk,92.75,0
2690,53,1,893.59,1,Loyal Customers,72.0,1
2691,78,5,3862.88,3,At Risk,131.75,0
2692,46,4,1174.9,1,Loyal Customers,191.33333333333334,0
2693,179,1,1109.53,0,Lost Customers,72.0,1
2694,373,3,737.0500000000001,3,At Risk,175.5,0
2695,94,4,1455.56,3,At Risk,158.66666666666666,0
2696,479,1,187.51999999999998,0,Lost Customers,72.0,1
2697,10,8,2788.02,2,Champions,95.42857142857143,0
2698,105,3,1553.1299999999999,3,At Risk,180.5,0
2699,78,1,773.03,1,Loyal Customers,72.0,1
2700,173,3,1447.74,3,At Risk,174.0,0
2701,495,2,2428.08,3,At Risk,235.0,0
2702,7,53,17286.73,2,Champions,14.2,0
2703,213,11,3625.4,3,At Risk,51.6,0
2704,428,2,546.25,0,Lost Customers,74.0,0
2705,22,12,1854.57,2,Champions,46.18181818181818,0
2706,669,1,93.35000000000001,0,Lost Customers,72.0,1
2707,257,1,88.2,0,Lost Customers,72.0,1
2708,380,2,965.2,3,At Risk,266.0,0
2709,730,1,347.54,0,Lost Customers,72.0,1
2710,565,2,218.53,0,Lost Customers,60.0,0
2711,282,1,306.94,0,Lost Customers,72.0,1
2712,21,2,1160.07,1,Loyal Customers,45.0,0
2713,10,6,2420.84,2,Champions,23.2,0
2714,308,1,381.32,0,Lost Customers,72.0,1
2715,68,3,1046.6100000000001,3,At Risk,303.5,0
2716,215,3,776.46,3,At Risk,123.0,0
2717,18,23,13702.38,2,Champions,32.04545454545455,0
2718,463,2,83.0,0,Lost Customers,181.0,0
2719,104,10,3141.64,3,At Risk,64.55555555555556,0
2720,43,1,219.39000000000001,1,Loyal Customers,72.0,1
2721,4,3,908.35,1,Loyal Customers,289.0,0
2722,182,3,39916.5,3,At Risk,0.0,0
2723,84,1,410.48,0,Lost Customers,72.0,1
2724,334,7,2193.8999999999996,3,At Risk,60.666666666666664,0
2725,9,6,1477.94,1,Loyal Customers,115.8,0
2726,531,2,554.67,0,Lost Customers,16.0,0
2727,31,2,703.36,1,Loyal Customers,55.0,0
2728,197,2,993.54,3,At Risk,85.0,0
2729,18,9,3094.91,2,Champions,75.75,0
2730,18,5,1422.52,1,Loyal Customers,62.25,0
2731,311,9,824.35,3,At Risk,17.0,0
2732,142,4,1300.25,3,At Risk,28.333333333333332,0
2733,246,3,983.1,3,At Risk,244.5,0
2734,24,6,1505.8500000000001,1,Loyal Customers,92.0,0
2735,29,5,2442.37,1,Loyal Customers,140.25,0
2736,611,1,209.4,0,Lost Customers,72.0,1
2737,10,3,3509.43,1,Loyal Customers,21.5,0
2738,30,12,3400.12,2,Champions,35.0,0
2739,18,2,531.85,1,Loyal Customers,714.0,0
2740,18,4,1352.75,1,Loyal Customers,62.333333333333336,0
2741,15,8,2485.9700000000003,2,Champions,88.0,0
2742,134,1,244.8,0,Lost Customers,72.0,1
2743,246,1,266.4,0,Lost Customers,72.0,1
2744,134,1,358.82,0,Lost Customers,72.0,1
2745,50,2,457.72,1,Loyal Customers,238.0,0
2746,114,11,4487.27,3,At Risk,50.2,0
2747,7,5,4656.17,2,Champions,156.0,0
2748,23,4,450.82,1,Loyal Customers,209.33333333333334,0
2749,25,24,17024.87,2,Champions,25.565217391304348,0
2750,537,2,449.49,0,Lost Customers,150.0,0
2751,66,2,711.5,1,Loyal Customers,454.0,0
2752,60,5,1783.68,3,At Risk,91.75,0
2753,50,23,6860.18,2,Champions,26.19047619047619,0
2754,170,1,330.11,0,Lost Customers,72.0,1
2755,395,1,80.28,0,Lost Customers,72.0,1
2756,18,5,977.9300000000001,1,Loyal Customers,60.75,0
2757,128,5,1806.9,3,At Risk,97.75,0
2758,15,10,1596.29,2,Champions,44.77777777777778,0
2759,239,2,305.68,0,Lost Customers,317.0,0
2760,3,4,1286.7,1,Loyal Customers,46.5,0
2761,521,2,823.4,0,Lost Customers,159.0,0
2762,394,1,502.52,0,Lost Customers,72.0,1
2763,240,2,178.96,0,Lost Customers,96.0,0
2764,52,8,3243.69,2,Champions,55.42857142857143,0
2765,458,7,1388.47,3,At Risk,26.833333333333332,0
2766,46,6,2619.92,3,At Risk,90.6,0
2767,226,2,563.63,0,Lost Customers,206.0,0
2768,8,29,12160.31,2,Champions,25.25,0
2769,4,4,1194.73,1,Loyal Customers,81.0,0
2770,165,2,1327.16,3,At Risk,126.0,0
2771,240,1,623.5,0,Lost Customers,72.0,1
2772,11,1,301.29,1,Loyal Customers,72.0,1
2773,134,5,1554.6100000000001,3,At Risk,128.75,0
2774,17,13,8977.94,2,Champions,43.416666666666664,0
2775,423,2,2085.61,3,At Risk,86.0,0
2776,10,14,5263.83,2,Champions,52.69230769230769,0
2777,31,1,329.25,1,Loyal Customers,72.0,1
2778,75,3,1343.72,3,At Risk,201.0,0
2779,383,1,383.96999999999997,0,Lost Customers,72.0,1
2780,1,3,961.49,1,Loyal Customers,15.5,0
2781,4,5,2654.11,1,Loyal Customers,180.75,0
2782,45,2,606.02,1,Loyal Customers,356.0,0
2783,2,34,22116.73,2,Champions,12.666666666666666,0
2784,357,4,589.27,3,At Risk,20.666666666666668,0
2785,388,1,119.92,0,Lost Customers,72.0,1
2786,731,1,312.9,0,Lost Customers,72.0,1
2787,18,2,304.47,1,Loyal Customers,173.0,0
2788,69,9,2028.1100000000001,3,At Risk,77.125,0
2789,373,1,487.75,0,Lost Customers,72.0,1
2790,468,1,167.16,0,Lost Customers,72.0,1
2791,321,5,1627.62,3,At Risk,87.75,0
2792,26,1,106.56,1,Loyal Customers,72.0,1
2793,382,2,569.22,0,Lost Customers,344.0,0
2794,407,1,81.15,0,Lost Customers,72.0,1
2795,331,1,1289.5,0,Lost Customers,72.0,1
2796,9,5,1624.05,1,Loyal Customers,56.5,0
2797,381,7,1494.6,3,At Risk,38.833333333333336,0
2798,323,2,481.46,0,Lost Customers,87.0,0
2799,72,1,224.14,0,Lost Customers,72.0,1
2800,668,1,988.04,0,Lost Customers,72.0,1
2801,426,1,948.93,0,Lost Customers,72.0,1
2802,260,1,40.5,0,Lost Customers,72.0,1
2803,18,13,7491.92,2,Champions,59.416666666666664,0
2804,367,3,816.9300000000001,3,At Risk,110.5,0
2805,66,5,1200.2,3,At Risk,166.0,0
2806,154,11,2998.952,3,At Risk,55.55555555555556,0
2807,548,3,639.93,0,Lost Customers,18.0,0
2808,29,4,685.39,1,Loyal Customers,231.0,0
2809,70,1,310.62,0,Lost Customers,72.0,1
2810,14,5,1403.2,1,Loyal Customers,170.25,0
2811,2,16,4777.18,2,Champions,13.6,0
2812,725,1,310.43,0,Lost Customers,72.0,1
2813,1,46,17524.38,2,Champions,10.8,0
2814,434,1,834.4399999999999,0,Lost Customers,72.0,1
2815,463,3,588.05,0,Lost Customers,225.0,0
2816,120,5,1666.39,3,At Risk,139.75,0
2817,61,1,499.32,1,Loyal Customers,72.0,1
2818,3,28,12021.53,2,Champions,26.703703703703702,0
2819,3,1,3861.0,1,Loyal Customers,72.0,1
2820,433,2,313.7,0,Lost Customers,293.0,0
2821,11,6,1877.51,1,Loyal Customers,143.0,0
2822,92,5,571.35,3,At Risk,148.75,0
2823,59,10,3122.4,2,Champions,56.77777777777778,0
2824,495,1,549.05,0,Lost Customers,72.0,1
2825,87,7,1842.95,3,At Risk,87.0,0
2826,420,3,6001.49,3,At Risk,0.0,0
2827,26,15,4400.18,2,Champions,49.857142857142854,0
2828,357,1,316.58,0,Lost Customers,72.0,1
2829,85,2,653.24,1,Loyal Customers,42.0,0
2830,10,4,420.29999999999995,1,Loyal Customers,88.33333333333333,0
2831,416,3,683.9200000000001,3,At Risk,65.0,0
2832,1,6,970.52,1,Loyal Customers,84.2,0
2833,730,1,178.98000000000002,0,Lost Customers,72.0,1
2834,225,3,1176.19,3,At Risk,174.5,0
2835,60,2,894.4100000000001,1,Loyal Customers,304.0,0
2836,241,2,208.28,0,Lost Customers,135.0,0
2837,319,2,328.35,0,Lost Customers,11.0,0
2838,2,8,1661.44,2,Champions,34.0,0
2839,47,7,2422.43,3,At Risk,94.0,0
2840,88,2,486.09,1,Loyal Customers,531.0,0
2841,563,1,426.24,0,Lost Customers,72.0,1
2842,11,22,11468.83,2,Champions,31.61904761904762,0
2843,176,2,685.45,0,Lost Customers,472.0,0
2844,52,6,1778.96,3,At Risk,45.2,0
2845,366,4,2062.2000000000003,3,At Risk,90.0,0
2846,319,11,3550.91,3,At Risk,39.8,0
2847,226,5,1417.95,3,At Risk,126.75,0
2848,358,5,871.36,3,At Risk,83.25,0
2849,234,1,409.40000000000003,0,Lost Customers,72.0,1
2850,311,1,154.41,0,Lost Customers,72.0,1
2851,37,9,2488.4900000000002,2,Champions,74.25,0
2852,66,6,5580.2699999999995,3,At Risk,86.2,0
2853,586,1,160.5,0,Lost Customers,72.0,1
2854,239,2,429.6,0,Lost Customers,1.0,0
2855,621,1,250.26,0,Lost Customers,72.0,1
2856,113,2,612.06,0,Lost Customers,27.0,0
2857,401,1,59.400000000000006,0,Lost Customers,72.0,1
2858,277,1,197.0,0,Lost Customers,72.0,1
2859,218,16,2772.76,3,At Risk,12.692307692307692,0
2860,299,1,321.05,0,Lost Customers,72.0,1
2861,2,4,1412.32,1,Loyal Customers,74.66666666666667,0
2862,29,3,1071.99,1,Loyal Customers,76.5,0
2863,10,2,780.59,1,Loyal Customers,68.0,0
2864,45,12,4459.98,2,Champions,62.18181818181818,0
2865,67,11,3050.16,2,Champions,58.2,0
2866,422,1,302.04,0,Lost Customers,72.0,1
2867,74,2,927.2800000000001,1,Loyal Customers,360.0,0
2868,65,3,912.08,1,Loyal Customers,300.0,0
2869,134,8,4610.84,3,At Risk,65.42857142857143,0
2870,238,3,780.4,3,At Risk,158.0,0
2871,122,3,976.06,3,At Risk,207.0,0
2872,411,3,1893.93,3,At Risk,60.5,0
2873,32,18,9266.0,2,Champions,34.411764705882355,0
2874,641,1,60.0,0,Lost Customers,72.0,1
2875,9,21,20324.54,2,Champions,33.05,0
2876,36,5,2103.41,3,At Risk,143.5,0
2877,16,8,2055.09,2,Champions,94.66666666666667,0
2878,127,3,1088.35,3,At Risk,216.5,0
2879,67,9,3706.02,2,Champions,83.25,0
2880,149,2,170.4,0,Lost Customers,413.0,0
2881,283,2,685.9,0,Lost Customers,130.0,0
2882,169,2,623.16,0,Lost Customers,48.0,0
2883,513,4,1182.3799999999999,3,At Risk,56.333333333333336,0
2884,100,25,8767.73,2,Champions,27.08695652173913,0
2885,135,4,1508.0,3,At Risk,99.0,0
2886,324,3,418.82,0,Lost Customers,81.5,0
2887,107,1,156.51,0,Lost Customers,72.0,1
2888,64,2,848.4,1,Loyal Customers,466.0,0
2889,151,4,3345.64,3,At Risk,195.33333333333334,0
2890,338,5,852.21,3,At Risk,90.25,0
2891,22,5,1717.36,1,Loyal Customers,39.75,0
2892,479,3,961.9000000000001,3,At Risk,63.0,0
2893,24,3,1225.3600000000001,1,Loyal Customers,122.0,0
2894,16,21,8524.86,2,Champions,35.0,0
2895,7,24,4528.54,2,Champions,20.47826086956522,0
2896,57,6,2030.95,3,At Risk,120.6,0
2897,600,1,228.96,0,Lost Customers,72.0,1
2898,4,2,716.57,1,Loyal Customers,14.0,0
2899,38,1,615.14,1,Loyal Customers,72.0,1
2900,66,4,619.8,1,Loyal Customers,122.66666666666667,0
2901,47,2,476.34,1,Loyal Customers,378.0,0
2902,562,4,496.15999999999997,3,At Risk,34.333333333333336,0
2903,355,5,1580.54,3,At Risk,79.75,0
2904,172,3,397.52,0,Lost Customers,199.0,0
2905,59,16,8543.57,2,Champions,24.066666666666666,0
2906,570,1,348.59,0,Lost Customers,72.0,1
2907,390,3,148.33,0,Lost Customers,63.5,0
2908,500,1,24.75,0,Lost Customers,72.0,1
2909,408,1,94.92,0,Lost Customers,72.0,1
2910,50,1,240.55,1,Loyal Customers,72.0,1
2911,22,5,856.03,1,Loyal Customers,178.5,0
2912,43,10,3715.38,2,Champions,68.55555555555556,0
2913,29,5,1593.09,1,Loyal Customers,147.75,0
2914,5,26,10496.28,2,Champions,25.52,0
2915,26,40,13517.76,2,Champions,17.743589743589745,0
2916,201,1,178.39,0,Lost Customers,72.0,1
2917,666,1,247.5,0,Lost Customers,72.0,1
2918,411,1,233.35,0,Lost Customers,72.0,1
2919,654,1,207.04,0,Lost Customers,72.0,1
2920,51,12,10323.03,2,Champions,57.45454545454545,0
2921,10,3,641.94,1,Loyal Customers,26.5,0
2922,2,23,9061.77,2,Champions,32.63636363636363,0
2923,67,10,6156.53,2,Champions,69.66666666666667,0
2924,64,1,496.44,1,Loyal Customers,72.0,1
2925,51,17,6909.67,2,Champions,24.5,0
2926,730,1,308.0,0,Lost Customers,72.0,1
2927,290,3,1224.18,3,At Risk,196.5,0
2928,61,9,796.4000000000001,3,At Risk,44.75,0
2929,555,1,93.6,0,Lost Customers,72.0,1
2930,64,9,3484.73,2,Champions,73.875,0
2931,96,1,205.3,0,Lost Customers,72.0,1
2932,274,1,310.47,0,Lost Customers,72.0,1
2933,611,4,797.96,3,At Risk,41.333333333333336,0
2934,479,1,1634.64,0,Lost Customers,72.0,1
2935,1,208,114966.42,2,Champions,3.0386473429951693,0
2936,75,12,2930.19,2,Champions,58.45454545454545,0
2937,110,1,52.0,0,Lost Customers,72.0,1
2938,199,3,820.4499999999999,3,At Risk,114.0,0
2939,64,2,570.5,1,Loyal Customers,51.0,0
2940,327,1,165.0,0,Lost Customers,72.0,1
2941,677,1,129.75,0,Lost Customers,72.0,1
2942,4,1,312.62,1,Loyal Customers,72.0,1
2943,284,1,204.5,0,Lost Customers,72.0,1
2944,44,1,267.13,1,Loyal Customers,72.0,1
2945,71,12,6709.7300000000005,2,Champions,54.54545454545455,0
2946,86,2,1390.86,3,At Risk,390.0,0
2947,563,3,434.6,0,Lost Customers,49.0,0
2948,701,1,140.22000000000003,0,Lost Customers,72.0,1
2949,104,8,1601.46,3,At Risk,79.14285714285714,0
2950,334,5,1700.52,3,At Risk,100.75,0
2951,53,1,208.75,0,Lost Customers,72.0,1
2952,408,1,107.24,0,Lost Customers,72.0,1
2953,39,11,2958.83,2,Champions,68.2,0
2954,32,2,714.96,1,Loyal Customers,28.0,0
2955,500,3,767.91,3,At Risk,109.0,0
2956,366,6,4892.68,3,At Risk,29.0,0
2957,208,1,1028.56,0,Lost Customers,72.0,1
2958,157,3,350.82,0,Lost Customers,8.0,0
2959,54,1,170.22,0,Lost Customers,72.0,1
2960,402,1,240.5,0,Lost Customers,72.0,1
2961,411,1,373.02,0,Lost Customers,72.0,1
2962,677,1,277.93,0,Lost Customers,72.0,1
2963,66,7,1821.02,3,At Risk,99.83333333333333,0
2964,562,1,105.5,0,Lost Customers,72.0,1
2965,81,2,2402.7200000000003,3,At Risk,368.0,0
2966,130,1,406.09,0,Lost Customers,72.0,1
2967,87,1,364.5,0,Lost Customers,72.0,1
2968,1,3,563.94,1,Loyal Customers,36.5,0
2969,46,1,393.54,1,Loyal Customers,72.0,1
2970,333,3,596.12,3,At Risk,48.5,0
2971,366,4,1162.0,3,At Risk,23.333333333333332,0
2972,72,1,158.04,0,Lost Customers,72.0,1
2973,158,2,463.90999999999997,0,Lost Customers,29.0,0
2974,373,2,547.6,0,Lost Customers,9.0,0
2975,12,10,3430.22,2,Champions,46.111111111111114,0
2976,549,1,111.15,0,Lost Customers,72.0,1
2977,255,7,2794.4700000000003,3,At Risk,80.0,0
2978,603,3,284.4,0,Lost Customers,0.0,0
2979,29,2,277.05,1,Loyal Customers,23.0,0
2980,31,13,3239.57,2,Champions,32.083333333333336,0
2981,5,42,16425.86,2,Champions,18.333333333333332,0
2982,663,8,181.35,0,Lost Customers,4.142857142857143,0
2983,40,1,427.93,1,Loyal Customers,72.0,1
2984,362,4,689.07,3,At Risk,60.0,0
2985,449,2,613.08,0,Lost Customers,290.0,0
2986,373,2,678.11,0,Lost Customers,120.0,0
2987,96,2,913.19,3,At Risk,158.0,0
2988,26,13,4557.13,2,Champions,53.666666666666664,0
2989,75,7,2389.08,3,At Risk,95.33333333333333,0
2990,57,11,5081.33,2,Champions,66.8,0
2991,21,2,722.74,1,Loyal Customers,372.0,0
2992,492,11,6251.26,3,At Risk,23.5,0
2993,41,8,3739.01,2,Champions,52.285714285714285,0
2994,662,1,59.400000000000006,0,Lost Customers,72.0,1
2995,137,8,6017.06,3,At Risk,75.0,0
2996,8,17,3084.54,2,Champions,35.75,0
2997,129,2,307.32,0,Lost Customers,495.0,0
2998,690,1,60.959999999999994,0,Lost Customers,72.0,1
2999,40,3,1221.56,1,Loyal Customers,90.5,0
3000,383,4,1211.75,3,At Risk,10.666666666666666,0
3001,463,2,246.5,0,Lost Customers,39.0,0
3002,169,8,4877.84,3,At Risk,32.42857142857143,0
3003,9,11,3248.96,2,Champions,72.6,0
3004,214,5,1890.5700000000002,3,At Risk,92.0,0
3005,15,12,13733.550000000001,2,Champions,65.18181818181819,0
3006,170,4,2027.79,3,At Risk,140.0,0
3007,40,3,942.08,1,Loyal Customers,318.0,0
3008,186,1,394.14,0,Lost Customers,72.0,1
3009,492,1,468.65,0,Lost Customers,72.0,1
3010,270,1,140.54,0,Lost Customers,72.0,1
3011,172,5,2733.8,3,At Risk,126.75,0
3012,396,2,1216.66,3,At Risk,12.0,0
3013,584,1,289.87,0,Lost Customers,72.0,1
3014,5,7,2911.62,2,Champions,70.66666666666667,0
3015,16,5,891.34,1,Loyal Customers,176.25,0
3016,10,11,5286.8,2,Champions,71.1,0
3017,326,1,107.45,0,Lost Customers,72.0,1
3018,113,2,796.38,3,At Risk,471.0,0
3019,290,1,94.0,0,Lost Customers,72.0,1
3020,16,2,1345.53,1,Loyal Customers,62.0,0
3021,1,3,815.77,1,Loyal Customers,38.0,0
3022,92,8,1302.3,3,At Risk,66.42857142857143,0
3023,452,2,216.95000000000002,0,Lost Customers,116.0,0
3024,149,6,1830.54,3,At Risk,88.0,0
3025,492,2,170.88,0,Lost Customers,238.0,0
3026,376,1,257.06,0,Lost Customers,72.0,1
3027,189,2,659.84,0,Lost Customers,386.0,0
3028,31,4,975.87,1,Loyal Customers,105.25,0
3029,34,4,1046.74,1,Loyal Customers,90.33333333333333,0
3030,264,1,267.18,0,Lost Customers,72.0,1
3031,721,1,131.25,0,Lost Customers,72.0,1
3032,84,10,4685.72,2,Champions,51.1,0
3033,26,4,1348.93,1,Loyal Customers,52.0,0
3034,171,1,190.53,0,Lost Customers,72.0,1
3035,692,5,6798.72,3,At Risk,11.0,0
3036,10,3,774.9000000000001,1,Loyal Customers,116.0,0
3037,313,1,559.61,0,Lost Customers,72.0,1
3038,65,7,4572.82,3,At Risk,101.5,0
3039,85,1,508.8,0,Lost Customers,72.0,1
3040,425,2,449.42,0,Lost Customers,161.0,0
3041,25,1,135.86,1,Loyal Customers,72.0,1
3042,434,6,743.0,3,At Risk,59.6,0
3043,59,10,3805.34,2,Champions,74.33333333333333,0
3044,323,7,1619.97,3,At Risk,57.333333333333336,0
3045,38,3,266.89,1,Loyal Customers,291.0,0
3046,254,3,597.78,3,At Risk,104.0,0
3047,400,4,1941.1200000000001,3,At Risk,87.33333333333333,0
3048,19,9,2156.35,2,Champions,70.5,0
3049,33,3,1430.54,1,Loyal Customers,6.5,0
3050,15,4,762.75,1,Loyal Customers,235.0,0
3051,27,2,397.35,1,Loyal Customers,48.0,0
3052,468,2,954.75,3,At Risk,60.0,0
3053,503,1,153.24,0,Lost Customers,72.0,1
3054,23,2,320.76,1,Loyal Customers,518.0,0
3055,214,2,533.3,0,Lost Customers,53.0,0
3056,8,11,2567.06,2,Champions,67.3,0
3057,22,1,149.29,1,Loyal Customers,72.0,1
3058,12,3,1067.75,1,Loyal Customers,110.0,0
3059,262,2,393.45,0,Lost Customers,378.0,0
3060,131,1,156.57999999999998,0,Lost Customers,72.0,1
3061,405,4,1269.05,3,At Risk,82.66666666666667,0
3062,55,3,383.68,1,Loyal Customers,76.5,0
3063,396,3,1254.21,3,At Risk,166.5,0
3064,249,1,594.0,0,Lost Customers,72.0,1
3065,2,14,5114.23,2,Champions,48.76923076923077,0
3066,9,2,1411.21,1,Loyal Customers,31.0,0
3067,264,2,284.5,0,Lost Customers,326.0,0
3068,377,3,399.75,0,Lost Customers,174.5,0
3069,331,5,492.88,3,At Risk,73.25,0
3070,313,2,788.81,0,Lost Customers,361.0,0
3071,26,3,974.52,1,Loyal Customers,117.0,0
3072,30,1,429.84,1,Loyal Customers,72.0,1
3073,434,2,226.86,0,Lost Customers,164.0,0
3074,30,6,1785.1100000000001,1,Loyal Customers,95.8,0
3075,2,7,1371.77,1,Loyal Customers,30.333333333333332,0
3076,362,2,305.99,0,Lost Customers,256.0,0
3077,598,1,38.25,0,Lost Customers,72.0,1
3078,283,10,2091.52,3,At Risk,49.22222222222222,0
3079,262,1,237.07,0,Lost Customers,72.0,1
3080,25,2,370.43999999999994,1,Loyal Customers,376.0,0
3081,417,2,202.82999999999998,0,Lost Customers,80.0,0
3082,354,1,214.26,0,Lost Customers,72.0,1
3083,461,2,429.7,0,Lost Customers,170.0,0
3084,94,4,737.05,3,At Risk,116.66666666666667,0
3085,29,1,126.14,1,Loyal Customers,72.0,1
3086,338,1,1044.65,0,Lost Customers,72.0,1
3087,20,32,12100.4,2,Champions,22.35483870967742,0
3088,85,4,1560.46,3,At Risk,216.66666666666666,0
3089,9,3,524.88,1,Loyal Customers,71.0,0
3090,51,3,1430.48,1,Loyal Customers,170.5,0
3091,50,3,874.25,1,Loyal Customers,193.5,0
3092,576,1,63.419999999999995,0,Lost Customers,72.0,1
3093,2,3,1292.01,1,Loyal Customers,273.5,0
3094,113,1,371.56,0,Lost Customers,72.0,1
3095,14,8,2046.0,2,Champions,61.142857142857146,0
3096,596,1,150.35,0,Lost Customers,72.0,1
3097,77,1,454.10999999999996,0,Lost Customers,72.0,1
3098,380,4,2209.98,3,At Risk,20.333333333333332,0
3099,650,1,368.4,0,Lost Customers,72.0,1
3100,40,3,1983.48,1,Loyal Customers,267.0,0
3101,733,1,147.4,0,Lost Customers,72.0,1
3102,116,5,6279.0,3,At Risk,139.5,0
3103,401,1,1993.34,3,At Risk,72.0,1
3104,16,19,14417.36,2,Champions,39.72222222222222,0
3105,161,10,817.8199999999999,3,At Risk,57.77777777777778,0
3106,1,6,4652.1,2,Champions,146.0,0
3107,30,7,4810.92,2,Champions,117.5,0
3108,527,1,102.0,0,Lost Customers,72.0,1
3109,680,1,231.32,0,Lost Customers,72.0,1
3110,93,5,431.92,3,At Risk,122.25,0
3111,23,8,2419.61,2,Champions,95.28571428571429,0
3112,430,1,210.85,0,Lost Customers,72.0,1
3113,95,6,3100.09,3,At Risk,27.6,0
3114,28,2,659.4599999999999,1,Loyal Customers,46.0,0
3115,33,9,4121.68,2,Champions,77.25,0
3116,21,5,3702.6,2,Champions,176.25,0
3117,379,1,246.5,0,Lost Customers,72.0,1
3118,631,1,146.14000000000001,0,Lost Customers,72.0,1
3119,18,9,8657.39,2,Champions,87.25,0
3120,3,44,24972.86,2,Champions,16.3953488372093,0
3121,724,1,158.65,0,Lost Customers,72.0,1
3122,8,4,1131.56,1,Loyal Customers,23.666666666666668,0
3123,405,2,399.95,0,Lost Customers,10.0,0
3124,16,14,13003.869999999999,2,Champions,44.5,0
3125,363,2,257.3,0,Lost Customers,363.0,0
3126,81,4,402.7,1,Loyal Customers,194.33333333333334,0
3127,53,5,3610.96,3,At Risk,25.25,0
3128,23,6,2030.33,1,Loyal Customers,90.6,0
3129,172,1,475.86,0,Lost Customers,72.0,1
3130,189,6,1000.27,3,At Risk,8.8,0
3131,380,1,152.41,0,Lost Customers,72.0,1
3132,331,1,250.0,0,Lost Customers,72.0,1
3133,12,5,900.53,1,Loyal Customers,18.0,0
3134,156,4,331.58,0,Lost Customers,172.66666666666666,0
3135,33,35,26437.05,2,Champions,19.08823529411765,0
3136,12,18,6392.06,2,Champions,44.625,0
3137,387,1,171.81,0,Lost Customers,72.0,1
3138,45,3,62.43,0,Lost Customers,0.5,0
3139,233,1,267.03,0,Lost Customers,72.0,1
3140,64,15,4189.99,2,Champions,46.357142857142854,0
3141,383,2,344.61,0,Lost Customers,63.0,0
3142,2,1,343.5,1,Loyal Customers,72.0,1
3143,40,16,7098.24,2,Champions,47.0,0
3144,33,2,397.99,1,Loyal Customers,54.0,0
3145,84,16,17259.19,2,Champions,43.06666666666667,0
3146,25,2,591.4,1,Loyal Customers,582.0,0
3147,2,4,890.22,1,Loyal Customers,126.33333333333333,0
3148,33,2,148.44,1,Loyal Customers,0.0,0
3149,19,23,5554.89,2,Champions,31.636363636363637,0
3150,254,1,229.33,0,Lost Customers,72.0,1
3151,23,12,4783.66,2,Champions,33.18181818181818,0
3152,22,5,1808.68,1,Loyal Customers,122.5,0
3153,8,2,1972.39,1,Loyal Customers,22.0,0
3154,25,10,3738.85,2,Champions,57.666666666666664,0
3155,19,3,807.57,1,Loyal Customers,34.5,0
3156,726,1,162.25,0,Lost Customers,72.0,1
3157,173,6,1044.3700000000001,3,At Risk,54.8,0
3158,409,1,259.09,0,Lost Customers,72.0,1
3159,163,1,110.92,0,Lost Customers,72.0,1
3160,538,6,3358.3999999999996,3,At Risk,24.8,0
3161,7,1,538.46,1,Loyal Customers,72.0,1
3162,11,2,460.68,1,Loyal Customers,364.0,0
3163,114,1,85.13000000000001,0,Lost Customers,72.0,1
3164,512,3,855.71,3,At Risk,112.5,0
3165,288,2,242.26,0,Lost Customers,171.0,0
3166,9,20,7807.89,2,Champions,34.8421052631579,0
3167,54,2,288.96999999999997,1,Loyal Customers,316.0,0
3168,607,2,1079.1000000000001,3,At Risk,0.0,0
3169,7,26,10057.05,2,Champions,29.791666666666668,0
3170,596,1,158.09,0,Lost Customers,72.0,1
3171,77,8,2334.16,3,At Risk,88.14285714285714,0
3172,4,12,2211.05,2,Champions,66.0909090909091,0
3173,37,7,1679.81,3,At Risk,85.16666666666667,0
3174,217,2,252.52,0,Lost Customers,405.0,0
3175,60,1,428.93,1,Loyal Customers,72.0,1
3176,278,1,217.2,0,Lost Customers,72.0,1
3177,12,36,11243.91,2,Champions,20.228571428571428,0
3178,24,1,279.77,1,Loyal Customers,72.0,1
3179,29,1,468.91,1,Loyal Customers,72.0,1
3180,639,1,202.68,0,Lost Customers,72.0,1
3181,568,1,1109.4,0,Lost Customers,72.0,1
3182,398,2,153.52,0,Lost Customers,0.0,0
3183,12,8,1934.3899999999999,2,Champions,92.57142857142857,0
3184,352,3,671.4300000000001,3,At Risk,186.5,0
3185,22,7,2859.46,2,Champions,109.5,0
3186,463,2,70.74000000000001,0,Lost Customers,212.0,0
3187,50,2,173.16,1,Loyal Customers,20.0,0
3188,393,2,227.87,0,Lost Customers,331.0,0
3189,19,1,186.01,1,Loyal Customers,72.0,1
3190,3,3,758.29,1,Loyal Customers,34.5,0
3191,104,10,3583.45,3,At Risk,60.22222222222222,0
3192,7,25,8736.49,2,Champions,25.083333333333332,0
3193,12,14,3892.35,2,Champions,55.0,0
3194,5,10,3965.2,2,Champions,66.11111111111111,0
3195,32,5,1188.42,1,Loyal Customers,173.75,0
3196,178,6,1101.44,3,At Risk,56.8,0
3197,620,1,30.1,0,Lost Customers,72.0,1
3198,38,1,921.37,1,Loyal Customers,72.0,1
3199,151,5,396.03000000000003,3,At Risk,143.25,0
3200,162,1,127.1,0,Lost Customers,72.0,1
3201,69,5,1250.63,3,At Risk,90.5,0
3202,377,8,1375.39,3,At Risk,41.57142857142857,0
3203,121,38,7480.4,2,Champions,16.216216216216218,0
3204,25,3,682.9100000000001,1,Loyal Customers,97.5,0
3205,376,1,95.96,0,Lost Customers,72.0,1
3206,24,6,1268.2,1,Loyal Customers,128.8,0
3207,177,1,455.3,0,Lost Customers,72.0,1
3208,593,3,1139.1,3,At Risk,54.0,0
3209,50,7,1522.0800000000002,3,At Risk,73.16666666666667,0
3210,678,1,579.6,0,Lost Customers,72.0,1
3211,256,3,478.53000000000003,0,Lost Customers,27.0,0
3212,382,5,1496.6,3,At Risk,55.75,0
3213,583,3,217.9,0,Lost Customers,45.0,0
3214,47,1,388.58,1,Loyal Customers,72.0,1
3215,71,1,199.8,0,Lost Customers,72.0,1
3216,16,5,1771.78,1,Loyal Customers,54.5,0
3217,488,1,357.6,0,Lost Customers,72.0,1
3218,101,9,2727.72,3,At Risk,49.5,0
3219,35,2,563.37,1,Loyal Customers,540.0,0
3220,53,2,548.02,1,Loyal Customers,374.0,0
3221,27,3,1250.06,1,Loyal Customers,209.0,0
3222,428,4,1199.31,3,At Risk,54.666666666666664,0
3223,11,30,14191.74,2,Champions,24.586206896551722,0
3224,8,16,3137.96,2,Champions,48.0,0
3225,79,2,88.48,0,Lost Customers,569.0,0
3226,52,1,216.39,0,Lost Customers,72.0,1
3227,36,9,1741.95,2,Champions,81.75,0
3228,61,17,5230.99,2,Champions,36.1875,0
3229,337,9,1708.97,3,At Risk,45.125,0
3230,28,5,1785.98,1,Loyal Customers,96.25,0
3231,184,1,298.48,0,Lost Customers,72.0,1
3232,52,1,112.46000000000001,0,Lost Customers,72.0,1
3233,10,26,2997.28,2,Champions,26.44,0
3234,36,2,195.15,1,Loyal Customers,25.0,0
3235,610,1,433.71999999999997,0,Lost Customers,72.0,1
3236,438,4,3147.36,3,At Risk,62.666666666666664,0
3237,10,47,21373.97,2,Champions,15.391304347826088,0
3238,438,1,317.11,0,Lost Customers,72.0,1
3239,396,3,828.5500000000001,3,At Risk,55.0,0
3240,33,4,776.851,1,Loyal Customers,34.333333333333336,0
3241,11,1,336.40000000000003,1,Loyal Customers,72.0,1
3242,57,4,1942.36,3,At Risk,117.33333333333333,0
3243,4,4,1293.03,1,Loyal Customers,5.333333333333333,0
3244,43,17,7852.61,2,Champions,39.86666666666667,0
3245,141,8,2437.05,3,At Risk,83.57142857142857,0
3246,117,4,588.13,3,At Risk,46.0,0
3247,104,9,3236.4,3,At Risk,54.25,0
3248,75,3,1067.52,3,At Risk,172.5,0
3249,457,2,566.9,0,Lost Customers,65.0,0
3250,5,17,5333.08,2,Champions,44.5625,0
3251,450,4,2240.9,3,At Risk,27.333333333333332,0
3252,45,3,1481.4,1,Loyal Customers,299.0,0
3253,642,1,596.67,0,Lost Customers,72.0,1
3254,16,8,3285.31,2,Champions,36.57142857142857,0
3255,509,13,4335.96,3,At Risk,17.916666666666668,0
3256,17,2,554.65,1,Loyal Customers,366.0,0
3257,396,1,100.35,0,Lost Customers,72.0,1
3258,90,4,1444.58,3,At Risk,159.33333333333334,0
3259,53,5,797.59,1,Loyal Customers,167.5,0
3260,379,6,2265.2,3,At Risk,46.0,0
3261,134,3,1065.08,3,At Risk,235.0,0
3262,4,29,23494.31,2,Champions,25.357142857142858,0
3263,105,12,5345.55,2,Champions,56.63636363636363,0
3264,730,1,105.78000000000002,0,Lost Customers,72.0,1
3265,192,3,664.0,3,At Risk,45.0,0
3266,166,4,803.54,3,At Risk,31.0,0
3267,19,3,1055.17,1,Loyal Customers,203.0,0
3268,158,5,784.8100000000001,3,At Risk,63.0,0
3269,415,1,169.0,0,Lost Customers,72.0,1
3270,204,2,639.5,0,Lost Customers,62.0,0
3271,336,4,1660.35,3,At Risk,16.666666666666668,0
3272,522,2,553.88,0,Lost Customers,106.0,0
3273,37,5,1259.06,1,Loyal Customers,139.5,0
3274,91,5,1405.94,3,At Risk,97.75,0
3275,93,2,877.4399999999999,3,At Risk,23.0,0
3276,9,2,922.53,1,Loyal Customers,16.0,0
3277,243,1,560.67,0,Lost Customers,72.0,1
3278,45,4,748.5,1,Loyal Customers,79.33333333333333,0
3279,23,1,30.0,0,Lost Customers,72.0,1
3280,190,8,2117.27,3,At Risk,77.57142857142857,0
3281,44,3,532.49,1,Loyal Customers,304.0,0
3282,25,15,2603.69,2,Champions,45.785714285714285,0
3283,317,8,1215.95,3,At Risk,36.857142857142854,0
3284,661,2,283.73,0,Lost Customers,77.0,0
3285,106,1,138.14,0,Lost Customers,72.0,1
3286,51,4,1254.03,1,Loyal Customers,199.0,0
3287,168,5,3987.07,3,At Risk,116.25,0
3288,472,2,632.9399999999999,0,Lost Customers,23.0,0
3289,40,1,301.32,1,Loyal Customers,72.0,1
3290,218,1,76.32000000000001,0,Lost Customers,72.0,1
3291,40,4,684.34,1,Loyal Customers,74.0,0
3292,297,2,325.2,0,Lost Customers,259.0,0
3293,19,7,2657.13,2,Champions,41.5,0
3294,725,1,45.300000000000004,0,Lost Customers,72.0,1
3295,88,9,6204.32,2,Champions,70.25,0
3296,73,13,6948.2300000000005,2,Champions,54.333333333333336,0
3297,81,4,542.04,3,At Risk,107.33333333333333,0
3298,19,3,3435.76,1,Loyal Customers,132.0,0
3299,49,3,1305.63,1,Loyal Customers,207.0,0
3300,53,3,1825.94,3,At Risk,234.5,0
3301,24,4,781.28,1,Loyal Customers,52.333333333333336,0
3302,9,10,4028.69,2,Champions,80.33333333333333,0
3303,25,14,2989.7,2,Champions,41.15384615384615,0
3304,599,2,318.24,0,Lost Customers,88.0,0
3305,117,2,524.54,0,Lost Customers,356.0,0
3306,547,3,173.95,0,Lost Customers,93.5,0
3307,450,1,55.980000000000004,0,Lost Customers,72.0,1
3308,420,1,90.0,0,Lost Customers,72.0,1
3309,9,9,2993.1,2,Champions,39.625,0
3310,419,1,190.57,0,Lost Customers,72.0,1
3311,120,3,521.03,3,At Risk,248.5,0
3312,4,2,239.76,1,Loyal Customers,96.0,0
3313,252,4,571.3,3,At Risk,160.0,0
3314,28,1,191.04,1,Loyal Customers,72.0,1
3315,659,1,37.5,0,Lost Customers,72.0,1
3316,1,24,9978.48,2,Champions,31.304347826086957,0
3317,267,4,1131.04,3,At Risk,137.66666666666666,0
3318,33,13,3881.2200000000003,2,Champions,53.75,0
3319,690,1,246.75,0,Lost Customers,72.0,1
3320,624,1,46.2,0,Lost Customers,72.0,1
3321,18,1,309.65,1,Loyal Customers,72.0,1
3322,172,2,696.68,0,Lost Customers,1.0,0
3323,2,4,1529.0,1,Loyal Customers,35.666666666666664,0
3324,476,2,140.39000000000001,0,Lost Customers,205.0,0
3325,265,1,211.5,0,Lost Customers,72.0,1
3326,140,6,3734.6600000000003,3,At Risk,88.2,0
3327,201,1,143.1,0,Lost Customers,72.0,1
3328,64,4,1060.56,3,At Risk,16.666666666666668,0
3329,35,4,916.98,1,Loyal Customers,16.333333333333332,0
3330,41,9,3887.15,2,Champions,47.625,0
3331,284,2,327.85,0,Lost Customers,305.0,0
3332,417,1,898.87,0,Lost Customers,72.0,1
3333,557,2,420.25,0,Lost Customers,128.0,0
3334,9,12,3472.4100000000003,2,Champions,65.81818181818181,0
3335,143,4,839.64,3,At Risk,193.0,0
3336,12,5,783.96,1,Loyal Customers,135.5,0
3337,556,5,658.02,3,At Risk,15.75,0
3338,146,11,2485.26,3,At Risk,58.1,0
3339,234,5,607.0,3,At Risk,89.0,0
3340,540,1,293.79,0,Lost Customers,72.0,1
3341,33,31,10195.97,2,Champions,23.1,0
3342,24,2,739.22,1,Loyal Customers,525.0,0
3343,12,1,471.40000000000003,1,Loyal Customers,72.0,1
3344,36,11,5234.0,2,Champions,60.0,0
3345,365,4,930.7,3,At Risk,69.33333333333333,0
3346,201,3,310.85,0,Lost Customers,99.5,0
3347,15,1,415.25,1,Loyal Customers,72.0,1
3348,390,1,321.91,0,Lost Customers,72.0,1
3349,17,15,9371.71,2,Champions,47.214285714285715,0
3350,380,2,544.6,0,Lost Customers,64.0,0
3351,213,3,192.55,0,Lost Customers,95.0,0
3352,66,5,1726.58,3,At Risk,91.0,0
3353,554,1,125.3,0,Lost Customers,72.0,1
3354,212,10,1543.97,3,At Risk,50.77777777777778,0
3355,283,1,162.3,0,Lost Customers,72.0,1
3356,115,4,2263.3,3,At Risk,143.66666666666666,0
3357,421,1,327.68,0,Lost Customers,72.0,1
3358,435,2,1767.12,3,At Risk,0.0,0
3359,15,8,1188.1200000000001,1,Loyal Customers,32.285714285714285,0
3360,19,41,13043.32,2,Champions,17.2,0
3361,66,1,449.12,1,Loyal Customers,72.0,1
3362,49,1,154.88,0,Lost Customers,72.0,1
3363,458,2,208.62,0,Lost Customers,160.0,0
3364,619,1,156.87,0,Lost Customers,72.0,1
3365,16,4,775.96,1,Loyal Customers,56.0,0
3366,78,1,34.8,0,Lost Customers,72.0,1
3367,19,4,1094.59,1,Loyal Customers,72.0,0
3368,134,1,196.88,0,Lost Customers,72.0,1
3369,13,9,2499.81,2,Champions,84.25,0
3370,40,3,609.8100000000001,1,Loyal Customers,204.0,0
3371,235,3,44534.3,3,At Risk,48.5,0
3372,3,18,6452.991,2,Champions,42.705882352941174,0
3373,461,11,1380.44,3,At Risk,27.0,0
3374,40,9,3924.91,2,Champions,51.625,0
3375,305,1,79.2,0,Lost Customers,72.0,1
3376,51,9,3037.61,2,Champions,75.0,0
3377,10,17,5993.12,2,Champions,44.875,0
3378,61,4,528.01,1,Loyal Customers,62.333333333333336,0
3379,66,6,2940.36,3,At Risk,96.0,0
3380,25,1,205.25,1,Loyal Customers,72.0,1
3381,218,7,830.9300000000001,3,At Risk,86.16666666666667,0
3382,631,2,13916.34,3,At Risk,0.0,0
3383,443,1,143.05,0,Lost Customers,72.0,1
3384,65,2,583.75,1,Loyal Customers,12.0,0
3385,32,2,1086.92,1,Loyal Customers,45.0,0
3386,88,8,4503.08,3,At Risk,55.57142857142857,0
3387,667,1,370.63,0,Lost Customers,72.0,1
3388,64,3,831.06,1,Loyal Customers,308.5,0
3389,116,34,15308.89,2,Champions,18.363636363636363,0
3390,7,46,88612.52,2,Champions,15.977272727272727,0
3391,613,1,321.45,0,Lost Customers,72.0,1
3392,604,3,1006.54,3,At Risk,44.5,0
3393,418,1,280.88,0,Lost Customers,72.0,1
3394,6,2,774.52,1,Loyal Customers,403.0,0
3395,69,6,1288.34,3,At Risk,117.2,0
3396,245,2,150.5,0,Lost Customers,386.0,0
3397,133,1,241.62,0,Lost Customers,72.0,1
3398,241,7,1762.61,3,At Risk,54.166666666666664,0
3399,431,1,307.95,0,Lost Customers,72.0,1
3400,463,2,124.08000000000001,0,Lost Customers,69.0,0
3401,184,3,475.28000000000003,0,Lost Customers,86.5,0
3402,25,3,345.46,1,Loyal Customers,140.0,0
3403,10,4,4014.1,1,Loyal Customers,139.66666666666666,0
3404,11,1,246.3,1,Loyal Customers,72.0,1
3405,468,2,848.3299999999999,0,Lost Customers,204.0,0
3406,33,16,5969.93,2,Champions,45.8,0
3407,46,5,8501.62,2,Champions,122.25,0
3408,26,3,933.26,1,Loyal Customers,17.5,0
3409,509,1,221.82999999999998,0,Lost Customers,72.0,1
3410,358,6,1962.01,3,At Risk,52.8,0
3411,10,1,218.75,1,Loyal Customers,72.0,1
3412,44,5,3608.34,3,At Risk,149.25,0
3413,400,2,933.84,3,At Risk,218.0,0
3414,15,8,2399.57,2,Champions,103.0,0
3415,736,2,777.0,0,Lost Customers,0.0,0
3416,150,8,1979.8700000000001,3,At Risk,77.0,0
3417,1,17,5171.63,2,Champions,38.125,0
3418,113,6,2821.08,3,At Risk,113.4,0
3419,493,3,1535.37,3,At Risk,94.0,0
3420,76,4,1421.34,3,At Risk,114.0,0
3421,107,7,1227.07,3,At Risk,85.0,0
3422,46,3,1063.95,1,Loyal Customers,31.0,0
3423,143,1,451.42,0,Lost Customers,72.0,1
3424,51,4,1929.66,3,At Risk,208.0,0
3425,1,13,4206.39,2,Champions,16.083333333333332,0
3426,23,30,10148.93,2,Champions,24.03448275862069,0
3427,46,3,784.58,1,Loyal Customers,115.0,0
3428,50,5,1817.52,3,At Risk,153.5,0
3429,306,21,17180.25,2,Champions,21.05,0
3430,36,7,1274.44,1,Loyal Customers,82.66666666666667,0
3431,79,8,2999.04,3,At Risk,84.28571428571429,0
3432,22,7,3486.15,2,Champions,60.333333333333336,0
3433,107,12,5201.47,2,Champions,55.63636363636363,0
3434,208,2,1303.9099999999999,3,At Risk,31.0,0
3435,17,6,2634.44,2,Champions,116.8,0
3436,64,5,2100.6,3,At Risk,48.75,0
3437,542,2,144.14999999999998,0,Lost Customers,0.0,0
3438,421,3,2766.4,3,At Risk,60.5,0
3439,588,1,340.5,0,Lost Customers,72.0,1
3440,49,10,3934.79,2,Champions,57.9,0
3441,320,1,206.98,0,Lost Customers,72.0,1
3442,44,2,570.96,1,Loyal Customers,17.0,0
3443,3,6,1840.06,1,Loyal Customers,145.6,0
3444,372,3,3882.17,3,At Risk,179.0,0
3445,453,2,890.94,0,Lost Customers,78.0,0
3446,172,1,532.94,0,Lost Customers,72.0,1
3447,56,4,2598.28,3,At Risk,170.33333333333334,0
3448,73,28,3603.14,2,Champions,23.76923076923077,0
3449,375,1,1108.82,0,Lost Customers,72.0,1
3450,99,2,636.14,1,Loyal Customers,41.0,0
3451,38,1,576.0,1,Loyal Customers,72.0,1
3452,58,3,794.64,1,Loyal Customers,132.0,0
3453,254,1,836.79,0,Lost Customers,72.0,1
3454,738,1,80.4,0,Lost Customers,72.0,1
3455,70,7,3764.39,3,At Risk,58.666666666666664,0
3456,44,4,954.09,1,Loyal Customers,95.0,0
3457,50,1,137.37,0,Lost Customers,72.0,1
3458,65,2,777.01,1,Loyal Customers,420.0,0
3459,11,34,73205.5,2,Champions,21.242424242424242,0
3460,33,3,1048.49,1,Loyal Customers,57.0,0
3461,59,2,355.56,1,Loyal Customers,113.0,0
3462,73,9,2742.41,3,At Risk,81.625,0
3463,393,2,548.8,0,Lost Customers,134.0,0
3464,304,1,118.95000000000002,0,Lost Customers,72.0,1
3465,46,1,130.73999999999998,0,Lost Customers,72.0,1
3466,18,11,4426.28,2,Champions,65.9,0
3467,385,1,107.01,0,Lost Customers,72.0,1
3468,38,5,822.57,1,Loyal Customers,150.25,0
3469,622,1,137.99,0,Lost Customers,72.0,1
3470,19,6,1006.75,1,Loyal Customers,140.8,0
3471,527,1,109.73,0,Lost Customers,72.0,1
3472,187,3,257.26,0,Lost Customers,169.5,0
3473,52,1,110.8,0,Lost Customers,72.0,1
3474,4,21,5578.28,2,Champions,37.63157894736842,0
3475,137,6,1052.72,3,At Risk,67.6,0
3476,4,52,32275.95,2,Champions,13.901960784313726,0
3477,19,2,570.48,1,Loyal Customers,411.0,0
3478,16,13,3552.41,2,Champions,58.833333333333336,0
3479,432,1,438.46,0,Lost Customers,72.0,1
3480,41,17,2361.3,2,Champions,42.6875,0
3481,12,12,4369.2,2,Champions,55.416666666666664,0
3482,8,13,2512.29,2,Champions,59.25,0
3483,26,5,355.1,1,Loyal Customers,174.0,0
3484,22,7,2180.76,2,Champions,59.5,0
3485,41,5,2241.42,3,At Risk,165.25,0
3486,101,1,211.89,0,Lost Customers,72.0,1
3487,5,31,8923.3,2,Champions,23.5,0
3488,583,1,94.53,0,Lost Customers,72.0,1
3489,277,3,321.11,0,Lost Customers,174.5,0
3490,33,4,857.46,1,Loyal Customers,137.66666666666666,0
3491,437,1,33.099999999999994,0,Lost Customers,72.0,1
3492,15,4,729.25,1,Loyal Customers,178.0,0
3493,500,4,313.91999999999996,0,Lost Customers,0.3333333333333333,0
3494,64,21,11284.76,2,Champions,31.5,0
3495,646,1,108.52,0,Lost Customers,72.0,1
3496,409,2,1449.1399999999999,3,At Risk,39.0,0
3497,2,2,490.33,1,Loyal Customers,16.0,0
3498,562,2,330.77,0,Lost Customers,171.0,0
3499,404,4,1137.8,3,At Risk,105.0,0
3500,369,1,329.03000000000003,0,Lost Customers,72.0,1
3501,312,5,501.39000000000004,3,At Risk,12.75,0
3502,199,8,1124.66,3,At Risk,75.42857142857143,0
3503,2,2,396.48,1,Loyal Customers,31.0,0
3504,432,2,244.60000000000002,0,Lost Customers,303.0,0
3505,93,15,1951.82,2,Champions,42.07142857142857,0
3506,60,4,1052.8700000000001,3,At Risk,179.0,0
3507,407,3,1027.15,3,At Risk,74.0,0
3508,81,3,429.16,1,Loyal Customers,222.5,0
3509,157,8,1427.6,3,At Risk,81.28571428571429,0
3510,395,5,535.65,3,At Risk,52.25,0
3511,227,1,511.68,0,Lost Customers,72.0,1
3512,669,1,128.2,0,Lost Customers,72.0,1
3513,482,1,305.28000000000003,0,Lost Customers,72.0,1
3514,253,2,258.25,0,Lost Customers,115.0,0
3515,150,1,179.17,0,Lost Customers,72.0,1
3516,194,2,208.59,0,Lost Customers,0.0,0
3517,1,25,4996.45,2,Champions,29.75,0
3518,369,1,56.25,0,Lost Customers,72.0,1
3519,24,4,886.5699999999999,1,Loyal Customers,179.0,0
3520,17,7,687.72,1,Loyal Customers,87.5,0
3521,380,1,145.01,0,Lost Customers,72.0,1
3522,10,12,8939.84,2,Champions,61.72727272727273,0
3523,8,1,164.68,1,Loyal Customers,72.0,1
3524,543,1,114.69,0,Lost Customers,72.0,1
3525,20,10,2530.19,2,Champions,47.44444444444444,0
3526,4,3,882.72,1,Loyal Customers,102.5,0
3527,491,2,758.62,0,Lost Customers,21.0,0
3528,174,1,191.94,0,Lost Customers,72.0,1
3529,1,15,2661.17,2,Champions,48.642857142857146,0
3530,624,8,1700.24,3,At Risk,14.857142857142858,0
3531,178,9,1074.7,3,At Risk,68.625,0
3532,534,1,6.300000000000001,0,Lost Customers,72.0,1
3533,378,2,205.99,0,Lost Customers,0.0,0
3534,402,1,364.45,0,Lost Customers,72.0,1
3535,16,13,3145.2400000000002,2,Champions,58.916666666666664,0
3536,248,5,530.17,3,At Risk,122.0,0
3537,191,3,582.88,3,At Risk,220.0,0
3538,20,2,525.69,1,Loyal Customers,349.0,0
3539,154,9,569.14,3,At Risk,71.25,0
3540,173,4,775.26,3,At Risk,155.66666666666666,0
3541,373,1,369.5,0,Lost Customers,72.0,1
3542,373,1,127.08,0,Lost Customers,72.0,1
3543,731,1,102.82,0,Lost Customers,72.0,1
3544,194,1,207.15,0,Lost Customers,72.0,1
3545,542,1,134.44,0,Lost Customers,72.0,1
3546,647,1,106.54,0,Lost Customers,72.0,1
3547,656,1,293.53,0,Lost Customers,72.0,1
3548,644,1,594.0,0,Lost Customers,72.0,1
3549,67,1,426.63,0,Lost Customers,72.0,1
3550,428,1,239.9,0,Lost Customers,72.0,1
3551,4,8,2495.87,2,Champions,40.285714285714285,0
3552,21,3,1107.46,1,Loyal Customers,32.0,0
3553,418,2,2190.66,3,At Risk,11.0,0
3554,239,2,416.86,0,Lost Customers,2.0,0
3555,379,2,282.79,0,Lost Customers,88.0,0
3556,64,1,145.35,0,Lost Customers,72.0,1
3557,112,9,734.81,3,At Risk,55.125,0
3558,90,16,9060.39,2,Champions,18.6,0
3559,311,1,35.8,0,Lost Customers,72.0,1
3560,637,1,405.0,0,Lost Customers,72.0,1
3561,134,1,337.44,0,Lost Customers,72.0,1
3562,650,2,271.28999999999996,0,Lost Customers,28.0,0
3563,277,4,2164.24,3,At Risk,149.66666666666666,0
3564,365,4,646.27,3,At Risk,124.0,0
3565,503,3,2304.18,3,At Risk,65.5,0
3566,83,1,1708.24,1,Loyal Customers,72.0,1
3567,8,3,1509.0900000000001,1,Loyal Customers,207.5,0
3568,17,2,364.72,1,Loyal Customers,54.0,0
3569,32,10,7120.91,2,Champions,71.88888888888889,0
3570,9,3,1013.17,1,Loyal Customers,185.5,0
3571,34,4,781.91,1,Loyal Customers,63.333333333333336,0
3572,15,18,3440.3399999999997,2,Champions,42.0,0
3573,589,1,190.75,0,Lost Customers,72.0,1
3574,24,22,8085.9800000000005,2,Champions,31.1,0
3575,551,2,617.6,0,Lost Customers,175.0,0
3576,32,3,921.25,1,Loyal Customers,194.0,0
3577,74,4,462.12,1,Loyal Customers,158.33333333333334,0
3578,682,3,542.89,0,Lost Customers,0.0,0
3579,374,4,410.95,0,Lost Customers,19.666666666666668,0
3580,379,1,451.28999999999996,0,Lost Customers,72.0,1
3581,449,1,289.48,0,Lost Customers,72.0,1
3582,20,2,470.76,1,Loyal Customers,25.0,0
3583,663,1,269.21000000000004,0,Lost Customers,72.0,1
3584,17,13,2771.94,2,Champions,59.5,0
3585,451,1,426.53000000000003,0,Lost Customers,72.0,1
3586,23,12,2966.0,2,Champions,64.54545454545455,0
3587,388,1,404.55,0,Lost Customers,72.0,1
3588,3,5,1127.05,1,Loyal Customers,129.5,0
3589,304,2,1017.32,3,At Risk,295.0,0
3590,18,18,5902.83,2,Champions,41.64705882352941,0
3591,456,5,1769.33,3,At Risk,35.5,0
3592,367,3,680.62,3,At Risk,31.0,0
3593,39,7,3442.15,2,Champions,41.0,0
3594,84,1,371.01,0,Lost Customers,72.0,1
3595,165,6,1694.41,3,At Risk,76.6,0
3596,17,2,1054.73,1,Loyal Customers,21.0,0
3597,77,3,3279.42,3,At Risk,283.0,0
3598,603,1,329.22,0,Lost Customers,72.0,1
3599,89,7,6543.68,3,At Risk,77.66666666666667,0
3600,25,21,9362.77,2,Champions,29.4,0
3601,605,1,324.51,0,Lost Customers,72.0,1
3602,22,8,3110.37,2,Champions,101.14285714285714,0
3603,3,30,8393.02,2,Champions,25.0,0
3604,123,7,2715.28,3,At Risk,72.5,0
3605,30,2,354.42,1,Loyal Customers,351.0,0
3606,12,8,1535.99,2,Champions,52.0,0
3607,19,3,738.89,1,Loyal Customers,318.5,0
3608,376,2,368.31,0,Lost Customers,361.0,0
3609,44,7,1997.75,3,At Risk,100.5,0
3610,534,1,150.55,0,Lost Customers,72.0,1
3611,4,3,896.6,1,Loyal Customers,224.5,0
3612,9,7,2777.67,2,Champions,5.333333333333333,0
3613,55,3,1175.68,1,Loyal Customers,290.5,0
3614,414,1,694.54,0,Lost Customers,72.0,1
3615,88,7,1386.4,3,At Risk,51.333333333333336,0
3616,37,16,8274.14,2,Champions,46.2,0
3617,736,1,20.4,0,Lost Customers,72.0,1
3618,3,3,12393.7,2,Champions,0.0,0
3619,381,1,583.39,0,Lost Customers,72.0,1
3620,625,1,169.21,0,Lost Customers,72.0,1
3621,30,10,5613.83,2,Champions,78.11111111111111,0
3622,475,5,2146.39,3,At Risk,52.0,0
3623,12,10,2365.4900000000002,2,Champions,48.22222222222222,0
3624,211,2,332.82,0,Lost Customers,176.0,0
3625,48,7,3053.06,3,At Risk,82.0,0
3626,24,15,5339.13,2,Champions,42.785714285714285,0
3627,22,4,972.11,1,Loyal Customers,45.666666666666664,0
3628,246,11,1694.86,3,At Risk,16.1,0
3629,8,29,5601.01,2,Champions,25.607142857142858,0
3630,35,5,2978.59,3,At Risk,123.25,0
3631,4,84,56078.44,2,Champions,8.8,0
3632,38,5,1100.28,1,Loyal Customers,159.5,0
3633,4,3,704.55,1,Loyal Customers,22.0,0
3634,3,11,2083.4,2,Champions,39.4,0
3635,47,5,1545.58,3,At Risk,163.5,0
3636,39,4,698.13,1,Loyal Customers,230.66666666666666,0
3637,47,27,17329.16,2,Champions,24.666666666666668,0
3638,17,3,851.01,1,Loyal Customers,48.0,0
3639,395,2,487.03,0,Lost Customers,149.0,0
3640,260,1,602.63,0,Lost Customers,72.0,1
3641,46,3,719.81,1,Loyal Customers,110.0,0
3642,12,3,483.99,1,Loyal Customers,199.5,0
3643,30,1,439.65999999999997,1,Loyal Customers,72.0,1
3644,43,1,236.09,1,Loyal Customers,72.0,1
3645,92,15,2048.36,2,Champions,42.857142857142854,0
3646,596,1,82.2,0,Lost Customers,72.0,1
3647,39,107,117763.62,2,Champions,6.431372549019608,0
3648,310,1,331.24,0,Lost Customers,72.0,1
3649,92,2,547.9,1,Loyal Customers,154.0,0
3650,456,6,1965.72,3,At Risk,13.0,0
3651,6,27,10608.81,2,Champions,17.96153846153846,0
3652,196,6,911.3199999999999,3,At Risk,42.4,0
3653,560,1,217.73,0,Lost Customers,72.0,1
3654,87,4,2556.84,3,At Risk,177.33333333333334,0
3655,270,5,1509.34,3,At Risk,94.0,0
3656,8,3,471.78000000000003,1,Loyal Customers,96.5,0
3657,424,2,456.4,0,Lost Customers,204.0,0
3658,65,7,2416.9,3,At Risk,90.16666666666667,0
3659,31,3,3166.4,1,Loyal Customers,55.0,0
3660,22,8,2245.32,2,Champions,61.285714285714285,0
3661,38,8,1856.5900000000001,3,At Risk,63.0,0
3662,435,1,340.84000000000003,0,Lost Customers,72.0,1
3663,120,8,3434.9300000000003,3,At Risk,53.714285714285715,0
3664,562,1,235.78,0,Lost Customers,72.0,1
3665,682,1,107.14,0,Lost Customers,72.0,1
3666,373,4,818.7900000000001,3,At Risk,58.333333333333336,0
3667,40,6,1852.15,3,At Risk,94.6,0
3668,174,3,300.7,0,Lost Customers,113.0,0
3669,682,1,188.44,0,Lost Customers,72.0,1
3670,54,1,362.06,1,Loyal Customers,72.0,1
3671,33,6,3634.84,2,Champions,115.2,0
3672,145,4,2111.88,3,At Risk,157.0,0
3673,221,1,134.8,0,Lost Customers,72.0,1
3674,45,1,650.75,1,Loyal Customers,72.0,1
3675,16,10,3854.85,2,Champions,85.375,0
3676,406,1,62.7,0,Lost Customers,72.0,1
3677,66,12,3053.57,2,Champions,45.18181818181818,0
3678,401,3,541.95,0,Lost Customers,46.5,0
3679,431,1,89.65,0,Lost Customers,72.0,1
3680,10,8,2863.45,2,Champions,74.71428571428571,0
3681,260,1,335.32,0,Lost Customers,0.0,0
3682,725,1,109.31,0,Lost Customers,72.0,1
3683,365,8,1992.13,3,At Risk,13.571428571428571,0
3684,17,5,1521.04,1,Loyal Customers,26.5,0
3685,563,3,3269.11,3,At Risk,55.5,0
3686,594,1,115.73,0,Lost Customers,72.0,1
3687,418,1,457.7,0,Lost Customers,72.0,1
3688,22,2,852.15,1,Loyal Customers,9.0,0
3689,45,4,1076.8,1,Loyal Customers,203.0,0
3690,288,4,4180.09,3,At Risk,86.33333333333333,0
3691,297,1,122.39999999999999,0,Lost Customers,72.0,1
3692,390,1,252.5,0,Lost Customers,72.0,1
3693,503,2,736.9300000000001,0,Lost Customers,61.0,0
3694,3,10,2234.73,2,Champions,22.333333333333332,0
3695,626,1,2300.4,3,At Risk,72.0,1
3696,284,2,362.99,0,Lost Customers,385.0,0
3697,17,3,1352.0,1,Loyal Customers,11.5,0
3698,82,4,602.5600000000001,3,At Risk,122.33333333333333,0
3699,56,8,4278.96,2,Champions,87.71428571428571,0
3700,670,1,106.75,0,Lost Customers,72.0,1
3701,101,4,2351.42,3,At Risk,71.5,0
3702,299,1,436.18,0,Lost Customers,72.0,1
3703,23,12,2341.03,2,Champions,60.09090909090909,0
3704,59,10,2687.73,2,Champions,74.66666666666667,0
3705,389,5,1739.92,3,At Risk,74.5,0
3706,576,2,1437.43,3,At Risk,15.0,0
3707,386,2,263.49,0,Lost Customers,122.0,0
3708,624,1,180.56,0,Lost Customers,72.0,1
3709,155,2,315.06,0,Lost Customers,43.0,0
3710,115,6,1587.94,3,At Risk,92.4,0
3711,107,1,17.0,0,Lost Customers,72.0,1
3712,12,11,3695.56,2,Champions,65.22222222222223,0
3713,456,1,447.05,0,Lost Customers,72.0,1
3714,264,4,1584.97,3,At Risk,126.33333333333333,0
3715,240,1,185.04999999999998,0,Lost Customers,72.0,1
3716,88,14,4010.7,2,Champions,45.07142857142857,0
3717,50,7,1573.2,3,At Risk,99.0,0
3718,463,1,582.64,0,Lost Customers,72.0,1
3719,71,4,3229.16,3,At Risk,163.0,0
3720,42,3,1842.14,1,Loyal Customers,42.5,0
3721,7,22,6191.71,2,Champions,32.57142857142857,0
3722,62,9,2774.46,3,At Risk,83.625,0
3723,249,5,2386.19,3,At Risk,88.25,0
3724,66,1,108.38,0,Lost Customers,72.0,1
3725,18,7,3204.1600000000003,2,Champions,27.0,0
3726,85,4,2235.92,3,At Risk,181.66666666666666,0
3727,219,3,939.48,3,At Risk,239.5,0
3728,45,4,1781.59,3,At Risk,158.66666666666666,0
3729,428,1,549.33,0,Lost Customers,72.0,1
3730,143,4,195.73999999999998,0,Lost Customers,64.33333333333333,0
3731,183,1,161.38,0,Lost Customers,72.0,1
3732,171,1,135.75000000000003,0,Lost Customers,72.0,1
3733,10,12,2553.8,2,Champions,50.90909090909091,0
3734,212,1,612.78,0,Lost Customers,72.0,1
3735,190,3,654.4,3,At Risk,200.5,0
3736,653,1,4376.25,3,At Risk,72.0,1
3737,8,8,1720.81,2,Champions,101.85714285714286,0
3738,59,6,2967.51,3,At Risk,72.4,0
3739,57,5,1450.04,3,At Risk,127.0,0
3740,73,6,895.62,3,At Risk,69.8,0
3741,52,1,307.78,1,Loyal Customers,72.0,1
3742,317,4,1772.49,3,At Risk,138.33333333333334,0
3743,367,14,4292.35,3,At Risk,26.923076923076923,0
3744,29,15,14644.6,2,Champions,50.0,0
3745,39,2,801.31,1,Loyal Customers,687.0,0
3746,18,11,3801.05,2,Champions,48.9,0
3747,407,3,1396.05,3,At Risk,49.5,0
3748,422,4,987.48,3,At Risk,64.33333333333333,0
3749,52,12,9957.42,2,Champions,68.2,0
3750,544,2,664.1999999999999,0,Lost Customers,83.0,0
3751,4,56,22992.260000000002,2,Champions,10.709090909090909,0
3752,22,5,2145.34,1,Loyal Customers,129.25,0
3753,263,2,819.45,3,At Risk,321.0,0
3754,60,4,946.8,3,At Risk,200.66666666666666,0
3755,680,1,422.7,0,Lost Customers,72.0,1
3756,379,3,910.35,3,At Risk,106.0,0
3757,19,5,1111.15,1,Loyal Customers,178.75,0
3758,66,3,1433.46,3,At Risk,187.5,0
3759,88,2,955.94,3,At Risk,328.0,0
3760,250,1,535.34,0,Lost Customers,72.0,1
3761,3,12,4555.08,2,Champions,65.72727272727273,0
3762,247,1,175.2,0,Lost Customers,72.0,1
3763,9,19,6805.4400000000005,2,Champions,31.61111111111111,0
3764,157,4,946.38,3,At Risk,96.66666666666667,0
3765,134,5,2398.91,3,At Risk,134.25,0
3766,296,2,386.62,0,Lost Customers,140.0,0
3767,5,3,422.22,1,Loyal Customers,211.5,0
3768,43,10,4002.17,2,Champions,67.5,0
3769,269,1,1829.04,3,At Risk,72.0,1
3770,50,11,5133.49,2,Champions,50.8,0
3771,382,5,796.9,3,At Risk,39.25,0
3772,9,20,6188.18,2,Champions,37.89473684210526,0
3773,16,3,656.69,1,Loyal Customers,28.0,0
3774,522,9,628.32,3,At Risk,26.125,0
3775,282,4,1232.79,3,At Risk,151.0,0
3776,65,2,1025.44,1,Loyal Customers,20.0,0
3777,2,43,12580.06,2,Champions,15.428571428571429,0
3778,252,1,37.4,0,Lost Customers,72.0,1
3779,232,6,2407.98,3,At Risk,100.6,0
3780,17,3,822.48,1,Loyal Customers,12.5,0
3781,505,1,79.9,0,Lost Customers,72.0,1
3782,428,2,435.83,0,Lost Customers,263.0,0
3783,414,5,1386.1200000000001,3,At Risk,80.75,0
3784,11,66,10360.67,2,Champions,11.095238095238095,0
3785,8,4,1822.97,1,Loyal Customers,22.333333333333332,0
3786,51,20,6869.0,2,Champions,31.473684210526315,0
3787,59,1,73.2,0,Lost Customers,72.0,1
3788,95,8,1884.55,3,At Risk,68.83333333333333,0
3789,16,6,1418.32,1,Loyal Customers,16.0,0
3790,126,7,2246.75,3,At Risk,79.0,0
3791,94,7,1836.44,3,At Risk,77.66666666666667,0
3792,421,4,2052.69,3,At Risk,65.66666666666667,0
3793,50,8,2247.31,3,At Risk,84.71428571428571,0
3794,138,2,612.6,0,Lost Customers,263.0,0
3795,61,1,215.83,0,Lost Customers,72.0,1
3796,100,13,16249.87,2,Champions,35.75,0
3797,73,1,305.54,0,Lost Customers,72.0,1
3798,72,9,9971.65,2,Champions,70.625,0
3799,67,4,1077.81,3,At Risk,112.66666666666667,0
3800,64,6,1158.79,3,At Risk,29.0,0
3801,17,3,644.72,1,Loyal Customers,273.5,0
3802,23,26,8718.43,2,Champions,27.88,0
3803,32,15,6911.4400000000005,2,Champions,17.5,0
3804,45,5,1087.66,1,Loyal Customers,90.5,0
3805,16,2,215.48,1,Loyal Customers,69.0,0
3806,40,8,2723.55,2,Champions,97.28571428571429,0
3807,3,24,15677.82,2,Champions,31.17391304347826,0
3808,736,1,351.3,0,Lost Customers,72.0,1
3809,237,2,630.43,0,Lost Customers,174.0,0
3810,375,1,308.59999999999997,0,Lost Customers,72.0,1
3811,723,1,323.25,0,Lost Customers,72.0,1
3812,489,1,93.3,0,Lost Customers,72.0,1
3813,469,9,2016.71,3,At Risk,31.25,0
3814,75,2,1030.0410000000002,1,Loyal Customers,362.0,0
3815,392,7,942.75,3,At Risk,39.166666666666664,0
3816,4,12,5608.1,2,Champions,66.18181818181819,0
3817,3,5,2112.12,1,Loyal Customers,102.5,0
3818,361,9,2501.9900000000002,3,At Risk,46.75,0
3819,59,6,943.84,3,At Risk,88.6,0
3820,23,3,918.71,1,Loyal Customers,353.0,0
3821,31,7,1820.1100000000001,3,At Risk,84.83333333333333,0
3822,55,13,2589.87,2,Champions,51.833333333333336,0
3823,25,1,394.38,1,Loyal Customers,72.0,1
3824,45,10,3440.45,2,Champions,67.22222222222223,0
3825,89,9,4146.78,3,At Risk,56.875,0
3826,2,35,33750.97,2,Champions,21.147058823529413,0
3827,89,3,1090.59,3,At Risk,174.0,0
3828,19,4,1293.71,1,Loyal Customers,216.66666666666666,0
3829,79,1,159.0,0,Lost Customers,72.0,1
3830,171,4,2038.25,3,At Risk,87.66666666666667,0
3831,81,1,242.35,0,Lost Customers,72.0,1
3832,267,1,914.9300000000001,0,Lost Customers,72.0,1
3833,235,2,304.25,0,Lost Customers,46.0,0
3834,30,13,3968.67,2,Champions,43.916666666666664,0
3835,501,1,40.8,0,Lost Customers,72.0,1
3836,37,9,2019.92,2,Champions,55.625,0
3837,318,2,1272.05,3,At Risk,402.0,0
3838,375,2,1087.05,3,At Risk,20.0,0
3839,57,5,1616.54,3,At Risk,82.0,0
3840,45,15,2859.31,2,Champions,44.07142857142857,0
3841,203,5,672.1700000000001,3,At Risk,52.0,0
3842,225,3,1027.22,3,At Risk,154.5,0
3843,385,3,885.71,3,At Risk,7.0,0
3844,87,6,2867.86,3,At Risk,95.0,0
3845,190,2,542.03,0,Lost Customers,30.0,0
3846,379,4,1074.47,3,At Risk,72.33333333333333,0
3847,44,7,2712.97,3,At Risk,83.83333333333333,0
3848,71,9,1818.31,3,At Risk,82.75,0
3849,476,3,333.18,0,Lost Customers,42.5,0
3850,41,9,2053.71,2,Champions,53.375,0
3851,78,1,432.2,0,Lost Customers,72.0,1
3852,437,1,136.65,0,Lost Customers,72.0,1
3853,423,1,63.66,0,Lost Customers,72.0,1
3854,57,6,1492.2,3,At Risk,80.8,0
3855,24,2,3718.8,1,Loyal Customers,53.0,0
3856,10,16,3992.86,2,Champions,26.266666666666666,0
3857,8,14,7404.65,2,Champions,47.69230769230769,0
3858,34,2,409.1,1,Loyal Customers,21.0,0
3859,212,2,1522.75,3,At Risk,160.0,0
3860,24,3,1413.66,1,Loyal Customers,116.5,0
3861,460,2,821.35,0,Lost Customers,209.0,0
3862,170,1,114.56,0,Lost Customers,72.0,1
3863,62,1,152.94,0,Lost Customers,72.0,1
3864,53,5,1800.07,3,At Risk,46.0,0
3865,261,3,565.24,3,At Risk,62.0,0
3866,512,1,128.31,0,Lost Customers,72.0,1
3867,383,1,295.09000000000003,0,Lost Customers,72.0,1
3868,67,7,7272.2,2,Champions,110.16666666666667,0
3869,378,3,967.44,3,At Risk,126.0,0
3870,17,15,4530.0,2,Champions,47.142857142857146,0
3871,267,3,1629.37,3,At Risk,165.0,0
3872,177,1,46.95,0,Lost Customers,72.0,1
3873,45,15,11942.52,2,Champions,42.0,0
3874,410,3,340.94,0,Lost Customers,97.0,0
3875,51,1,1035.45,1,Loyal Customers,72.0,1
3876,17,6,1041.16,1,Loyal Customers,84.4,0
3877,378,1,755.15,0,Lost Customers,72.0,1
3878,423,1,348.16,0,Lost Customers,72.0,1
3879,438,2,823.53,0,Lost Customers,7.0,0
3880,9,12,6935.17,2,Champions,35.90909090909091,0
3881,74,14,1757.95,2,Champions,45.61538461538461,0
3882,591,1,186.66,0,Lost Customers,72.0,1
3883,71,2,667.65,1,Loyal Customers,72.0,1
3884,438,1,717.57,0,Lost Customers,72.0,1
3885,353,1,1141.24,0,Lost Customers,72.0,1
3886,3,10,3397.82,2,Champions,63.5,0
3887,117,1,411.7,0,Lost Customers,0.0,0
3888,648,2,318.34000000000003,0,Lost Customers,7.0,0
3889,373,1,351.75,0,Lost Customers,72.0,1
3890,197,3,2151.11,3,At Risk,148.0,0
3891,177,3,2629.3900000000003,3,At Risk,215.0,0
3892,734,1,188.69,0,Lost Customers,72.0,1
3893,100,3,1117.84,3,At Risk,199.0,0
3894,21,9,5698.28,2,Champions,71.375,0
3895,725,1,238.05,0,Lost Customers,72.0,1
3896,72,3,3424.02,3,At Risk,304.5,0
3897,340,3,1307.58,3,At Risk,189.0,0
3898,6,8,4350.32,2,Champions,91.42857142857143,0
3899,31,3,1018.48,1,Loyal Customers,181.0,0
3900,646,1,176.9,0,Lost Customers,72.0,1
3901,477,2,328.95,0,Lost Customers,146.0,0
3902,170,5,1006.98,3,At Risk,129.5,0
3903,470,1,129.85,0,Lost Customers,72.0,1
3904,462,1,136.31,0,Lost Customers,72.0,1
3905,465,4,1957.7,3,At Risk,33.0,0
3906,682,1,117.72,0,Lost Customers,72.0,1
3907,122,5,1253.76,3,At Risk,120.0,0
3908,22,15,4279.2,2,Champions,58.583333333333336,0
3909,477,1,126.05000000000001,0,Lost Customers,72.0,1
3910,10,4,1328.55,1,Loyal Customers,18.0,0
3911,626,4,1313.67,3,At Risk,31.333333333333332,0
3912,269,1,301.9,0,Lost Customers,72.0,1
3913,23,7,1085.7,1,Loyal Customers,69.33333333333333,0
3914,477,1,193.65,0,Lost Customers,72.0,1
3915,430,3,1367.32,3,At Risk,122.5,0
3916,737,1,107.33,0,Lost Customers,72.0,1
3917,127,1,233.22,0,Lost Customers,72.0,1
3918,26,7,7928.27,2,Champions,100.16666666666667,0
3919,695,1,381.66,0,Lost Customers,72.0,1
3920,139,1,361.21999999999997,0,Lost Customers,72.0,1
3921,214,7,1124.72,3,At Risk,36.5,0
3922,429,3,1194.92,3,At Risk,73.5,0
3923,38,7,5120.0,2,Champions,114.0,0
3924,106,2,706.57,3,At Risk,134.0,0
3925,414,2,460.08,0,Lost Customers,227.0,0
3926,18,2,616.26,1,Loyal Customers,31.0,0
3927,432,1,171.15,0,Lost Customers,72.0,1
3928,3,2,274.15000000000003,1,Loyal Customers,46.0,0
3929,390,3,1491.4,3,At Risk,41.0,0
3930,331,2,402.71,0,Lost Customers,205.0,0
3931,64,13,5744.91,2,Champions,35.166666666666664,0
3932,120,5,2192.51,3,At Risk,116.0,0
3933,35,1,328.15,1,Loyal Customers,72.0,1
3934,218,1,404.40000000000003,0,Lost Customers,72.0,1
3935,172,6,5628.99,3,At Risk,101.4,0
3936,72,7,604.5500000000001,3,At Risk,110.66666666666667,0
3937,1,2,326.75,1,Loyal Customers,35.0,0
3938,196,2,353.66,0,Lost Customers,381.0,0
3939,128,3,408.59000000000003,0,Lost Customers,24.0,0
3940,47,12,3597.5,2,Champions,62.0,0
3941,6,24,4721.25,2,Champions,28.956521739130434,0
3942,14,16,10159.64,2,Champions,46.86666666666667,0
3943,563,1,310.83,0,Lost Customers,72.0,1
3944,428,4,1664.92,3,At Risk,103.0,0
3945,18,7,625.38,1,Loyal Customers,107.16666666666667,0
3946,432,6,2037.7,3,At Risk,41.6,0
3947,28,11,2000.01,2,Champions,55.5,0
3948,8,22,26626.8,2,Champions,14.75,0
3949,492,1,263.73,0,Lost Customers,72.0,1
3950,552,7,2753.52,3,At Risk,26.0,0
3951,421,4,3517.69,3,At Risk,70.0,0
3952,37,1,151.05,1,Loyal Customers,72.0,1
3953,157,1,214.79999999999998,0,Lost Customers,72.0,1
3954,284,1,94.05,0,Lost Customers,72.0,1
3955,107,3,1496.24,3,At Risk,221.5,0
3956,25,7,3850.79,2,Champions,97.0,0
3957,75,4,322.41,1,Loyal Customers,34.333333333333336,0
3958,16,3,614.12,1,Loyal Customers,195.5,0
3959,158,4,842.42,3,At Risk,169.66666666666666,0
3960,44,2,1178.79,1,Loyal Customers,438.0,0
3961,385,1,224.51,0,Lost Customers,72.0,1
3962,11,11,3442.96,2,Champions,62.1,0
3963,32,8,1744.42,2,Champions,56.42857142857143,0
3964,291,1,53.5,0,Lost Customers,72.0,1
3965,21,9,2253.89,2,Champions,50.25,0
3966,333,13,3330.0299999999997,3,At Risk,33.0,0
3967,18,2,494.44,1,Loyal Customers,20.0,0
3968,4,38,9795.460000000001,2,Champions,19.86111111111111,0
3969,63,5,1119.46,3,At Risk,131.5,0
3970,375,1,416.35,0,Lost Customers,72.0,1
3971,198,6,415.87,3,At Risk,70.2,0
3972,33,4,868.37,1,Loyal Customers,115.33333333333333,0
3973,1,5,2919.65,2,Champions,97.75,0
3974,7,16,2697.75,2,Champions,43.2,0
3975,5,6,3450.41,2,Champions,16.2,0
3976,10,4,891.21,1,Loyal Customers,20.333333333333332,0
3977,32,6,922.16,1,Loyal Customers,80.6,0
3978,53,1,109.36000000000001,0,Lost Customers,72.0,1
3979,12,2,705.79,1,Loyal Customers,125.0,0
3980,18,15,3167.34,2,Champions,50.285714285714285,0
3981,19,4,1548.1299999999999,1,Loyal Customers,234.66666666666666,0
3982,37,3,1350.48,1,Loyal Customers,172.5,0
3983,2,3,621.44,1,Loyal Customers,216.0,0
3984,18,7,2656.56,2,Champions,98.33333333333333,0
3985,82,4,1301.91,3,At Risk,47.333333333333336,0
3986,449,1,157.2,0,Lost Customers,72.0,1
3987,33,5,1290.31,1,Loyal Customers,143.0,0
3988,382,2,309.49,0,Lost Customers,29.0,0
3989,66,5,1723.4,3,At Risk,130.25,0
3990,470,2,104.0,0,Lost Customers,0.0,0
3991,9,2,974.96,1,Loyal Customers,8.0,0
3992,267,2,1308.48,3,At Risk,350.0,0
3993,247,3,362.95,0,Lost Customers,31.0,0
3994,4,4,2157.4,1,Loyal Customers,24.666666666666668,0
3995,61,1,1743.1499999999999,1,Loyal Customers,72.0,1
3996,396,2,247.85,0,Lost Customers,22.0,0
3997,408,2,353.1,0,Lost Customers,142.0,0
3998,75,7,2896.69,3,At Risk,99.16666666666667,0
3999,90,4,1358.95,3,At Risk,166.33333333333334,0
4000,60,5,881.35,3,At Risk,142.25,0
4001,29,3,1068.16,1,Loyal Customers,179.5,0
4002,323,5,882.46,3,At Risk,78.75,0
4003,654,1,186.05,0,Lost Customers,72.0,1
4004,53,4,1382.07,3,At Risk,76.0,0
4005,537,3,467.5,0,Lost Customers,70.5,0
4006,401,4,1052.26,3,At Risk,53.333333333333336,0
4007,270,3,756.7,3,At Risk,146.0,0
4008,2,23,5297.77,2,Champions,32.95454545454545,0
4009,57,5,1555.34,3,At Risk,57.75,0
4010,61,14,3518.41,2,Champions,51.30769230769231,0
4011,476,1,137.8,0,Lost Customers,72.0,1
4012,628,1,123.13,0,Lost Customers,72.0,1
4013,154,2,1705.8,3,At Risk,99.0,0
4014,19,3,630.22,1,Loyal Customers,184.5,0
4015,95,9,3059.85,3,At Risk,79.125,0
4016,1,23,6849.15,2,Champions,24.818181818181817,0
4017,265,2,293.45,0,Lost Customers,104.0,0
4018,312,1,177.5,0,Lost Customers,72.0,1
4019,70,1,443.05,0,Lost Customers,72.0,1
4020,302,2,167.25,0,Lost Customers,7.0,0
4021,19,3,528.36,1,Loyal Customers,317.5,0
4022,13,14,2761.65,2,Champions,34.5,0
4023,591,1,231.93,0,Lost Customers,72.0,1
4024,36,12,5652.74,2,Champions,62.18181818181818,0
4025,734,1,130.32,0,Lost Customers,72.0,1
4026,19,4,756.39,1,Loyal Customers,135.66666666666666,0
4027,54,5,593.19,1,Loyal Customers,154.75,0
4028,57,2,522.03,1,Loyal Customers,318.0,0
4029,22,5,551.21,1,Loyal Customers,168.0,0
4030,44,3,696.76,1,Loyal Customers,315.5,0
4031,27,9,2957.88,2,Champions,78.125,0
4032,493,1,35.7,0,Lost Customers,72.0,1
4033,45,5,1028.74,1,Loyal Customers,94.25,0
4034,113,8,1463.7,3,At Risk,79.0,0
4035,396,1,75.0,0,Lost Customers,72.0,1
4036,376,3,526.27,0,Lost Customers,46.0,0
4037,17,109,61920.87,2,Champions,5.897196261682243,0
4038,25,1,346.12,1,Loyal Customers,72.0,1
4039,191,2,443.06,0,Lost Customers,191.0,0
4040,302,1,302.7,0,Lost Customers,72.0,1
4041,2,10,1863.76,2,Champions,30.0,0
4042,263,2,241.06,0,Lost Customers,21.0,0
4043,414,3,638.49,3,At Risk,42.0,0
4044,106,1,284.55,0,Lost Customers,72.0,1
4045,57,7,1117.94,3,At Risk,103.33333333333333,0
4046,213,3,623.28,3,At Risk,42.0,0
4047,64,1,287.4,0,Lost Customers,72.0,1
4048,28,2,384.52,1,Loyal Customers,380.0,0
4049,29,12,2673.69,2,Champions,59.45454545454545,0
4050,512,3,1003.0699999999999,3,At Risk,0.5,0
4051,668,3,319.14,0,Lost Customers,32.0,0
4052,381,2,301.25,0,Lost Customers,48.0,0
4053,6,5,798.35,1,Loyal Customers,18.5,0
4054,722,1,310.70000000000005,0,Lost Customers,72.0,1
4055,8,6,3856.9700000000003,2,Champions,96.8,0
4056,67,5,1019.13,3,At Risk,139.75,0
4057,2,5,891.98,1,Loyal Customers,180.75,0
4058,521,1,162.24,0,Lost Customers,72.0,1
4059,46,17,3625.88,2,Champions,35.6875,0
4060,34,4,583.16,1,Loyal Customers,125.66666666666667,0
4061,1,2,168472.5,2,Champions,204.0,0
4062,136,3,727.1,3,At Risk,261.5,0
4063,198,2,361.12,0,Lost Customers,272.0,0
4064,198,2,707.69,0,Lost Customers,82.0,0
4065,150,3,1505.73,3,At Risk,252.5,0
4066,88,3,1013.15,3,At Risk,323.5,0
4067,631,2,332.17,0,Lost Customers,63.0,0
4068,531,2,251.71,0,Lost Customers,17.0,0
4069,45,4,30.950000000000003,0,Lost Customers,188.33333333333334,0
4070,64,11,3995.57,2,Champions,55.3,0
4071,99,13,6000.94,2,Champions,43.0,0
4072,218,1,208.36,0,Lost Customers,72.0,1
4073,3,30,5690.89,2,Champions,18.724137931034484,0
4074,730,1,71.78999999999999,0,Lost Customers,72.0,1
4075,28,3,811.23,1,Loyal Customers,26.5,0
4076,178,3,1545.83,3,At Risk,234.0,0
4077,74,3,136.0,0,Lost Customers,104.5,0
4078,21,4,1422.4,1,Loyal Customers,60.333333333333336,0
4079,20,3,1298.66,1,Loyal Customers,60.5,0
4080,421,2,746.24,0,Lost Customers,23.0,0
4081,34,15,3767.09,2,Champions,42.92857142857143,0
4082,509,7,2869.16,3,At Risk,37.666666666666664,0
4083,74,3,787.52,1,Loyal Customers,203.0,0
4084,24,5,803.9,1,Loyal Customers,122.25,0
4085,52,11,2416.85,2,Champions,67.3,0
4086,275,4,1189.98,3,At Risk,125.66666666666667,0
4087,434,2,789.6,0,Lost Customers,163.0,0
4088,165,4,470.83,3,At Risk,69.33333333333333,0
4089,7,7,1810.65,2,Champions,22.5,0
4090,88,4,544.3,3,At Risk,61.333333333333336,0
4091,432,1,350.35,0,Lost Customers,72.0,1
4092,64,11,4094.37,2,Champions,41.6,0
4093,25,3,331.0,1,Loyal Customers,19.5,0
4094,10,2,300.83,1,Loyal Customers,0.0,0
4095,76,1,769.29,1,Loyal Customers,72.0,1
4096,682,1,453.38,0,Lost Customers,72.0,1
4097,16,1,220.62,1,Loyal Customers,72.0,1
4098,192,1,139.35,0,Lost Customers,72.0,1
4099,174,2,404.3,0,Lost Customers,17.0,0
4100,77,5,2287.19,3,At Risk,163.75,0
4101,538,1,134.36,0,Lost Customers,72.0,1
4102,577,2,209.4,0,Lost Customers,81.0,0
4103,33,3,498.8,1,Loyal Customers,57.0,0
4104,380,2,303.7,0,Lost Customers,55.0,0
4105,436,1,205.41000000000003,0,Lost Customers,72.0,1
4106,47,2,1533.16,1,Loyal Customers,366.0,0
4107,541,1,385.56,0,Lost Customers,72.0,1
4108,80,7,2132.09,3,At Risk,90.0,0
4109,297,1,826.53,0,Lost Customers,72.0,1
4110,3,3,648.26,1,Loyal Customers,136.0,0
4111,9,6,2330.77,2,Champions,99.6,0
4112,50,23,6695.28,2,Champions,30.90909090909091,0
4113,161,2,100.97,0,Lost Customers,0.0,0
4114,360,8,2578.34,3,At Risk,26.142857142857142,0
4115,5,9,843.9100000000001,1,Loyal Customers,66.875,0
4116,383,1,1191.23,0,Lost Customers,72.0,1
4117,620,2,258.55,0,Lost Customers,0.0,0
4118,107,11,3614.34,3,At Risk,42.5,0
4119,25,1,465.88,1,Loyal Customers,72.0,1
4120,32,1,777.6,1,Loyal Customers,72.0,1
4121,20,2,90.30000000000001,1,Loyal Customers,20.0,0
4122,572,1,142.71,0,Lost Customers,72.0,1
4123,630,1,240.95,0,Lost Customers,72.0,1
4124,297,1,363.7,0,Lost Customers,72.0,1
4125,372,6,1777.5,3,At Risk,63.2,0
4126,22,6,1760.49,1,Loyal Customers,124.8,0
4127,5,4,874.59,1,Loyal Customers,12.0,0
4128,52,10,3179.06,2,Champions,53.77777777777778,0
4129,30,1,101.69999999999999,1,Loyal Customers,72.0,1
4130,277,1,162.7,0,Lost Customers,72.0,1
4131,61,4,959.37,3,At Risk,164.33333333333334,0
4132,25,4,439.06,1,Loyal Customers,207.33333333333334,0
4133,186,6,2148.38,3,At Risk,91.6,0
4134,415,3,1140.11,3,At Risk,116.0,0
4135,436,2,433.36,0,Lost Customers,14.0,0
4136,2,28,11916.33,2,Champions,24.85185185185185,0
4137,446,2,306.19,0,Lost Customers,245.0,0
4138,2,48,24151.3,2,Champions,15.127659574468085,0
4139,172,2,717.21,0,Lost Customers,412.0,0
4140,81,2,1232.94,3,At Risk,343.0,0
4141,4,1,244.41,1,Loyal Customers,72.0,1
4142,190,4,1986.8,3,At Risk,113.0,0
4143,668,1,48.349999999999994,0,Lost Customers,72.0,1
4144,22,11,2298.33,2,Champions,41.4,0
4145,18,5,8756.64,2,Champions,150.5,0
4146,19,3,1082.81,1,Loyal Customers,23.5,0
4147,642,1,635.9,0,Lost Customers,72.0,1
4148,5,3,972.04,1,Loyal Customers,337.0,0
4149,110,1,548.12,0,Lost Customers,72.0,1
4150,641,1,23.35,0,Lost Customers,72.0,1
4151,541,3,395.07,0,Lost Customers,27.0,0
4152,3,10,3289.66,2,Champions,58.333333333333336,0
4153,414,1,205.75,0,Lost Customers,72.0,1
4154,735,1,424.03,0,Lost Customers,72.0,1
4155,54,2,257.32,1,Loyal Customers,347.0,0
4156,592,1,292.21,0,Lost Customers,72.0,1
4157,520,4,376.70000000000005,0,Lost Customers,47.333333333333336,0
4158,165,2,689.82,0,Lost Customers,210.0,0
4159,291,5,5307.07,3,At Risk,37.25,0
4160,546,1,104.25999999999999,0,Lost Customers,72.0,1
4161,599,1,30.15,0,Lost Customers,72.0,1
4162,10,34,12781.8,2,Champions,17.529411764705884,0
4163,109,18,8813.58,2,Champions,36.588235294117645,0
4164,96,7,2237.12,3,At Risk,104.5,0
4165,243,2,379.73,0,Lost Customers,130.0,0
4166,163,33,16584.01,2,Champions,15.4375,0
4167,42,8,2841.72,2,Champions,97.14285714285714,0
4168,35,6,1915.68,3,At Risk,93.8,0
4169,67,17,8012.58,2,Champions,41.0625,0
4170,24,2,281.85,1,Loyal Customers,113.0,0
4171,1,38,13304.11,2,Champions,19.405405405405407,0
4172,397,1,175.0,0,Lost Customers,72.0,1
4173,27,8,3048.38,2,Champions,100.28571428571429,0
4174,6,2,511.12,1,Loyal Customers,54.0,0
4175,477,1,223.85999999999999,0,Lost Customers,72.0,1
4176,54,6,4412.56,3,At Risk,136.4,0
4177,569,1,87.8,0,Lost Customers,72.0,1
4178,364,4,773.05,3,At Risk,63.0,0
4179,15,5,614.66,1,Loyal Customers,68.75,0
4180,194,2,865.6,3,At Risk,142.0,0
4181,428,2,1020.9000000000001,3,At Risk,213.0,0
4182,3,5,1455.23,1,Loyal Customers,179.5,0
4183,15,20,7434.31,2,Champions,31.526315789473685,0
4184,27,10,4248.74,2,Champions,66.77777777777777,0
4185,127,3,1009.6,3,At Risk,74.0,0
4186,85,2,663.61,1,Loyal Customers,205.0,0
4187,71,3,1301.78,3,At Risk,293.0,0
4188,420,2,540.87,0,Lost Customers,101.0,0
4189,667,1,380.0,0,Lost Customers,72.0,1
4190,626,1,156.6,0,Lost Customers,72.0,1
4191,426,1,295.05,0,Lost Customers,72.0,1
4192,183,1,105.84,0,Lost Customers,72.0,1
4193,113,1,313.62,0,Lost Customers,72.0,1
4194,374,2,297.95,0,Lost Customers,299.0,0
4195,80,5,3156.17,3,At Risk,145.0,0
4196,594,2,341.59,0,Lost Customers,101.0,0
4197,249,3,1462.78,3,At Risk,192.5,0
4198,232,1,225.15,0,Lost Customers,72.0,1
4199,386,4,1361.28,3,At Risk,62.333333333333336,0
4200,71,4,612.36,1,Loyal Customers,125.66666666666667,0
4201,401,2,605.9,0,Lost Customers,13.0,0
4202,69,1,213.5,0,Lost Customers,72.0,1
4203,4,28,7807.91,2,Champions,26.25925925925926,0
4204,51,8,1071.1399999999999,3,At Risk,97.28571428571429,0
4205,75,1,181.09,0,Lost Customers,72.0,1
4206,61,5,1757.75,3,At Risk,157.0,0
4207,16,4,458.98,1,Loyal Customers,237.33333333333334,0
4208,4,1,90.04,1,Loyal Customers,72.0,1
4209,286,1,145.04999999999998,0,Lost Customers,72.0,1
4210,386,1,172.8,0,Lost Customers,72.0,1
4211,4,13,2153.41,2,Champions,59.166666666666664,0
4212,41,3,677.0,1,Loyal Customers,290.5,0
4213,36,2,763.33,1,Loyal Customers,352.0,0
4214,75,2,482.47,1,Loyal Customers,16.0,0
4215,563,2,432.45,0,Lost Customers,5.0,0
4216,724,1,60.48,0,Lost Customers,72.0,1
4217,404,2,357.66,0,Lost Customers,30.0,0
4218,18,25,5706.87,2,Champions,23.416666666666668,0
4219,454,2,1286.6200000000001,3,At Risk,209.0,0
4220,15,7,5493.46,2,Champions,39.166666666666664,0
4221,219,1,75.66,0,Lost Customers,72.0,1
4222,186,6,1785.13,3,At Risk,90.2,0
4223,33,9,3245.43,2,Champions,87.5,0
4224,70,1,618.59,1,Loyal Customers,72.0,1
4225,183,3,1179.79,3,At Risk,197.5,0
4226,626,1,291.5,0,Lost Customers,72.0,1
4227,15,2,500.42,1,Loyal Customers,142.0,0
4228,236,1,151.85,0,Lost Customers,72.0,1
4229,31,5,2647.59,1,Loyal Customers,72.5,0
4230,264,4,1938.33,3,At Risk,130.33333333333334,0
4231,4,6,1758.93,1,Loyal Customers,146.6,0
4232,52,4,813.48,1,Loyal Customers,74.66666666666667,0
4233,544,1,225.4,0,Lost Customers,72.0,1
4234,246,4,1015.24,3,At Risk,114.66666666666667,0
4235,81,2,810.5699999999999,1,Loyal Customers,116.0,0
4236,275,5,1654.03,3,At Risk,66.75,0
4237,1,17,4413.1,2,Champions,16.125,0
4238,79,1,322.8,0,Lost Customers,72.0,1
4239,30,7,2318.1,2,Champions,101.66666666666667,0
4240,74,2,408.63,1,Loyal Customers,22.0,0
4241,407,1,106.80000000000001,0,Lost Customers,72.0,1
4242,482,7,1892.52,3,At Risk,33.6,0
4243,486,2,406.4,0,Lost Customers,95.0,0
4244,17,6,2883.1,2,Champions,42.8,0
4245,223,6,1649.81,3,At Risk,92.6,0
4246,407,1,473.0,0,Lost Customers,72.0,1
4247,438,4,3802.04,3,At Risk,51.5,0
4248,32,4,1154.47,1,Loyal Customers,64.0,0
4249,23,15,2380.13,2,Champions,32.07142857142857,0
4250,31,4,1747.98,1,Loyal Customers,125.66666666666667,0
4251,398,1,179.4,0,Lost Customers,72.0,1
4252,106,2,554.5,0,Lost Customers,596.0,0
4253,5,3,1077.45,1,Loyal Customers,204.5,0
4254,246,2,923.11,3,At Risk,176.0,0
4255,178,2,833.78,3,At Risk,34.0,0
4256,736,1,160.39,0,Lost Customers,72.0,1
4257,449,1,678.8,0,Lost Customers,72.0,1
4258,170,4,541.9,3,At Risk,124.33333333333333,0
4259,43,3,672.8,1,Loyal Customers,273.0,0
4260,520,1,306.58000000000004,0,Lost Customers,72.0,1
4261,72,7,1916.11,3,At Risk,74.0,0
4262,587,1,136.2,0,Lost Customers,72.0,1
4263,59,16,17550.39,2,Champions,37.8,0
4264,16,2,1212.66,1,Loyal Customers,55.0,0
4265,141,8,1484.07,3,At Risk,66.85714285714286,0
4266,18,13,6423.26,2,Champions,54.5,0
4267,22,30,16833.170000000002,2,Champions,24.06896551724138,0
4268,10,4,874.43,1,Loyal Customers,81.0,0
4269,368,6,690.83,3,At Risk,49.8,0
4270,189,1,39.12,0,Lost Customers,72.0,1
4271,16,7,1879.55,2,Champions,112.66666666666667,0
4272,540,4,932.76,3,At Risk,60.333333333333336,0
4273,394,1,151.05,0,Lost Customers,72.0,1
4274,729,1,165.0,0,Lost Customers,72.0,1
4275,569,1,109.2,0,Lost Customers,72.0,1
4276,362,1,135.39999999999998,0,Lost Customers,72.0,1
4277,19,2,217.71,1,Loyal Customers,601.0,0
4278,68,2,567.1800000000001,1,Loyal Customers,216.0,0
4279,15,13,862.42,2,Champions,50.916666666666664,0
4280,24,3,1348.88,1,Loyal Customers,27.0,0
4281,17,20,8030.150000000001,2,Champions,37.05263157894737,0
4282,28,3,1692.27,1,Loyal Customers,67.5,0
4283,2,20,8134.9400000000005,2,Champions,13.421052631578947,0
4284,679,1,171.13,0,Lost Customers,72.0,1
4285,55,2,304.24,1,Loyal Customers,43.0,0
4286,442,2,608.86,0,Lost Customers,36.0,0
4287,34,6,2361.9,3,At Risk,76.4,0
4288,411,2,880.62,0,Lost Customers,240.0,0
4289,3,12,3109.99,2,Champions,25.0,0
4290,366,3,663.31,3,At Risk,90.0,0
4291,43,3,821.45,1,Loyal Customers,245.5,0
4292,73,7,1921.84,3,At Risk,94.16666666666667,0
4293,5,5,1028.0,1,Loyal Customers,45.25,0
4294,534,1,320.25,0,Lost Customers,72.0,1
4295,4,55,147142.77,2,Champions,13.452830188679245,0
4296,61,2,324.24,1,Loyal Customers,0.0,0
4297,47,16,4881.07,2,Champions,45.2,0
4298,391,1,157.63,0,Lost Customers,72.0,1
4299,1,4,1260.86,1,Loyal Customers,19.333333333333332,0
4300,76,2,422.59999999999997,1,Loyal Customers,6.0,0
4301,72,4,353.03,1,Loyal Customers,126.0,0
4302,418,2,178.83,0,Lost Customers,143.0,0
4303,256,4,1914.6999999999998,3,At Risk,61.0,0
4304,69,5,1179.48,3,At Risk,146.5,0
4305,723,1,98.30000000000001,0,Lost Customers,72.0,1
4306,562,2,191.9,0,Lost Customers,0.0,0
4307,135,4,657.9000000000001,3,At Risk,37.0,0
4308,241,1,112.75,0,Lost Customers,72.0,1
4309,227,2,1998.0,3,At Risk,26.0,0
4310,380,7,994.6,3,At Risk,58.833333333333336,0
4311,9,25,8830.77,2,Champions,30.0,0
4312,9,26,9916.73,2,Champions,28.72,0
4313,415,4,1110.83,3,At Risk,105.0,0
4314,618,2,664.16,0,Lost Customers,53.0,0
4315,1,42,43515.051,2,Champions,17.4390243902439,0
4316,37,3,531.35,1,Loyal Customers,38.0,0
4317,400,4,533.41,3,At Risk,79.33333333333333,0
4318,46,1,656.63,1,Loyal Customers,72.0,1
4319,85,14,9056.01,2,Champions,49.15384615384615,0
4320,19,22,5921.35,2,Champions,33.666666666666664,0
4321,3,9,2868.48,2,Champions,91.25,0
4322,9,13,4232.87,2,Champions,35.09090909090909,0
4323,19,32,14115.56,2,Champions,22.258064516129032,0
4324,219,4,1497.33,3,At Risk,150.33333333333334,0
4325,78,2,625.52,1,Loyal Customers,484.0,0
4326,267,3,2149.6800000000003,3,At Risk,181.5,0
4327,24,14,6663.68,2,Champions,54.07692307692308,0
4328,369,5,3006.08,3,At Risk,90.25,0
4329,15,14,3513.62,2,Champions,50.214285714285715,0
4330,26,3,758.74,1,Loyal Customers,347.5,0
4331,262,1,292.47,0,Lost Customers,72.0,1
4332,17,22,8189.56,2,Champions,33.80952380952381,0
4333,91,4,1231.36,3,At Risk,214.33333333333334,0
4334,405,1,147.35,0,Lost Customers,72.0,1
4335,302,14,1688.26,3,At Risk,32.23076923076923,0
4336,26,7,2063.88,2,Champions,63.5,0
4337,364,4,1377.77,3,At Risk,107.66666666666667,0
4338,46,4,1048.28,1,Loyal Customers,54.25,0
4339,38,21,7205.33,2,Champions,9.7,0
4340,52,3,743.11,1,Loyal Customers,133.0,0
4341,648,1,170.3,0,Lost Customers,72.0,1
4342,32,4,4387.64,3,At Risk,232.66666666666666,0
4343,530,1,259.68,0,Lost Customers,72.0,1
4344,52,3,646.76,1,Loyal Customers,30.5,0
4345,79,14,6217.41,2,Champions,49.84615384615385,0
4346,506,5,2956.56,3,At Risk,57.0,0
4347,53,2,835.1999999999999,1,Loyal Customers,524.0,0
4348,298,1,3.75,0,Lost Customers,72.0,1
4349,177,2,786.43,3,At Risk,359.0,0
4350,395,1,226.91,0,Lost Customers,72.0,1
4351,625,1,173.06,0,Lost Customers,72.0,1
4352,47,14,2799.87,2,Champions,51.61538461538461,0
4353,29,14,4212.15,2,Champions,43.07692307692308,0
4354,11,7,1291.91,1,Loyal Customers,26.5,0
4355,87,17,7180.7,2,Champions,13.625,0
4356,5,42,18046.75,2,Champions,17.341463414634145,0
4357,38,2,836.06,1,Loyal Customers,30.0,0
4358,18,14,3637.33,2,Champions,54.30769230769231,0
4359,591,2,4157.88,3,At Risk,132.0,0
4360,45,5,623.93,1,Loyal Customers,46.25,0
4361,31,1,1764.72,1,Loyal Customers,72.0,1
4362,373,1,207.5,0,Lost Customers,72.0,1
4363,58,1,223.92000000000002,0,Lost Customers,72.0,1
4364,372,29,65500.07,2,Champions,9.285714285714286,0
4365,114,7,2864.68,3,At Risk,102.0,0
4366,215,7,1312.3700000000001,3,At Risk,70.16666666666667,0
4367,319,2,270.48,0,Lost Customers,90.0,0
4368,65,1,369.34000000000003,0,Lost Customers,72.0,1
4369,8,3,789.79,1,Loyal Customers,11.5,0
4370,430,1,228.0,0,Lost Customers,72.0,1
4371,97,1,316.62,0,Lost Customers,72.0,1
4372,20,3,1207.24,1,Loyal Customers,62.0,0
4373,199,2,964.6999999999999,3,At Risk,539.0,0
4374,4,13,2790.9500000000003,2,Champions,11.166666666666666,0
4375,294,2,454.75,0,Lost Customers,88.0,0
4376,273,2,1145.6,3,At Risk,0.0,0
4377,31,15,8056.76,2,Champions,39.642857142857146,0
4378,48,9,1698.57,3,At Risk,85.0,0
4379,260,4,1117.05,3,At Risk,154.66666666666666,0
4380,58,9,1778.93,3,At Risk,51.25,0
4381,33,10,3949.6,2,Champions,77.22222222222223,0
4382,423,3,3698.0499999999997,3,At Risk,149.0,0
4383,57,3,421.24,1,Loyal Customers,337.5,0
4384,68,8,1567.48,3,At Risk,84.28571428571429,0
4385,10,16,2820.84,2,Champions,28.266666666666666,0
4386,60,2,592.51,1,Loyal Customers,355.0,0
4387,80,5,1292.18,3,At Risk,137.25,0
4388,74,2,245.94,0,Lost Customers,199.0,0
4389,2,53,32809.03,2,Champions,13.653846153846153,0
4390,100,3,596.4,3,At Risk,152.5,0
4391,372,2,623.0,0,Lost Customers,297.0,0
4392,10,38,9636.12,2,Champions,18.91891891891892,0
4393,437,1,391.95,0,Lost Customers,72.0,1
4394,20,5,892.33,1,Loyal Customers,150.0,0
4395,410,1,533.78,0,Lost Customers,72.0,1
4396,394,1,51.839999999999996,0,Lost Customers,72.0,1
4397,398,4,1017.53,3,At Risk,100.0,0
4398,123,5,1928.93,3,At Risk,136.25,0
4399,8,1,80.8,1,Loyal Customers,72.0,1
4400,4,6,1545.6200000000001,1,Loyal Customers,6.4,0
4401,29,15,3957.63,2,Champions,49.92857142857143,0
4402,282,5,623.46,3,At Risk,105.25,0
4403,57,1,243.84,0,Lost Customers,72.0,1
4404,1,15,2052.7,2,Champions,44.07142857142857,0
4405,365,3,2062.41,3,At Risk,158.5,0
4406,89,1,305.62,0,Lost Customers,72.0,1
4407,393,5,1802.02,3,At Risk,85.75,0
4408,554,3,841.16,3,At Risk,87.0,0
4409,432,2,452.78000000000003,0,Lost Customers,21.0,0
4410,11,1,1162.65,1,Loyal Customers,72.0,1
4411,163,4,1594.23,3,At Risk,36.0,0
4412,679,2,582.61,0,Lost Customers,51.0,0
4413,65,1,332.3,0,Lost Customers,72.0,1
4414,23,3,536.99,1,Loyal Customers,123.5,0
4415,174,5,1091.34,3,At Risk,138.75,0
4416,103,4,762.16,3,At Risk,44.666666666666664,0
4417,143,6,2123.88,3,At Risk,95.6,0
4418,99,2,288.42,0,Lost Customers,175.0,0
4419,23,9,1727.43,2,Champions,72.25,0
4420,192,2,842.0400000000001,3,At Risk,228.0,0
4421,5,2,547.07,1,Loyal Customers,12.0,0
4422,361,4,2392.0,3,At Risk,7.0,0
4423,8,10,1652.18,2,Champions,21.333333333333332,0
4424,14,36,11924.85,2,Champions,16.4,0
4425,454,2,406.02,0,Lost Customers,82.0,0
4426,103,4,417.06,3,At Risk,84.33333333333333,0
4427,3,13,2560.7,2,Champions,35.25,0
4428,11,11,3349.57,2,Champions,19.0,0
4429,465,2,182.59,0,Lost Customers,0.0,0
4430,96,1,497.61,0,Lost Customers,72.0,1
4431,382,1,113.35,0,Lost Customers,72.0,1
4432,686,1,181.39,0,Lost Customers,72.0,1
4433,227,7,2243.09,3,At Risk,84.5,0
4434,16,3,686.24,1,Loyal Customers,188.5,0
4435,39,5,1826.89,3,At Risk,123.5,0
4436,51,1,341.7,1,Loyal Customers,72.0,1
4437,393,5,392.13,3,At Risk,48.25,0
4438,93,2,128.5,0,Lost Customers,19.0,0
4439,157,2,513.32,0,Lost Customers,231.0,0
4440,39,4,1207.5,1,Loyal Customers,228.66666666666666,0
4441,565,1,91.8,0,Lost Customers,72.0,1
4442,184,5,417.61,3,At Risk,68.25,0
4443,1,6,2409.04,2,Champions,124.0,0
4444,228,2,898.96,3,At Risk,446.0,0
4445,128,6,1456.66,3,At Risk,87.8,0
4446,40,4,782.37,1,Loyal Customers,177.33333333333334,0
4447,31,11,3170.98,2,Champions,21.1,0
4448,197,4,1159.61,3,At Risk,154.66666666666666,0
4449,9,44,21758.25,2,Champions,14.790697674418604,0
4450,603,2,139.85,0,Lost Customers,71.0,0
4451,37,12,4006.06,2,Champions,59.45454545454545,0
4452,101,3,1264.19,3,At Risk,100.5,0
4453,43,35,19571.43,2,Champions,19.794117647058822,0
4454,563,2,614.34,0,Lost Customers,20.0,0
4455,618,1,253.88,0,Lost Customers,72.0,1
4456,50,3,842.41,1,Loyal Customers,294.5,0
4457,43,2,614.89,1,Loyal Customers,574.0,0
4458,53,4,1411.62,3,At Risk,126.33333333333333,0
4459,187,1,124.57,0,Lost Customers,72.0,1
4460,334,1,332.41,0,Lost Customers,72.0,1
4461,4,3,342.45,1,Loyal Customers,23.5,0
4462,10,2,144.91000000000003,1,Loyal Customers,165.0,0
4463,417,2,1408.96,3,At Risk,223.0,0
4464,24,2,328.4,1,Loyal Customers,19.0,0
4465,15,3,358.49,1,Loyal Customers,213.0,0
4466,443,1,352.8,0,Lost Customers,72.0,1
4467,369,10,4292.59,3,At Risk,39.0,0
4468,145,7,1932.41,3,At Risk,83.0,0
4469,453,3,1610.62,3,At Risk,104.5,0
4470,60,5,946.59,3,At Risk,111.75,0
4471,547,4,662.33,3,At Risk,50.666666666666664,0
4472,31,3,834.27,1,Loyal Customers,188.5,0
4473,434,2,409.25,0,Lost Customers,164.0,0
4474,402,1,130.95,0,Lost Customers,72.0,1
4475,141,3,207.73999999999998,0,Lost Customers,9.5,0
4476,690,1,76.74000000000001,0,Lost Customers,72.0,1
4477,394,3,384.56,0,Lost Customers,99.0,0
4478,23,4,817.12,1,Loyal Customers,50.333333333333336,0
4479,469,1,450.15999999999997,0,Lost Customers,72.0,1
4480,22,6,2812.34,2,Champions,49.6,0
4481,77,6,1213.13,3,At Risk,76.8,0
4482,5,12,14617.39,2,Champions,59.81818181818182,0
4483,379,1,209.89000000000001,0,Lost Customers,72.0,1
4484,67,11,4234.53,2,Champions,63.3,0
4485,404,1,136.01,0,Lost Customers,72.0,1
4486,12,6,846.62,1,Loyal Customers,38.6,0
4487,84,1,13.3,0,Lost Customers,72.0,1
4488,31,8,1813.21,2,Champions,65.71428571428571,0
4489,67,1,432.0,0,Lost Customers,72.0,1
4490,67,3,705.12,1,Loyal Customers,124.5,0
4491,187,19,2246.06,3,At Risk,30.0,0
4492,38,4,1070.97,1,Loyal Customers,177.33333333333334,0
4493,15,4,684.6,1,Loyal Customers,122.66666666666667,0
4494,456,1,134.0,0,Lost Customers,72.0,1
4495,35,3,658.17,1,Loyal Customers,351.0,0
4496,401,3,434.2,0,Lost Customers,150.0,0
4497,195,6,2526.65,3,At Risk,73.8,0
4498,477,3,285.41,0,Lost Customers,52.0,0
4499,2,11,1727.94,2,Champions,72.9,0
4500,1,7,754.75,1,Loyal Customers,121.5,0
4501,367,2,249.89000000000001,0,Lost Customers,9.0,0
4502,502,3,1306.96,3,At Risk,16.5,0
4503,65,5,1102.9,3,At Risk,149.75,0
4504,555,1,103.95,0,Lost Customers,72.0,1
4505,299,2,289.78,0,Lost Customers,14.0,0
4506,26,5,885.21,1,Loyal Customers,137.25,0
4507,8,8,1695.77,2,Champions,55.142857142857146,0
4508,17,3,887.11,1,Loyal Customers,22.5,0
4509,729,1,204.26,0,Lost Customers,72.0,1
4510,116,1,1706.88,3,At Risk,72.0,1
4511,29,3,1041.75,1,Loyal Customers,193.0,0
4512,4,21,4675.36,2,Champions,19.85,0
4513,5,17,4706.77,2,Champions,44.75,0
4514,82,7,1410.92,3,At Risk,81.83333333333333,0
4515,29,9,1470.89,2,Champions,61.625,0
4516,722,1,252.59,0,Lost Customers,72.0,1
4517,72,1,379.14,0,Lost Customers,72.0,1
4518,4,8,1508.96,2,Champions,12.0,0
4519,636,2,255.25,0,Lost Customers,25.0,0
4520,29,15,4460.51,2,Champions,58.166666666666664,0
4521,290,3,423.90999999999997,0,Lost Customers,180.5,0
4522,36,1,183.76,1,Loyal Customers,72.0,1
4523,9,11,1543.18,2,Champions,55.7,0
4524,24,4,902.02,1,Loyal Customers,130.0,0
4525,277,2,1851.88,3,At Risk,355.0,0
4526,50,16,3206.54,2,Champions,45.46666666666667,0
4527,156,24,4909.66,2,Champions,13.478260869565217,0
4528,411,1,355.45,0,Lost Customers,72.0,1
4529,61,3,409.21,1,Loyal Customers,269.0,0
4530,573,1,611.08,0,Lost Customers,72.0,1
4531,12,32,13157.130000000001,2,Champions,21.0,0
4532,21,3,829.89,1,Loyal Customers,31.0,0
4533,540,1,125.65,0,Lost Customers,72.0,1
4534,371,5,1169.6100000000001,3,At Risk,38.5,0
4535,116,3,543.05,3,At Risk,122.5,0
4536,80,29,3897.5299999999997,2,Champions,20.678571428571427,0
4537,4,7,1295.39,1,Loyal Customers,24.666666666666668,0
4538,26,3,378.89,1,Loyal Customers,21.0,0
4539,5,23,5032.22,2,Champions,17.272727272727273,0
4540,53,3,412.55,1,Loyal Customers,258.0,0
4541,1,9,3099.3,2,Champions,90.5,0
4542,55,6,2083.14,3,At Risk,113.2,0
4543,382,3,530.86,0,Lost Customers,19.0,0
4544,26,2,548.29,1,Loyal Customers,359.0,0
4545,499,1,196.25,0,Lost Customers,72.0,1
4546,9,9,6995.360000000001,2,Champions,80.75,0
4547,489,3,433.85,0,Lost Customers,79.5,0
4548,52,8,6427.66,2,Champions,96.42857142857143,0
4549,612,1,33.0,0,Lost Customers,72.0,1
4550,13,9,1904.99,2,Champions,26.5,0
4551,212,5,1299.49,3,At Risk,102.75,0
4552,610,1,101.36,0,Lost Customers,72.0,1
4553,22,33,8548.16,2,Champions,22.548387096774192,0
4554,383,5,1222.04,3,At Risk,65.5,0
4555,236,5,955.21,3,At Risk,136.33333333333334,0
4556,139,7,868.77,3,At Risk,85.83333333333333,0
4557,4,6,1286.27,1,Loyal Customers,62.2,0
4558,57,10,3541.77,2,Champions,69.33333333333333,0
4559,135,3,1277.75,3,At Risk,84.5,0
4560,109,5,795.83,3,At Risk,154.5,0
4561,30,1,20.8,0,Lost Customers,72.0,1
4562,1,20,6081.88,2,Champions,35.78947368421053,0
4563,185,6,1120.31,3,At Risk,98.2,0
4564,18,1,308.74,1,Loyal Customers,72.0,1
4565,239,2,416.64,0,Lost Customers,42.0,0
4566,435,1,778.49,0,Lost Customers,72.0,1
4567,87,1,117.35000000000001,0,Lost Customers,72.0,1
4568,39,8,1990.88,3,At Risk,86.28571428571429,0
4569,116,3,794.56,3,At Risk,207.5,0
4570,410,1,251.04,0,Lost Customers,72.0,1
4571,187,1,110.55000000000001,0,Lost Customers,72.0,1
4572,733,2,207.85,0,Lost Customers,0.0,0
4573,227,1,201.19,0,Lost Customers,72.0,1
4574,8,7,2154.97,2,Champions,38.166666666666664,0
4575,189,1,319.02,0,Lost Customers,72.0,1
4576,4,2,439.43,1,Loyal Customers,103.0,0
4577,39,3,650.41,1,Loyal Customers,75.5,0
4578,626,1,71.4,0,Lost Customers,72.0,1
4579,38,1,357.21,1,Loyal Customers,72.0,1
4580,383,2,749.0,0,Lost Customers,73.0,0
4581,386,1,127.0,0,Lost Customers,72.0,1
4582,523,2,365.5,0,Lost Customers,41.0,0
4583,423,3,926.12,3,At Risk,40.5,0
4584,267,1,251.51999999999998,0,Lost Customers,72.0,1
4585,395,4,496.0,3,At Risk,78.33333333333333,0
4586,78,3,768.88,3,At Risk,294.0,0
4587,4,9,2859.74,2,Champions,55.25,0
4588,255,3,1422.8300000000002,3,At Risk,86.0,0
4589,61,1,384.06,1,Loyal Customers,72.0,1
4590,13,11,3490.5299999999997,2,Champions,42.8,0
4591,88,9,10350.53,2,Champions,68.75,0
4592,17,23,10923.16,2,Champions,32.0,0
4593,30,11,4888.75,2,Champions,64.1,0
4594,3,11,2521.4,2,Champions,73.0,0
4595,5,2,382.67,1,Loyal Customers,374.0,0
4596,7,6,1133.25,1,Loyal Customers,28.2,0
4597,219,2,344.0,0,Lost Customers,203.0,0
4598,421,1,1041.21,0,Lost Customers,72.0,1
4599,11,13,5476.5,2,Champions,54.083333333333336,0
4600,464,2,1950.9499999999998,3,At Risk,112.0,0
4601,30,9,2123.61,2,Champions,48.0,0
4602,288,3,702.0,3,At Risk,18.5,0
4603,150,5,402.0,3,At Risk,73.25,0
4604,23,2,484.82,1,Loyal Customers,50.0,0
4605,396,2,406.3,0,Lost Customers,11.0,0
4606,1,19,6640.8,2,Champions,34.166666666666664,0
4607,86,7,2571.55,3,At Risk,92.16666666666667,0
4608,402,4,828.21,3,At Risk,58.333333333333336,0
4609,46,4,2324.36,3,At Risk,125.33333333333333,0
4610,471,2,622.36,0,Lost Customers,118.0,0
4611,5,8,1635.27,2,Champions,90.85714285714286,0
4612,51,7,1120.1,3,At Risk,64.16666666666667,0
4613,429,1,81.36,0,Lost Customers,72.0,1
4614,551,1,242.06,0,Lost Customers,72.0,1
4615,18,1,195.36,1,Loyal Customers,72.0,1
4616,30,3,671.7,1,Loyal Customers,310.0,0
4617,725,1,360.61,0,Lost Customers,72.0,1
4618,8,3,583.4300000000001,1,Loyal Customers,28.5,0
4619,29,3,1838.6100000000001,1,Loyal Customers,78.0,0
4620,577,1,552.4,0,Lost Customers,72.0,1
4621,3,29,12576.99,2,Champions,26.77777777777778,0
4622,41,6,2287.7,3,At Risk,138.4,0
4623,11,11,3602.29,2,Champions,72.2,0
4624,542,2,935.62,0,Lost Customers,104.0,0
4625,442,6,1182.22,3,At Risk,28.8,0
4626,31,2,260.0,1,Loyal Customers,401.0,0
4627,417,3,800.18,3,At Risk,139.5,0
4628,45,3,95.85,1,Loyal Customers,55.5,0
4629,61,5,1349.67,3,At Risk,145.0,0
4630,185,3,175.82999999999998,0,Lost Customers,115.5,0
4631,79,9,1310.63,3,At Risk,81.0,0
4632,581,3,1593.83,3,At Risk,69.5,0
4633,111,7,2137.3,3,At Risk,91.83333333333333,0
4634,64,1,146.87,0,Lost Customers,72.0,1
4635,12,6,2773.85,2,Champions,113.4,0
4636,548,8,2984.32,3,At Risk,25.571428571428573,0
4637,86,4,1332.79,3,At Risk,103.33333333333333,0
4638,16,5,1276.42,1,Loyal Customers,123.75,0
4639,246,4,613.59,3,At Risk,163.0,0
4640,383,1,176.9,0,Lost Customers,72.0,1
4641,88,1,1267.32,1,Loyal Customers,72.0,1
4642,30,2,743.17,1,Loyal Customers,384.0,0
4643,604,1,1954.99,3,At Risk,72.0,1
4644,138,2,463.25,0,Lost Customers,412.0,0
4645,27,6,1655.2,1,Loyal Customers,114.2,0
4646,3,5,1036.58,1,Loyal Customers,60.5,0
4647,32,8,2593.65,2,Champions,99.14285714285714,0
4648,25,12,11962.3,2,Champions,70.2,0
4649,113,5,827.6800000000001,3,At Risk,78.5,0
4650,157,5,1906.07,3,At Risk,115.5,0
4651,85,6,2289.23,3,At Risk,128.8,0
4652,118,7,2071.68,3,At Risk,95.0,0
4653,3,19,9942.53,2,Champions,35.22222222222222,0
4654,96,11,4648.59,2,Champions,58.1,0
4655,194,4,706.49,3,At Risk,144.0,0
4656,28,1,399.09,1,Loyal Customers,72.0,1
4657,131,1,498.48,0,Lost Customers,72.0,1
4658,28,5,1356.33,1,Loyal Customers,53.75,0
4659,446,1,232.85,0,Lost Customers,72.0,1
4660,738,1,128.60000000000002,0,Lost Customers,72.0,1
4661,596,1,294.74,0,Lost Customers,72.0,1
4662,82,3,1179.89,3,At Risk,78.5,0
4663,30,9,4864.57,2,Champions,81.0,0
4664,266,1,234.24,0,Lost Customers,72.0,1
4665,74,11,5232.2300000000005,2,Champions,15.4,0
4666,314,6,889.75,3,At Risk,24.6,0
4667,21,13,3638.53,2,Champions,59.416666666666664,0
4668,59,3,855.45,1,Loyal Customers,133.5,0
4669,638,2,194.7,0,Lost Customers,0.0,0
4670,726,1,228.34,0,Lost Customers,72.0,1
4671,725,3,454.54,0,Lost Customers,3.0,0
4672,12,47,8987.68,2,Champions,12.782608695652174,0
4673,28,14,5517.2300000000005,2,Champions,54.07692307692308,0
4674,114,2,437.42,0,Lost Customers,296.0,0
4675,28,13,3793.71,2,Champions,54.083333333333336,0
4676,625,1,273.35,0,Lost Customers,72.0,1
4677,18,4,1446.09,1,Loyal Customers,30.333333333333332,0
4678,563,1,203.05,0,Lost Customers,72.0,1
4679,18,10,2236.63,2,Champions,78.11111111111111,0
4680,36,6,1242.75,1,Loyal Customers,139.2,0
4681,578,1,306.0,0,Lost Customers,72.0,1
4682,36,2,378.2,1,Loyal Customers,0.0,0
4683,78,1,118.80000000000001,0,Lost Customers,72.0,1
4684,22,7,957.53,1,Loyal Customers,83.5,0
4685,25,6,949.39,1,Loyal Customers,125.2,0
4686,33,6,4732.03,2,Champions,137.8,0
4687,109,9,4049.79,3,At Risk,69.5,0
4688,35,3,5001.21,3,At Risk,180.5,0
4689,123,28,7847.67,2,Champions,22.14814814814815,0
4690,7,6,2050.08,1,Loyal Customers,11.0,0
4691,738,1,221.53,0,Lost Customers,72.0,1
4692,28,4,1991.01,1,Loyal Customers,74.66666666666667,0
4693,386,1,128.45,0,Lost Customers,72.0,1
4694,4,13,3080.1800000000003,2,Champions,41.583333333333336,0
4695,3,19,7495.75,2,Champions,41.94117647058823,0
4696,50,11,5511.41,2,Champions,62.3,0
4697,593,1,235.88,0,Lost Customers,72.0,1
4698,322,2,402.20000000000005,0,Lost Customers,101.0,0
4699,23,7,2572.25,2,Champions,116.66666666666667,0
4700,15,11,3697.93,2,Champions,53.5,0
4701,2,9,1143.36,2,Champions,53.25,0
4702,382,3,591.0699999999999,0,Lost Customers,79.5,0
4703,533,1,582.17,0,Lost Customers,72.0,1
4704,18,2,971.74,1,Loyal Customers,72.0,1
4705,10,7,2507.05,2,Champions,89.5,0
4706,262,1,25.5,0,Lost Customers,72.0,1
4707,722,1,424.3,0,Lost Customers,72.0,1
4708,424,1,474.03,0,Lost Customers,72.0,1
4709,159,2,665.78,0,Lost Customers,147.0,0
4710,389,1,481.58,0,Lost Customers,72.0,1
4711,33,10,16052.72,2,Champions,71.0,0
4712,664,1,174.95,0,Lost Customers,72.0,1
4713,29,8,1291.71,1,Loyal Customers,66.42857142857143,0
4714,165,3,499.9,3,At Risk,222.0,0
4715,47,2,459.58,1,Loyal Customers,378.0,0
4716,503,1,197.57,0,Lost Customers,72.0,1
4717,574,6,2305.59,3,At Risk,24.2,0
4718,6,8,801.12,1,Loyal Customers,46.57142857142857,0
4719,8,7,2761.4900000000002,2,Champions,120.66666666666667,0
4720,648,1,389.78,0,Lost Customers,72.0,1
4721,288,1,116.19999999999999,0,Lost Customers,72.0,1
4722,318,1,157.02,0,Lost Customers,72.0,1
4723,3,2,606.91,1,Loyal Customers,56.0,0
4724,233,1,307.46,0,Lost Customers,72.0,1
4725,403,1,314.74,0,Lost Customers,72.0,1
4726,119,4,570.5,3,At Risk,126.33333333333333,0
4727,162,3,977.17,3,At Risk,205.0,0
4728,185,1,294.24,0,Lost Customers,72.0,1
4729,50,1,230.5,0,Lost Customers,72.0,1
4730,152,9,2016.43,3,At Risk,39.0,0
4731,429,5,1155.0300000000002,3,At Risk,76.0,0
4732,335,1,157.09,0,Lost Customers,72.0,1
4733,520,1,31.85,0,Lost Customers,72.0,1
4734,5,5,2463.17,1,Loyal Customers,17.25,0
4735,452,2,1220.9099999999999,3,At Risk,36.0,0
4736,16,12,14622.33,2,Champions,55.18181818181818,0
4737,107,3,625.3,3,At Risk,167.0,0
4738,16,10,1722.18,2,Champions,62.111111111111114,0
4739,662,1,231.68,0,Lost Customers,72.0,1
4740,416,6,1099.81,3,At Risk,51.8,0
4741,276,7,4417.27,3,At Risk,65.66666666666667,0
4742,16,25,19566.76,2,Champions,28.083333333333332,0
4743,247,1,454.12,0,Lost Customers,72.0,1
4744,418,4,727.58,3,At Risk,88.66666666666667,0
4745,239,4,1275.25,3,At Risk,148.0,0
4746,417,2,880.97,0,Lost Customers,98.0,0
4747,1,2,984.57,1,Loyal Customers,83.0,0
4748,513,4,3120.91,3,At Risk,48.333333333333336,0
4749,106,13,5852.64,2,Champions,46.916666666666664,0
4750,23,9,3199.95,2,Champions,83.875,0
4751,52,1,124.88,0,Lost Customers,72.0,1
4752,451,1,143.10000000000002,0,Lost Customers,72.0,1
4753,377,6,1357.95,3,At Risk,70.8,0
4754,735,1,231.90000000000003,0,Lost Customers,72.0,1
4755,195,4,2016.5,3,At Risk,76.66666666666667,0
4756,24,1,213.78,1,Loyal Customers,72.0,1
4757,75,1,329.34,0,Lost Customers,72.0,1
4758,18,7,892.46,1,Loyal Customers,119.5,0
4759,492,1,591.87,0,Lost Customers,72.0,1
4760,8,19,5151.9,2,Champions,40.0,0
4761,32,5,1980.0,1,Loyal Customers,152.0,0
4762,22,5,2099.59,1,Loyal Customers,155.25,0
4763,31,17,10209.16,2,Champions,43.5,0
4764,444,1,856.01,0,Lost Customers,72.0,1
4765,29,10,1715.46,2,Champions,34.25,0
4766,22,4,699.78,1,Loyal Customers,217.33333333333334,0
4767,33,7,2467.35,2,Champions,39.666666666666664,0
4768,284,6,1794.32,3,At Risk,88.4,0
4769,39,2,206.34,1,Loyal Customers,165.0,0
4770,380,3,867.11,3,At Risk,32.0,0
4771,499,1,400.2,0,Lost Customers,72.0,1
4772,58,3,1156.73,1,Loyal Customers,260.0,0
4773,374,2,178.68,0,Lost Customers,14.0,0
4774,289,2,384.59,0,Lost Customers,372.0,0
4775,79,3,956.5699999999999,3,At Risk,323.5,0
4776,5,8,3766.6,2,Champions,17.714285714285715,0
4777,218,1,59.9,0,Lost Customers,72.0,1
4778,44,4,1443.69,1,Loyal Customers,83.33333333333333,0
4779,202,3,902.3199999999999,3,At Risk,237.5,0
4780,505,1,119.5,0,Lost Customers,72.0,1
4781,731,1,432.96,0,Lost Customers,72.0,1
4782,178,6,1507.26,3,At Risk,76.4,0
4783,56,11,2236.77,2,Champions,62.5,0
4784,57,3,309.85,1,Loyal Customers,269.0,0
4785,423,2,321.3,0,Lost Customers,295.0,0
4786,8,6,3347.31,2,Champions,19.0,0
4787,569,2,198.41000000000003,0,Lost Customers,161.0,0
4788,592,3,229.46,0,Lost Customers,3.0,0
4789,47,2,144.0,1,Loyal Customers,13.0,0
4790,227,2,467.71,0,Lost Customers,299.0,0
4791,11,13,4592.93,2,Champions,59.583333333333336,0
4792,106,5,953.63,3,At Risk,157.5,0
4793,59,7,1726.57,3,At Risk,97.33333333333333,0
4794,28,15,4310.34,2,Champions,50.285714285714285,0
4795,536,1,75.28,0,Lost Customers,72.0,1
4796,36,9,2310.04,2,Champions,87.5,0
4797,274,3,812.5,3,At Risk,127.5,0
4798,655,1,562.98,0,Lost Customers,72.0,1
4799,428,1,327.75,0,Lost Customers,72.0,1
4800,30,1,1013.01,1,Loyal Customers,72.0,1
4801,24,3,692.22,1,Loyal Customers,173.0,0
4802,582,1,135.04000000000002,0,Lost Customers,72.0,1
4803,387,4,356.71,0,Lost Customers,88.0,0
4804,54,4,1143.1,3,At Risk,204.0,0
4805,421,1,160.65,0,Lost Customers,72.0,1
4806,36,10,5564.09,2,Champions,39.0,0
4807,175,9,5504.6900000000005,3,At Risk,46.125,0
4808,54,3,999.35,1,Loyal Customers,255.0,0
4809,53,1,204.24,0,Lost Customers,72.0,1
4810,652,1,292.62,0,Lost Customers,72.0,1
4811,396,1,111.15,0,Lost Customers,72.0,1
4812,649,3,595.7,0,Lost Customers,43.5,0
4813,393,1,251.72,0,Lost Customers,72.0,1
4814,27,13,3773.35,2,Champions,53.38461538461539,0
4815,253,3,794.41,3,At Risk,116.5,0
4816,40,13,4869.400000000001,2,Champions,56.583333333333336,0
4817,60,6,1059.1200000000001,3,At Risk,59.2,0
4818,464,1,186.15,0,Lost Customers,72.0,1
4819,554,1,63.6,0,Lost Customers,72.0,1
4820,234,2,210.1,0,Lost Customers,385.0,0
4821,4,18,3891.39,2,Champions,39.470588235294116,0
4822,32,2,259.13,1,Loyal Customers,384.0,0
4823,24,21,4457.31,2,Champions,32.9,0
4824,7,5,976.62,1,Loyal Customers,149.5,0
4825,65,6,1579.51,3,At Risk,126.4,0
4826,310,3,558.04,0,Lost Customers,32.0,0
4827,501,1,100.86,0,Lost Customers,72.0,1
4828,582,1,131.15,0,Lost Customers,72.0,1
4829,309,3,895.47,3,At Risk,178.0,0
4830,19,12,1878.93,2,Champions,60.81818181818182,0
4831,16,13,2820.03,2,Champions,51.333333333333336,0
4832,96,2,318.76,0,Lost Customers,46.0,0
4833,264,18,9388.49,2,Champions,27.176470588235293,0
4834,12,25,7064.8,2,Champions,29.5,0
4835,3,2,417.77,1,Loyal Customers,11.0,0
4836,35,3,560.86,1,Loyal Customers,344.5,0
4837,183,1,149.89000000000001,0,Lost Customers,72.0,1
4838,25,8,1562.98,2,Champions,75.0,0
4839,13,12,1929.26,2,Champions,56.81818181818182,0
4840,11,4,994.13,1,Loyal Customers,123.33333333333333,0
4841,3,32,7331.67,2,Champions,23.322580645161292,0
4842,313,4,1189.45,3,At Risk,71.0,0
4843,596,1,130.6,0,Lost Customers,72.0,1
4844,385,12,2736.64,3,At Risk,24.636363636363637,0
4845,108,5,2889.28,3,At Risk,143.75,0
4846,1,69,20203.58,2,Champions,10.382352941176471,0
4847,53,5,1826.04,3,At Risk,170.0,0
4848,205,2,371.63,0,Lost Customers,484.0,0
4849,547,2,38.92,0,Lost Customers,191.0,0
4850,15,1,280.09000000000003,1,Loyal Customers,72.0,1
4851,120,2,500.54,0,Lost Customers,361.0,0
4852,429,1,68.03,0,Lost Customers,72.0,1
4853,4,2,381.97,1,Loyal Customers,257.0,0
4854,363,3,798.98,3,At Risk,181.0,0
4855,117,2,348.91,0,Lost Customers,69.0,0
4856,18,1,178.26,1,Loyal Customers,72.0,1
4857,5,3,469.48,1,Loyal Customers,198.0,0
4858,41,4,781.7,1,Loyal Customers,134.66666666666666,0
4859,107,5,498.93,3,At Risk,122.75,0
4860,436,2,189.78,0,Lost Customers,0.0,0
4861,397,2,417.3,0,Lost Customers,268.0,0
4862,148,6,1452.39,3,At Risk,101.0,0
4863,411,1,120.95,0,Lost Customers,72.0,1
4864,510,1,221.59,0,Lost Customers,72.0,1
4865,52,11,2488.76,2,Champions,66.9,0
4866,208,1,63.440000000000005,0,Lost Customers,72.0,1
4867,424,1,268.28,0,Lost Customers,72.0,1
4868,139,2,550.01,0,Lost Customers,41.0,0
4869,2,5,501.71999999999997,1,Loyal Customers,159.0,0
4870,127,2,317.2,0,Lost Customers,0.0,0
4871,108,11,1733.8899999999999,3,At Risk,62.1,0
4872,386,1,491.81,0,Lost Customers,72.0,1
4873,469,2,601.4499999999999,0,Lost Customers,262.0,0
4874,736,1,204.3,0,Lost Customers,72.0,1
4875,42,4,2148.63,3,At Risk,73.33333333333333,0
4876,424,1,141.12,0,Lost Customers,72.0,1
4877,35,2,573.22,1,Loyal Customers,360.0,0
4878,383,1,114.1,0,Lost Customers,72.0,1
4879,402,1,502.49,0,Lost Customers,72.0,1
4880,228,2,1065.3500000000001,3,At Risk,95.0,0
4881,241,2,271.24,0,Lost Customers,323.0,0
4882,58,1,187.82999999999998,0,Lost Customers,72.0,1
4883,438,1,118.85999999999999,0,Lost Customers,72.0,1
4884,374,6,797.8499999999999,3,At Risk,59.2,0
4885,130,5,2308.54,3,At Risk,104.0,0
4886,379,1,188.46,0,Lost Customers,72.0,1
4887,60,8,2788.06,3,At Risk,54.57142857142857,0
4888,628,2,407.94,0,Lost Customers,34.0,0
4889,22,3,389.18,1,Loyal Customers,189.0,0
4890,26,21,3826.86,2,Champions,35.1,0
4891,9,11,2468.43,2,Champions,38.0,0
4892,32,9,2041.8,2,Champions,75.625,0
4893,4,8,1487.96,2,Champions,102.71428571428571,0
4894,308,1,550.8000000000001,0,Lost Customers,72.0,1
4895,472,2,271.75,0,Lost Customers,107.0,0
4896,8,17,3750.63,2,Champions,45.0,0
4897,669,2,467.78999999999996,0,Lost Customers,0.0,0
4898,29,3,547.0,1,Loyal Customers,17.5,0
4899,730,1,338.13,0,Lost Customers,72.0,1
4900,17,1,128.18,1,Loyal Customers,72.0,1
4901,101,5,954.26,3,At Risk,134.75,0
4902,12,6,993.23,1,Loyal Customers,93.2,0
4903,391,2,393.64,0,Lost Customers,90.0,0
4904,21,2,294.39,1,Loyal Customers,603.0,0
4905,15,5,1135.63,1,Loyal Customers,72.25,0
4906,361,1,250.04,0,Lost Customers,72.0,1
4907,534,1,111.5,0,Lost Customers,72.0,1
4908,649,1,2135.46,3,At Risk,72.0,1
4909,11,21,9782.35,2,Champions,20.263157894736842,0
4910,395,11,3999.8900000000003,3,At Risk,29.0,0
4911,393,2,4511.76,3,At Risk,59.0,0
4912,95,3,320.39,0,Lost Customers,288.5,0
4913,387,2,1025.1,3,At Risk,147.0,0
4914,78,6,3566.56,3,At Risk,118.6,0
4915,139,3,644.3,3,At Risk,10.0,0
4916,31,1,2328.84,1,Loyal Customers,72.0,1
4917,25,17,4904.43,2,Champions,44.0,0
4918,2,43,9599.58,2,Champions,9.928571428571429,0
4919,420,1,124.45,0,Lost Customers,72.0,1
4920,46,3,2600.34,3,At Risk,21.0,0
4921,725,1,157.32999999999998,0,Lost Customers,72.0,1
4922,669,1,29.1,0,Lost Customers,72.0,1
4923,100,6,2444.85,3,At Risk,116.6,0
4924,8,6,1665.21,1,Loyal Customers,113.4,0
4925,376,5,922.59,3,At Risk,89.75,0
4926,15,12,1551.04,2,Champions,61.72727272727273,0
4927,18,12,2171.07,2,Champions,63.54545454545455,0
4928,280,3,609.5699999999999,3,At Risk,180.0,0
4929,408,2,312.35,0,Lost Customers,121.0,0
4930,410,2,152.35,0,Lost Customers,152.0,0
4931,673,1,104.7,0,Lost Customers,72.0,1
4932,14,5,998.53,1,Loyal Customers,180.0,0
4933,23,4,423.8,1,Loyal Customers,207.66666666666666,0
4934,124,1,175.2,0,Lost Customers,72.0,1
4935,528,5,838.27,3,At Risk,31.5,0
4936,86,1,494.25,0,Lost Customers,72.0,1
4937,302,3,635.15,3,At Risk,51.5,0
4938,384,2,497.04,0,Lost Customers,300.0,0
4939,472,1,81.12,0,Lost Customers,72.0,1
4940,151,4,1981.06,3,At Risk,52.333333333333336,0
4941,17,17,11889.33,2,Champions,38.4375,0
4942,94,3,302.36,0,Lost Customers,207.0,0
4943,30,18,19617.95,2,Champions,41.8,0
4944,157,5,1272.21,3,At Risk,95.5,0
4945,380,4,1227.54,3,At Risk,96.0,0
4946,355,6,1259.94,3,At Risk,75.8,0
4947,46,2,457.36,1,Loyal Customers,682.0,0
4948,15,10,1586.6299999999999,2,Champions,72.1,0
4949,4,26,4998.61,2,Champions,23.44,0
4950,86,1,228.96,0,Lost Customers,72.0,1
4951,15,9,2442.29,2,Champions,77.75,0
4952,179,5,772.41,3,At Risk,112.25,0
4953,8,7,1893.701,2,Champions,110.83333333333333,0
4954,36,12,1988.23,2,Champions,62.54545454545455,0
4955,696,1,36.25,0,Lost Customers,72.0,1
4956,129,4,3242.0,3,At Risk,164.66666666666666,0
4957,51,4,3133.96,3,At Risk,125.66666666666667,0
4958,386,1,273.31,0,Lost Customers,72.0,1
4959,312,5,946.47,3,At Risk,93.75,0
4960,24,2,384.39,1,Loyal Customers,0.0,0
4961,303,5,861.01,3,At Risk,87.25,0
4962,11,2,284.46,1,Loyal Customers,636.0,0
4963,17,6,1200.51,1,Loyal Customers,83.0,0
4964,49,5,871.79,1,Loyal Customers,156.5,0
4965,239,7,1024.04,3,At Risk,76.66666666666667,0
4966,395,3,920.46,3,At Risk,3.0,0
4967,1,28,11972.92,2,Champions,26.59259259259259,0
4968,13,15,8184.49,2,Champions,46.92857142857143,0
4969,432,2,1077.24,3,At Risk,23.0,0
4970,238,1,167.55,0,Lost Customers,72.0,1
4971,23,14,2758.29,2,Champions,53.46153846153846,0
4972,456,1,979.1999999999999,0,Lost Customers,72.0,1
4973,73,4,446.18,1,Loyal Customers,32.0,0
4974,17,6,655.37,1,Loyal Customers,142.6,0
4975,41,28,4347.31,2,Champions,25.25925925925926,0
4976,40,7,1167.5,3,At Risk,101.0,0
4977,219,3,727.11,3,At Risk,87.5,0
4978,199,4,660.55,3,At Risk,77.0,0
4979,71,4,453.64,1,Loyal Customers,150.0,0
4980,24,78,17644.27,2,Champions,8.779220779220779,0
4981,374,1,10.95,0,Lost Customers,72.0,1
4982,11,1,389.71999999999997,1,Loyal Customers,72.0,1
4983,434,3,645.0,3,At Risk,49.5,0
4984,9,38,36398.65,2,Champions,14.135135135135135,0
4985,65,8,902.28,3,At Risk,71.71428571428571,0
4986,4,2,304.09,1,Loyal Customers,449.0,0
4987,19,3,507.55,1,Loyal Customers,223.5,0
4988,15,1,256.11,1,Loyal Customers,72.0,1
4989,8,7,2812.77,2,Champions,62.5,0
4990,20,2,746.81,1,Loyal Customers,13.0,0
4991,78,11,2675.37,3,At Risk,64.6,0
4992,1,61,57215.33,2,Champions,11.816666666666666,0
4993,421,1,149.3,0,Lost Customers,72.0,1
4994,164,2,508.8,0,Lost Customers,0.0,0
4995,307,3,585.92,3,At Risk,71.5,0
4996,411,2,381.15,0,Lost Customers,77.0,0
4997,219,1,203.86999999999998,0,Lost Customers,72.0,1
4998,508,1,97.5,0,Lost Customers,72.0,1
4999,39,14,8409.6,2,Champions,36.18181818181818,0
5000,22,3,1198.28,1,Loyal Customers,197.0,0
5001,115,3,653.38,3,At Risk,69.5,0
5002,126,8,4623.28,3,At Risk,84.71428571428571,0
5003,541,1,114.85,0,Lost Customers,72.0,1
5004,5,23,4635.5599999999995,2,Champions,32.18181818181818,0
5005,36,2,382.87,1,Loyal Customers,414.0,0
5006,4,23,47781.12,2,Champions,31.09090909090909,0
5007,1,3,1031.41,1,Loyal Customers,74.0,0
5008,333,13,4186.95,3,At Risk,35.72727272727273,0
5009,412,1,552.9,0,Lost Customers,72.0,1
5010,163,3,316.09000000000003,0,Lost Customers,174.5,0
5011,185,10,7793.51,3,At Risk,60.111111111111114,0
5012,16,5,1214.72,1,Loyal Customers,49.25,0
5013,12,5,1425.38,1,Loyal Customers,180.5,0
5014,3,16,4220.22,2,Champions,48.46666666666667,0
5015,405,2,560.14,0,Lost Customers,165.0,0
5016,44,6,2249.52,3,At Risk,138.0,0
5017,80,1,507.84,0,Lost Customers,72.0,1
5018,30,22,17298.45,2,Champions,34.5,0
5019,549,1,164.18,0,Lost Customers,72.0,1
5020,42,3,670.0600000000001,1,Loyal Customers,172.0,0
5021,11,18,6126.25,2,Champions,39.05882352941177,0
5022,50,6,953.58,3,At Risk,87.25,0
5023,386,3,1059.41,3,At Risk,174.0,0
5024,16,11,3594.76,2,Champions,51.4,0
5025,46,3,1118.95,1,Loyal Customers,173.0,0
5026,19,2,759.17,1,Loyal Customers,41.0,0
5027,8,13,8077.77,2,Champions,54.166666666666664,0
5028,72,1,100.8,0,Lost Customers,72.0,1
5029,1,45,31466.760000000002,2,Champions,17.238095238095237,0
5030,128,5,1357.46,3,At Risk,74.75,0
5031,33,4,622.57,1,Loyal Customers,148.33333333333334,0
5032,313,1,403.3,0,Lost Customers,72.0,1
5033,18,9,1728.99,2,Champions,89.375,0
5034,88,2,569.96,1,Loyal Customers,297.0,0
5035,2,7,2373.82,2,Champions,13.333333333333334,0
5036,411,1,331.35,0,Lost Customers,72.0,1
5037,2,5,534.06,1,Loyal Customers,182.25,0
5038,530,1,369.68,0,Lost Customers,72.0,1
5039,254,5,1422.77,3,At Risk,96.5,0
5040,656,1,325.74,0,Lost Customers,72.0,1
5041,157,4,323.58,0,Lost Customers,130.33333333333334,0
5042,732,1,293.35,0,Lost Customers,72.0,1
5043,37,15,4620.3,2,Champions,44.142857142857146,0
5044,220,1,534.24,0,Lost Customers,72.0,1
5045,148,3,2940.04,3,At Risk,12.5,0
5046,177,2,120.9,0,Lost Customers,133.0,0
5047,40,2,541.53,1,Loyal Customers,31.0,0
5048,497,46,14523.67,2,Champions,3.1136363636363638,0
5049,2,13,4868.15,2,Champions,60.166666666666664,0
5050,8,51,244784.25,2,Champions,8.3,0
5051,1,7,1721.4,2,Champions,20.4,0
5052,18,2,486.71999999999997,1,Loyal Customers,46.0,0
5053,192,10,1547.94,3,At Risk,55.333333333333336,0
5054,204,1,131.7,0,Lost Customers,72.0,1
5055,365,2,975.5600000000001,3,At Risk,90.0,0
5056,127,14,5984.8099999999995,2,Champions,42.785714285714285,0
5057,15,2,529.58,1,Loyal Customers,366.0,0
5058,43,2,657.3,1,Loyal Customers,16.0,0
5059,94,16,2157.9700000000003,2,Champions,38.93333333333333,0
5060,23,3,735.82,1,Loyal Customers,3.0,0
5061,60,2,675.69,1,Loyal Customers,223.0,0
5062,16,7,2535.26,2,Champions,95.0,0
5063,158,3,907.14,3,At Risk,230.0,0
5064,426,7,2542.79,3,At Risk,51.333333333333336,0
5065,10,2,763.28,1,Loyal Customers,68.0,0
5066,395,1,102.6,0,Lost Customers,72.0,1
5067,10,3,194.8,1,Loyal Customers,182.0,0
5068,16,17,5051.25,2,Champions,43.8125,0
5069,45,11,2626.47,2,Champions,45.8,0
5070,475,1,321.65000000000003,0,Lost Customers,72.0,1
5071,191,4,922.35,3,At Risk,145.33333333333334,0
5072,409,2,607.0,0,Lost Customers,47.0,0
5073,600,1,1047.0,0,Lost Customers,72.0,1
5074,79,1,194.37,0,Lost Customers,72.0,1
5075,396,2,489.86,0,Lost Customers,341.0,0
5076,613,2,1144.3,3,At Risk,34.0,0
5077,408,2,1272.8,3,At Risk,225.0,0
5078,633,1,389.26000000000005,0,Lost Customers,72.0,1
5079,78,2,882.23,1,Loyal Customers,366.0,0
5080,4,4,1255.59,1,Loyal Customers,29.666666666666668,0
5081,487,2,775.64,0,Lost Customers,91.0,0
5082,65,4,591.73,1,Loyal Customers,115.66666666666667,0
5083,576,2,209.57,0,Lost Customers,47.0,0
5084,261,1,396.87,0,Lost Customers,72.0,1
5085,728,1,160.55,0,Lost Customers,72.0,1
5086,641,1,336.5,0,Lost Customers,72.0,1
5087,59,2,376.64,1,Loyal Customers,153.0,0
5088,1,9,2750.5,2,Champions,70.625,0
5089,1,17,5653.67,2,Champions,36.3125,0
5090,248,3,1122.42,3,At Risk,135.0,0
5091,385,1,100.91000000000001,0,Lost Customers,72.0,1
5092,502,1,54.699999999999996,0,Lost Customers,72.0,1
5093,8,3,806.72,1,Loyal Customers,191.5,0
5094,359,4,1412.89,3,At Risk,111.33333333333333,0
5095,390,2,287.25,0,Lost Customers,220.0,0
5096,76,1,272.22,0,Lost Customers,72.0,1
5097,290,2,1341.39,3,At Risk,271.0,0
5098,17,3,1138.0,1,Loyal Customers,6.0,0
5099,221,2,288.6,0,Lost Customers,0.0,0
5100,9,4,689.1,1,Loyal Customers,6.0,0
5101,3,2,558.96,1,Loyal Customers,35.0,0
5102,206,18,9490.17,2,Champions,26.88235294117647,0
5103,162,5,2435.48,3,At Risk,110.5,0
5104,76,1,302.2,0,Lost Customers,72.0,1
5105,262,2,605.58,0,Lost Customers,47.0,0
5106,281,8,4579.23,3,At Risk,64.0,0
5107,58,8,6083.64,2,Champions,0.7142857142857143,0
5108,25,2,514.56,1,Loyal Customers,395.0,0
5109,3,60,172132.87,2,Champions,11.733333333333333,0
5110,29,18,5467.820000000001,2,Champions,40.8235294117647,0
5111,72,3,1158.8,3,At Risk,203.0,0
5112,128,2,522.0,0,Lost Customers,541.0,0
5113,31,9,1602.51,2,Champions,64.5,0
5114,15,6,947.5,1,Loyal Customers,72.4,0
5115,309,1,153.94,0,Lost Customers,72.0,1
5116,426,2,329.42,0,Lost Customers,195.0,0
5117,17,15,4774.17,2,Champions,51.07142857142857,0
5118,54,1,546.81,1,Loyal Customers,72.0,1
5119,30,5,1278.06,1,Loyal Customers,100.5,0
5120,2,5,1070.71,1,Loyal Customers,53.75,0
5121,11,4,652.74,1,Loyal Customers,2.3333333333333335,0
5122,361,3,539.14,0,Lost Customers,38.0,0
5123,360,3,1161.9,3,At Risk,34.5,0
5124,5,12,3939.24,2,Champions,64.81818181818181,0
5125,54,4,939.37,1,Loyal Customers,54.333333333333336,0
5126,1,8,3628.5,2,Champions,9.571428571428571,0
5127,610,2,1240.25,3,At Risk,87.0,0
5128,1,12,2791.69,2,Champions,60.75,0
5129,190,3,1266.82,3,At Risk,213.5,0
5130,386,1,65.34,0,Lost Customers,72.0,1
5131,435,1,34.8,0,Lost Customers,72.0,1
5132,54,5,1668.83,3,At Risk,149.25,0
5133,280,1,164.4,0,Lost Customers,72.0,1
5134,177,3,364.83,0,Lost Customers,252.5,0
5135,30,2,887.67,1,Loyal Customers,273.0,0
5136,26,1,98.42,1,Loyal Customers,72.0,1
5137,618,4,1176.84,3,At Risk,35.666666666666664,0
5138,25,6,1590.6000000000001,1,Loyal Customers,114.6,0
5139,510,1,119.86,0,Lost Customers,72.0,1
5140,270,3,340.85,0,Lost Customers,185.5,0
5141,550,1,120.05,0,Lost Customers,72.0,1
5142,390,3,944.82,3,At Risk,0.0,0
5143,43,6,1409.8600000000001,3,At Risk,106.6,0
5144,376,2,727.85,0,Lost Customers,289.0,0
5145,234,4,731.26,3,At Risk,53.666666666666664,0
5146,24,2,148.86,1,Loyal Customers,27.0,0
5147,197,9,2506.64,3,At Risk,58.625,0
5148,359,1,290.34,0,Lost Customers,72.0,1
5149,60,12,2786.77,2,Champions,51.36363636363637,0
5150,130,4,3757.6,3,At Risk,160.33333333333334,0
5151,1,5,1952.45,1,Loyal Customers,36.25,0
5152,20,5,1045.74,1,Loyal Customers,141.0,0
5153,206,2,300.67,0,Lost Customers,173.0,0
5154,14,4,575.46,1,Loyal Customers,239.0,0
5155,393,1,259.17,0,Lost Customers,72.0,1
5156,513,1,167.62,0,Lost Customers,72.0,1
5157,95,8,1895.8,3,At Risk,80.14285714285714,0
5158,19,4,703.02,1,Loyal Customers,237.33333333333334,0
5159,14,7,1122.38,1,Loyal Customers,26.0,0
5160,578,2,392.38,0,Lost Customers,33.0,0
5161,24,3,454.01,1,Loyal Customers,27.5,0
5162,587,1,131.83,0,Lost Customers,72.0,1
5163,8,2,869.77,1,Loyal Customers,17.0,0
5164,7,9,4838.08,2,Champions,53.875,0
5165,633,1,374.45,0,Lost Customers,72.0,1
5166,332,1,344.14,0,Lost Customers,72.0,1
5167,382,1,100.0,0,Lost Customers,72.0,1
5168,50,5,1630.91,3,At Risk,122.75,0
5169,71,10,652.21,3,At Risk,72.11111111111111,0
5170,29,3,380.6,1,Loyal Customers,31.5,0
5171,243,1,185.65,0,Lost Customers,72.0,1
5172,667,1,171.7,0,Lost Customers,72.0,1
5173,8,41,8711.95,2,Champions,17.8,0
5174,645,2,348.75,0,Lost Customers,23.0,0
5175,218,7,1047.33,3,At Risk,51.5,0
5176,5,4,753.28,1,Loyal Customers,190.66666666666666,0
5177,253,5,541.02,3,At Risk,41.75,0
5178,1,43,17951.17,2,Champions,18.125,0
5179,236,5,1446.95,3,At Risk,96.25,0
5180,560,1,135.95,0,Lost Customers,72.0,1
5181,7,6,5309.42,2,Champions,135.0,0
5182,109,7,2064.71,3,At Risk,61.166666666666664,0
5183,619,1,167.4,0,Lost Customers,72.0,1
5184,628,1,176.71,0,Lost Customers,72.0,1
5185,100,7,2939.55,3,At Risk,89.0,0
5186,60,18,13837.94,2,Champions,33.8235294117647,0
5187,2,3,1468.02,1,Loyal Customers,18.5,0
5188,73,8,2339.32,3,At Risk,87.71428571428571,0
5189,739,1,148.3,0,Lost Customers,72.0,1
5190,4,11,8092.32,2,Champions,72.7,0
5191,85,4,2497.88,3,At Risk,172.66666666666666,0
5192,12,2,386.69,1,Loyal Customers,24.0,0
5193,23,13,4491.46,2,Champions,58.0,0
5194,214,5,3484.09,3,At Risk,91.75,0
5195,381,1,409.98,0,Lost Customers,72.0,1
5196,478,1,52.05,0,Lost Customers,72.0,1
5197,18,1,161.67000000000002,1,Loyal Customers,72.0,1
5198,239,2,413.08,0,Lost Customers,141.0,0
5199,2,14,7354.43,2,Champions,43.5,0
5200,78,4,1788.38,3,At Risk,216.66666666666666,0
5201,217,6,942.38,3,At Risk,92.0,0
5202,590,1,160.75,0,Lost Customers,72.0,1
5203,737,1,87.30000000000001,0,Lost Customers,72.0,1
5204,376,1,333.81,0,Lost Customers,72.0,1
5205,33,4,488.06,1,Loyal Customers,191.0,0
5206,41,11,1887.8999999999999,2,Champions,56.4,0
5207,540,5,1511.94,3,At Risk,48.0,0
5208,7,28,8337.53,2,Champions,26.555555555555557,0
5209,53,18,5394.86,2,Champions,39.0,0
5210,23,14,4544.55,2,Champions,21.384615384615383,0
5211,57,1,386.32,1,Loyal Customers,72.0,1
5212,130,6,721.8,3,At Risk,70.4,0
5213,174,4,734.4,3,At Risk,92.0,0
5214,559,1,385.19,0,Lost Customers,72.0,1
5215,6,11,4001.64,2,Champions,67.4,0
5216,312,1,214.37,0,Lost Customers,72.0,1
5217,60,1,81.44,0,Lost Customers,72.0,1
5218,21,6,3175.12,2,Champions,81.6,0
5219,598,2,1130.21,3,At Risk,0.0,0
5220,33,7,2365.77,2,Champions,115.0,0
5221,15,4,1568.63,1,Loyal Customers,234.66666666666666,0
5222,18,8,5978.9,2,Champions,100.42857142857143,0
5223,603,1,254.0,0,Lost Customers,72.0,1
5224,479,1,296.36,0,Lost Customers,72.0,1
5225,81,1,75.75,0,Lost Customers,72.0,1
5226,6,10,2455.52,2,Champions,45.77777777777778,0
5227,170,2,503.59999999999997,0,Lost Customers,62.0,0
5228,2,7,998.49,1,Loyal Customers,121.0,0
5229,31,7,2057.39,2,Champions,59.333333333333336,0
5230,36,9,2358.59,2,Champions,37.125,0
5231,424,3,1265.58,3,At Risk,82.5,0
5232,19,1,285.56,1,Loyal Customers,72.0,1
5233,31,2,547.0600000000001,1,Loyal Customers,83.0,0
5234,647,2,842.4,0,Lost Customers,74.0,0
5235,276,6,615.17,3,At Risk,41.0,0
5236,87,6,3168.94,3,At Risk,107.6,0
5237,120,5,1824.49,3,At Risk,153.0,0
5238,373,2,439.7,0,Lost Customers,132.0,0
5239,1,20,6028.6,2,Champions,34.26315789473684,0
5240,219,12,3898.79,3,At Risk,45.36363636363637,0
5241,65,3,331.65999999999997,1,Loyal Customers,302.0,0
5242,61,5,2216.37,3,At Risk,80.75,0
5243,138,3,1578.89,3,At Risk,166.5,0
5244,21,1,166.08,1,Loyal Customers,72.0,1
5245,12,16,5703.52,2,Champions,33.93333333333333,0
5246,25,12,4867.72,2,Champions,22.818181818181817,0
5247,37,4,1207.56,1,Loyal Customers,27.333333333333332,0
5248,277,1,117.55,0,Lost Customers,72.0,1
5249,11,9,2976.38,2,Champions,50.125,0
5250,73,5,1674.69,3,At Risk,13.5,0
5251,430,1,126.0,0,Lost Customers,72.0,1
5252,26,2,595.42,1,Loyal Customers,185.0,0
5253,17,14,3586.9900000000002,2,Champions,27.923076923076923,0
5254,141,2,342.22,0,Lost Customers,595.0,0
5255,662,2,412.92,0,Lost Customers,60.0,0
5256,26,17,5175.83,2,Champions,38.3125,0
5257,19,4,1166.23,1,Loyal Customers,200.0,0
5258,493,1,563.1,0,Lost Customers,72.0,1
5259,4,5,2047.8,1,Loyal Customers,130.25,0
5260,66,9,3950.7,2,Champions,73.0,0
5261,1,2,347.75,1,Loyal Customers,36.0,0
5262,43,10,6142.35,2,Champions,63.111111111111114,0
5263,228,1,205.7,0,Lost Customers,72.0,1
5264,16,5,2009.16,1,Loyal Customers,89.75,0
5265,50,7,5778.63,2,Champions,104.83333333333333,0
5266,2,13,4173.88,2,Champions,52.0,0
5267,74,2,551.04,1,Loyal Customers,294.0,0
5268,1,70,37642.48,2,Champions,10.130434782608695,0
5269,4,10,2448.64,2,Champions,67.88888888888889,0
5270,2,54,35058.46,2,Champions,13.320754716981131,0
5271,264,2,599.76,0,Lost Customers,339.0,0
5272,53,7,3577.61,3,At Risk,113.5,0
5273,24,3,497.45,1,Loyal Customers,243.0,0
5274,597,5,731.2,3,At Risk,23.75,0
5275,10,11,4065.28,2,Champions,62.8,0
5276,386,3,819.01,3,At Risk,83.5,0
5277,44,1,239.41,1,Loyal Customers,72.0,1
5278,17,12,5454.95,2,Champions,58.63636363636363,0
5279,7,9,8296.81,2,Champions,65.375,0
5280,421,1,432.68,0,Lost Customers,72.0,1
5281,394,1,304.2,0,Lost Customers,72.0,1
5282,388,2,317.08,0,Lost Customers,85.0,0
5283,30,20,6963.8,2,Champions,33.421052631578945,0
5284,358,4,637.5500000000001,3,At Risk,62.333333333333336,0
5285,127,12,2975.8,3,At Risk,37.0,0
5286,137,1,200.47,0,Lost Customers,72.0,1
5287,142,3,1695.97,3,At Risk,210.5,0
5288,132,5,1746.04,3,At Risk,136.75,0
5289,38,27,7679.59,2,Champions,26.076923076923077,0
5290,236,1,338.95,0,Lost Customers,72.0,1
5291,261,1,154.95,0,Lost Customers,72.0,1
5292,477,2,442.0,0,Lost Customers,84.0,0
5293,17,14,6679.97,2,Champions,55.15384615384615,0
5294,253,1,417.95,0,Lost Customers,72.0,1
5295,30,6,3144.04,2,Champions,73.6,0
5296,35,4,1094.84,1,Loyal Customers,127.33333333333333,0
5297,169,2,885.19,3,At Risk,71.0,0
5298,3,11,2083.9,2,Champions,56.8,0
5299,4,31,20272.15,2,Champions,24.071428571428573,0
5300,185,8,609.3000000000001,3,At Risk,77.71428571428571,0
5301,188,4,884.1800000000001,3,At Risk,78.33333333333333,0
5302,170,5,671.01,3,At Risk,107.75,0
5303,424,1,293.5,0,Lost Customers,72.0,1
5304,11,2,385.1,1,Loyal Customers,279.0,0
5305,45,1,522.91,1,Loyal Customers,72.0,1
5306,382,4,1198.09,3,At Risk,55.333333333333336,0
5307,321,5,1410.18,3,At Risk,48.0,0
5308,201,2,489.59999999999997,0,Lost Customers,392.0,0
5309,23,24,15956.97,2,Champions,30.652173913043477,0
5310,421,1,376.92,0,Lost Customers,72.0,1
5311,232,2,439.18,0,Lost Customers,412.0,0
5312,38,15,5396.04,2,Champions,14.928571428571429,0
5313,26,10,2666.91,2,Champions,60.888888888888886,0
5314,659,1,307.21000000000004,0,Lost Customers,72.0,1
5315,96,5,3520.2200000000003,3,At Risk,69.5,0
5316,127,7,3378.4000000000005,3,At Risk,41.0,0
5317,71,3,1033.0,3,At Risk,33.5,0
5318,16,11,3439.08,2,Champions,24.5,0
5319,395,7,1092.06,3,At Risk,47.5,0
5320,15,1,1060.25,1,Loyal Customers,72.0,1
5321,4,5,4238.76,2,Champions,112.0,0
5322,596,1,438.65000000000003,0,Lost Customers,72.0,1
5323,3,20,7773.8,2,Champions,30.42105263157895,0
5324,79,6,1708.99,3,At Risk,117.6,0
5325,373,8,2166.42,3,At Risk,16.142857142857142,0
5326,39,2,692.19,1,Loyal Customers,222.0,0
5327,54,6,1442.32,3,At Risk,117.2,0
5328,2,26,16790.33,2,Champions,19.2,0
5329,9,3,377.44,1,Loyal Customers,51.5,0
5330,9,2,168.24,1,Loyal Customers,49.0,0
5331,19,13,4183.56,2,Champions,50.666666666666664,0
5332,12,18,7730.59,2,Champions,42.05882352941177,0
5333,389,6,426.9,3,At Risk,61.2,0
5334,407,2,101.1,0,Lost Customers,153.0,0
5335,113,11,2098.48,3,At Risk,62.0,0
5336,448,1,229.2,0,Lost Customers,72.0,1
5337,4,7,2649.14,2,Champions,62.5,0
5338,478,2,600.34,0,Lost Customers,78.0,0
5339,240,4,904.1800000000001,3,At Risk,123.33333333333333,0
5340,113,1,71.4,0,Lost Customers,72.0,1
5341,527,1,358.15,0,Lost Customers,72.0,1
5342,178,3,1026.18,3,At Risk,183.5,0
5343,5,9,1710.45,2,Champions,19.25,0
5344,421,1,157.85999999999999,0,Lost Customers,72.0,1
5345,359,1,80.64,0,Lost Customers,72.0,1
5346,464,4,382.06,0,Lost Customers,79.0,0
5347,1,13,4451.22,2,Champions,60.166666666666664,0
5348,376,3,728.75,3,At Risk,8.5,0
5349,1,56,9074.05,2,Champions,12.10909090909091,0
5350,19,12,4964.03,2,Champions,45.416666666666664,0
5351,17,5,1261.88,1,Loyal Customers,141.25,0
5352,22,6,746.39,1,Loyal Customers,125.2,0
5353,33,1,712.78,1,Loyal Customers,72.0,1
5354,456,1,129.75,0,Lost Customers,72.0,1
5355,263,4,86.15,0,Lost Customers,131.66666666666666,0
5356,51,5,1513.57,3,At Risk,171.0,0
5357,159,4,524.0,3,At Risk,96.33333333333333,0
5358,381,2,299.61,0,Lost Customers,0.0,0
5359,15,2,413.05,1,Loyal Customers,394.0,0
5360,8,7,3292.73,2,Champions,121.16666666666667,0
5361,13,17,7053.38,2,Champions,41.6875,0
5362,199,5,1143.27,3,At Risk,20.5,0
5363,57,4,387.41,1,Loyal Customers,177.0,0
5364,11,3,360.75,1,Loyal Customers,190.5,0
5365,514,2,575.37,0,Lost Customers,175.0,0
5366,97,9,3273.83,3,At Risk,71.0,0
5367,255,1,56.4,0,Lost Customers,72.0,1
5368,387,2,330.56,0,Lost Customers,336.0,0
5369,25,3,647.56,1,Loyal Customers,37.0,0
5370,662,1,197.70000000000002,0,Lost Customers,72.0,1
5371,21,3,650.32,1,Loyal Customers,60.5,0
5372,667,3,346.56,0,Lost Customers,8.5,0
5373,159,2,188.02,0,Lost Customers,93.0,0
5374,383,2,679.02,0,Lost Customers,0.0,0
5375,72,3,376.96,1,Loyal Customers,219.5,0
5376,550,1,112.86,0,Lost Customers,72.0,1
5377,53,3,403.38,1,Loyal Customers,255.5,0
5378,85,2,266.85,0,Lost Customers,231.0,0
5379,153,4,1817.54,3,At Risk,72.0,0
5380,74,2,1117.9,1,Loyal Customers,55.0,0
5381,281,2,397.15,0,Lost Customers,379.0,0
5382,27,20,2779.41,2,Champions,26.736842105263158,0
5383,30,1,106.1,1,Loyal Customers,72.0,1
5384,467,2,368.35,0,Lost Customers,11.0,0
5385,25,1,300.34,1,Loyal Customers,72.0,1
5386,687,2,147.3,0,Lost Customers,1.0,0
5387,180,2,342.83,0,Lost Customers,85.0,0
5388,40,7,1236.39,3,At Risk,63.166666666666664,0
5389,22,8,1971.87,2,Champions,99.85714285714286,0
5390,582,1,178.07,0,Lost Customers,72.0,1
5391,22,20,6246.93,2,Champions,34.75,0
5392,37,9,1187.21,3,At Risk,36.625,0
5393,451,3,770.03,3,At Risk,120.0,0
5394,82,10,4946.22,2,Champions,71.22222222222223,0
5395,392,1,184.66,0,Lost Customers,72.0,1
5396,376,3,383.78000000000003,0,Lost Customers,181.0,0
5397,74,2,927.03,1,Loyal Customers,536.0,0
5398,11,1,546.04,1,Loyal Customers,72.0,1
5399,395,3,437.87,0,Lost Customers,154.5,0
5400,549,4,262.64,0,Lost Customers,10.0,0
5401,16,20,10085.89,2,Champions,37.526315789473685,0
5402,669,2,373.16,0,Lost Customers,15.0,0
5403,4,47,9519.8,2,Champions,9.065217391304348,0
5404,13,7,911.99,1,Loyal Customers,85.66666666666667,0
5405,14,5,1698.07,1,Loyal Customers,14.0,0
5406,375,2,1609.37,3,At Risk,47.0,0
5407,393,1,591.96,0,Lost Customers,72.0,1
5408,37,6,96.11,1,Loyal Customers,137.0,0
5409,4,6,788.15,1,Loyal Customers,83.2,0
5410,738,1,124.78,0,Lost Customers,72.0,1
5411,72,12,6021.05,2,Champions,59.0,0
5412,374,1,180.60999999999999,0,Lost Customers,72.0,1
5413,406,1,334.62,0,Lost Customers,72.0,1
5414,420,5,2162.93,3,At Risk,35.0,0
5415,421,2,449.25,0,Lost Customers,0.0,0
5416,51,1,298.4,1,Loyal Customers,72.0,1
5417,599,4,701.96,3,At Risk,42.0,0
5418,374,1,133.34,0,Lost Customers,72.0,1
5419,5,6,2376.17,2,Champions,122.8,0
5420,23,4,1820.09,1,Loyal Customers,53.666666666666664,0
5421,299,5,4756.74,3,At Risk,88.75,0
5422,2,3,398.7,1,Loyal Customers,143.5,0
5423,33,1,35.400000000000006,0,Lost Customers,72.0,1
5424,50,1,155.37,0,Lost Customers,72.0,1
5425,723,1,338.46000000000004,0,Lost Customers,72.0,1
5426,415,2,689.6700000000001,0,Lost Customers,30.0,0
5427,3,3,342.24,1,Loyal Customers,10.0,0
5428,47,1,110.21000000000001,0,Lost Customers,72.0,1
5429,42,8,1541.23,3,At Risk,16.857142857142858,0
5430,27,13,5604.64,2,Champions,49.833333333333336,0
5431,42,1,318.15,1,Loyal Customers,72.0,1
5432,444,1,175.9,0,Lost Customers,72.0,1
5433,2,211,68545.25,2,Champions,3.033333333333333,0
5434,602,1,430.69,0,Lost Customers,72.0,1
5435,303,2,320.4,0,Lost Customers,108.0,0
5436,107,1,51.559999999999995,0,Lost Customers,72.0,1
5437,555,4,596.09,3,At Risk,7.0,0
5438,85,1,2033.1,3,At Risk,72.0,1
5439,516,2,129.69,0,Lost Customers,129.0,0
5440,81,30,3559.11,2,Champions,21.96551724137931,0
5441,218,8,1063.76,3,At Risk,59.285714285714285,0
5442,372,155,51208.87,2,Champions,2.32,0
5443,422,6,1552.35,3,At Risk,62.2,0
5444,12,5,657.8100000000001,1,Loyal Customers,179.75,0
5445,407,3,1596.29,3,At Risk,164.0,0
5446,185,6,1068.5,3,At Risk,108.8,0
5447,373,1,208.97,0,Lost Customers,72.0,1
5448,2,4,1418.03,1,Loyal Customers,92.66666666666667,0
5449,4,24,27347.04,2,Champions,27.217391304347824,0
5450,6,30,12518.65,2,Champions,24.620689655172413,0
5451,305,1,141.92000000000002,0,Lost Customers,72.0,1
5452,369,4,717.39,3,At Risk,119.33333333333333,0
5453,3,18,5088.29,2,Champions,42.294117647058826,0
5454,324,4,1254.89,3,At Risk,79.66666666666667,0
5455,59,12,5360.48,2,Champions,53.45454545454545,0
5456,13,5,876.57,1,Loyal Customers,103.25,0
5457,31,46,26312.190000000002,2,Champions,15.422222222222222,0
5458,143,3,1134.95,3,At Risk,290.5,0
5459,30,15,1582.0500000000002,2,Champions,50.142857142857146,0
5460,386,1,227.15,0,Lost Customers,72.0,1
5461,107,7,813.64,3,At Risk,73.0,0
5462,2,13,2753.29,2,Champions,31.25,0
5463,205,5,1068.95,3,At Risk,121.75,0
5464,382,1,235.87,0,Lost Customers,72.0,1
5465,80,18,6265.33,2,Champions,37.529411764705884,0
5466,185,6,683.46,3,At Risk,13.8,0
5467,688,1,167.1,0,Lost Customers,72.0,1
5468,400,3,3424.02,3,At Risk,137.5,0
5469,170,1,237.61,0,Lost Customers,72.0,1
5470,44,3,1378.93,1,Loyal Customers,175.5,0
5471,174,1,178.51999999999998,0,Lost Customers,72.0,1
5472,365,3,824.9200000000001,3,At Risk,182.0,0
5473,304,1,133.35000000000002,0,Lost Customers,72.0,1
5474,379,2,291.56,0,Lost Customers,0.0,0
5475,3,7,988.42,1,Loyal Customers,107.83333333333333,0
5476,4,20,2698.47,2,Champions,36.15,0
5477,12,1,156.34,1,Loyal Customers,72.0,1
5478,32,6,1572.55,1,Loyal Customers,110.8,0
5479,129,1,111.35,0,Lost Customers,72.0,1
5480,21,25,1807.44,2,Champions,28.5,0
5481,212,7,746.42,3,At Risk,67.33333333333333,0
5482,323,2,586.89,0,Lost Customers,38.0,0
5483,162,1,203.85999999999999,0,Lost Customers,72.0,1
5484,56,3,244.1,1,Loyal Customers,49.5,0
5485,225,1,107.21,0,Lost Customers,72.0,1
5486,72,18,2304.58,2,Champions,22.823529411764707,0
5487,44,1,95.45,0,Lost Customers,72.0,1
5488,23,1,256.32,1,Loyal Customers,72.0,1
5489,173,9,2099.89,3,At Risk,50.0,0
5490,85,4,299.18,1,Loyal Customers,160.0,0
5491,159,1,154.55,0,Lost Customers,72.0,1
5492,190,2,112.19999999999999,0,Lost Customers,0.0,0
5493,29,3,260.08,1,Loyal Customers,246.0,0
5494,547,1,216.39999999999998,0,Lost Customers,72.0,1
5495,394,1,381.09000000000003,0,Lost Customers,72.0,1
5496,21,1,181.07,1,Loyal Customers,72.0,1
5497,71,13,2178.87,2,Champions,50.25,0
5498,247,1,72.9,0,Lost Customers,72.0,1
5499,641,1,291.76,0,Lost Customers,72.0,1
5500,374,5,1142.47,3,At Risk,87.5,0
5501,737,1,110.05,0,Lost Customers,72.0,1
5502,726,1,261.7,0,Lost Customers,72.0,1
5503,9,1,366.23,1,Loyal Customers,72.0,1
5504,310,6,374.55,3,At Risk,12.6,0
5505,59,14,3429.29,2,Champions,51.69230769230769,0
5506,4,1,329.36,1,Loyal Customers,72.0,1
5507,551,1,225.78,0,Lost Customers,72.0,1
5508,629,2,43.87,0,Lost Customers,104.0,0
5509,45,3,335.03,1,Loyal Customers,158.0,0
5510,501,3,396.39,0,Lost Customers,2.0,0
5511,88,2,1840.32,3,At Risk,350.0,0
5512,4,54,23581.78,2,Champions,13.283018867924529,0
5513,64,10,2394.36,3,At Risk,49.22222222222222,0
5514,543,1,170.4,0,Lost Customers,72.0,1
5515,282,3,497.0,0,Lost Customers,130.5,0
5516,12,8,3257.7000000000003,2,Champions,57.142857142857146,0
5517,373,1,244.08,0,Lost Customers,72.0,1
5518,133,5,1035.49,3,At Risk,111.0,0
5519,722,1,294.0,0,Lost Customers,72.0,1
5520,45,3,341.24,1,Loyal Customers,262.5,0
5521,11,12,3082.1,2,Champions,71.5,0
5522,36,13,4275.22,2,Champions,50.333333333333336,0
5523,134,14,3402.24,3,At Risk,40.07692307692308,0
5524,29,3,1331.57,1,Loyal Customers,90.5,0
5525,632,1,114.69,0,Lost Customers,72.0,1
5526,52,3,1049.15,1,Loyal Customers,177.0,0
5527,138,7,686.14,3,At Risk,99.0,0
5528,5,1,380.13,1,Loyal Customers,72.0,1
5529,9,7,4301.22,2,Champions,58.666666666666664,0
5530,420,1,144.29,0,Lost Customers,72.0,1
5531,160,1,99.14,0,Lost Customers,72.0,1
5532,49,16,30306.79,2,Champions,45.333333333333336,0
5533,131,4,1433.28,3,At Risk,190.0,0
5534,8,1,77.50000000000001,1,Loyal Customers,72.0,1
5535,423,1,74.99,0,Lost Customers,72.0,1
5536,697,3,360.35,0,Lost Customers,0.0,0
5537,233,2,149.57999999999998,0,Lost Customers,26.0,0
5538,37,1,176.68,1,Loyal Customers,72.0,1
5539,147,1,358.56000000000006,0,Lost Customers,72.0,1
5540,1,118,117314.08,2,Champions,6.086956521739131,0
5541,72,7,1166.29,3,At Risk,104.83333333333333,0
5542,40,4,1340.5800000000002,1,Loyal Customers,121.0,0
5543,378,4,788.46,3,At Risk,54.333333333333336,0
5544,540,1,159.17000000000002,0,Lost Customers,72.0,1
5545,5,19,3804.38,2,Champions,39.833333333333336,0
5546,199,6,949.9,3,At Risk,93.0,0
5547,249,1,12.75,0,Lost Customers,72.0,1
5548,66,1,111.68,0,Lost Customers,72.0,1
5549,117,2,973.88,3,At Risk,611.0,0
5550,592,1,140.75,0,Lost Customers,72.0,1
5551,171,3,135.08,0,Lost Customers,234.5,0
5552,21,100,2866.74,2,Champions,6.808080808080808,0
5553,142,4,666.96,3,At Risk,184.0,0
5554,471,4,643.16,3,At Risk,72.0,0
5555,32,2,463.21,1,Loyal Customers,340.0,0
5556,38,29,7006.65,2,Champions,24.071428571428573,0
5557,38,10,1963.92,2,Champions,72.22222222222223,0
5558,372,2,223.42,0,Lost Customers,44.0,0
5559,374,4,590.4399999999999,3,At Risk,46.0,0
5560,166,20,2354.29,3,At Risk,29.31578947368421,0
5561,211,1,562.79,0,Lost Customers,72.0,1
5562,548,1,161.94,0,Lost Customers,72.0,1
5563,242,1,135.19,0,Lost Customers,72.0,1
5564,52,1,337.04,1,Loyal Customers,72.0,1
5565,25,6,1739.09,1,Loyal Customers,76.0,0
5566,15,24,6696.33,2,Champions,20.043478260869566,0
5567,372,1,321.79,0,Lost Customers,72.0,1
5568,29,2,1511.45,1,Loyal Customers,370.0,0
5569,365,4,1159.99,3,At Risk,121.66666666666667,0
5570,36,4,732.41,1,Loyal Customers,74.33333333333333,0
5571,166,4,1012.72,3,At Risk,75.33333333333333,0
5572,411,1,239.12,0,Lost Customers,72.0,1
5573,681,1,138.18,0,Lost Customers,72.0,1
5574,395,1,171.71,0,Lost Customers,0.0,0
5575,145,5,1152.19,3,At Risk,147.75,0
5576,22,1,631.35,1,Loyal Customers,72.0,1
5577,56,1,20.8,0,Lost Customers,72.0,1
5578,185,5,965.4399999999999,3,At Risk,91.0,0
5579,12,14,489.54,1,Loyal Customers,55.07692307692308,0
5580,379,1,207.32999999999998,0,Lost Customers,72.0,1
5581,237,6,1527.6100000000001,3,At Risk,98.6,0
5582,225,3,300.3,0,Lost Customers,182.5,0
5583,389,1,252.88,0,Lost Customers,72.0,1
5584,617,1,225.99,0,Lost Customers,72.0,1
5585,122,11,2270.0299999999997,3,At Risk,49.5,0
5586,282,3,495.48,0,Lost Customers,52.0,0
5587,380,3,482.33,0,Lost Customers,83.0,0
5588,74,8,1962.46,3,At Risk,12.142857142857142,0
5589,380,3,639.24,3,At Risk,178.5,0
5590,37,3,528.46,1,Loyal Customers,170.5,0
5591,564,1,124.25,0,Lost Customers,72.0,1
5592,12,6,924.14,1,Loyal Customers,144.4,0
5593,376,4,244.37,0,Lost Customers,118.0,0
5594,376,1,353.51,0,Lost Customers,72.0,1
5595,362,1,157.92,0,Lost Customers,72.0,1
5596,4,2,226.47,1,Loyal Customers,43.0,0
5597,23,4,969.51,1,Loyal Customers,232.66666666666666,0
5598,393,1,215.22,0,Lost Customers,72.0,1
5599,70,23,19759.079999999998,2,Champions,28.227272727272727,0
5600,235,8,2144.23,3,At Risk,59.142857142857146,0
5601,257,1,174.8,0,Lost Customers,72.0,1
5602,373,2,410.79,0,Lost Customers,194.0,0
5603,723,1,115.3,0,Lost Customers,72.0,1
5604,155,2,187.29,0,Lost Customers,0.0,0
5605,28,1,162.22,1,Loyal Customers,72.0,1
5606,4,1,120.03,1,Loyal Customers,72.0,1
5607,32,7,1954.56,3,At Risk,107.5,0
5608,81,4,688.0,3,At Risk,116.33333333333333,0
5609,108,4,297.99,0,Lost Customers,103.66666666666667,0
5610,52,1,38.45,0,Lost Customers,72.0,1
5611,544,1,190.48000000000002,0,Lost Customers,72.0,1
5612,510,2,216.41,0,Lost Customers,2.0,0
5613,36,5,1507.25,1,Loyal Customers,127.0,0
5614,153,2,389.78,0,Lost Customers,0.0,0
5615,380,6,1177.72,3,At Risk,47.4,0
5616,501,2,2074.07,3,At Risk,4.0,0
5617,99,1,115.31,0,Lost Customers,72.0,1
5618,583,1,192.05,0,Lost Customers,72.0,1
5619,642,1,433.77,0,Lost Customers,72.0,1
5620,4,2,230.64999999999998,1,Loyal Customers,38.0,0
5621,379,1,451.3,0,Lost Customers,72.0,1
5622,334,1,73.5,0,Lost Customers,72.0,1
5623,65,1,93.82000000000001,0,Lost Customers,72.0,1
5624,22,3,754.2,1,Loyal Customers,176.5,0
5625,36,5,1260.23,1,Loyal Customers,87.25,0
5626,32,11,1545.49,2,Champions,68.6,0
5627,154,15,167.42,3,At Risk,41.214285714285715,0
5628,556,1,141.48,0,Lost Customers,72.0,1
5629,374,4,548.22,3,At Risk,88.33333333333333,0
5630,19,2,357.20000000000005,1,Loyal Customers,226.0,0
5631,12,38,8018.7699999999995,2,Champions,17.972972972972972,0
5632,54,2,281.15,1,Loyal Customers,488.0,0
5633,25,3,529.29,1,Loyal Customers,171.0,0
5634,4,18,3505.61,2,Champions,32.05882352941177,0
5635,45,1,178.34,0,Lost Customers,72.0,1
5636,650,1,189.63,0,Lost Customers,72.0,1
5637,381,2,326.09,0,Lost Customers,0.0,0
5638,203,3,394.93,0,Lost Customers,145.0,0
5639,437,2,500.92,0,Lost Customers,153.0,0
5640,359,2,412.06,0,Lost Customers,33.0,0
5641,634,7,2282.28,3,At Risk,15.5,0
5642,565,1,10877.18,3,At Risk,72.0,1
5643,71,3,571.07,1,Loyal Customers,227.5,0
5644,393,1,176.5,0,Lost Customers,72.0,1
5645,7,14,10142.64,2,Champions,30.692307692307693,0
5646,288,2,554.6,0,Lost Customers,330.0,0
5647,393,3,1188.46,3,At Risk,148.5,0
5648,10,3,774.06,1,Loyal Customers,328.5,0
5649,23,3,306.46,1,Loyal Customers,22.0,0
5650,408,2,1185.46,3,At Risk,156.0,0
5651,22,28,6083.81,2,Champions,25.962962962962962,0
5652,173,6,1632.67,3,At Risk,84.2,0
5653,391,2,186.60000000000002,0,Lost Customers,242.0,0
5654,133,11,4481.83,3,At Risk,53.9,0
5655,6,29,5866.63,2,Champions,28.72,0
5656,75,3,1440.4,3,At Risk,169.5,0
5657,40,1,396.33,1,Loyal Customers,72.0,1
5658,289,1,101.69999999999999,0,Lost Customers,72.0,1
5659,26,11,4464.92,2,Champions,61.8,0
5660,669,1,314.1,0,Lost Customers,72.0,1
5661,258,6,1169.68,3,At Risk,95.2,0
5662,186,1,247.44,0,Lost Customers,72.0,1
5663,114,12,3859.82,3,At Risk,7.181818181818182,0
5664,374,2,1019.44,3,At Risk,131.0,0
5665,23,20,5783.29,2,Champions,24.473684210526315,0
5666,380,1,151.49,0,Lost Customers,72.0,1
5667,8,18,4078.79,2,Champions,42.05882352941177,0
5668,217,4,725.53,3,At Risk,136.33333333333334,0
5669,45,5,4203.93,3,At Risk,111.0,0
5670,19,2,1231.5,1,Loyal Customers,223.0,0
5671,36,3,343.45,1,Loyal Customers,48.5,0
5672,26,1,680.84,1,Loyal Customers,72.0,1
5673,398,1,463.53,0,Lost Customers,72.0,1
5674,16,3,795.2299999999999,1,Loyal Customers,185.5,0
5675,330,4,1341.8500000000001,3,At Risk,99.0,0
5676,274,1,101.34,0,Lost Customers,72.0,1
5677,98,17,14761.519999999999,2,Champions,39.5625,0
5678,61,1,166.03,0,Lost Customers,72.0,1
5679,447,1,428.45,0,Lost Customers,72.0,1
5680,422,1,321.9,0,Lost Customers,72.0,1
5681,593,1,360.85,0,Lost Customers,72.0,1
5682,2,18,14693.72,2,Champions,42.588235294117645,0
5683,93,8,4452.71,3,At Risk,74.57142857142857,0
5684,82,13,6391.52,2,Champions,51.25,0
5685,313,5,2303.09,3,At Risk,71.25,0
5686,12,6,1657.87,1,Loyal Customers,99.8,0
5687,8,11,4627.92,2,Champions,71.1,0
5688,396,1,527.94,0,Lost Customers,72.0,1
5689,127,1,168.31,0,Lost Customers,72.0,1
5690,550,1,451.56,0,Lost Customers,72.0,1
5691,11,5,622.01,1,Loyal Customers,165.25,0
5692,1,145,580987.04,2,Champions,5.154411764705882,0
5693,549,1,105.8,0,Lost Customers,72.0,1
5694,37,1,754.64,1,Loyal Customers,72.0,1
5695,38,1,113.48000000000002,0,Lost Customers,72.0,1
5696,330,6,1441.06,3,At Risk,72.6,0
5697,442,1,165.88,0,Lost Customers,72.0,1
5698,254,3,848.8100000000001,3,At Risk,241.0,0
5699,2,38,9555.71,2,Champions,13.594594594594595,0
5700,20,2,392.28000000000003,1,Loyal Customers,391.0,0
5701,589,1,405.85,0,Lost Customers,72.0,1
5702,12,4,773.36,1,Loyal Customers,179.66666666666666,0
5703,369,1,76.32000000000001,0,Lost Customers,72.0,1
5704,290,1,220.1,0,Lost Customers,72.0,1
5705,698,1,9.700000000000001,0,Lost Customers,72.0,1
5706,68,13,2134.4900000000002,2,Champions,28.166666666666668,0
5707,26,1,315.65,1,Loyal Customers,72.0,1
5708,11,29,6221.02,2,Champions,12.75,0
5709,368,1,180.7,0,Lost Customers,72.0,1
5710,214,1,111.15,0,Lost Customers,72.0,1
5711,149,2,653.3,0,Lost Customers,5.0,0
5712,8,6,1793.06,1,Loyal Customers,28.0,0
5713,24,3,666.64,1,Loyal Customers,244.5,0
5714,472,1,102.65,0,Lost Customers,72.0,1
5715,30,4,1131.75,1,Loyal Customers,95.0,0
5716,61,1,200.92000000000002,0,Lost Customers,72.0,1
5717,19,4,556.13,1,Loyal Customers,127.66666666666667,0
5718,537,1,399.29,0,Lost Customers,72.0,1
5719,243,1,112.55000000000001,0,Lost Customers,72.0,1
5720,15,3,1059.39,1,Loyal Customers,20.5,0
5721,632,1,222.95999999999998,0,Lost Customers,72.0,1
5722,504,1,220.13,0,Lost Customers,72.0,1
5723,212,1,931.4999999999999,0,Lost Customers,72.0,1
5724,598,2,445.0,0,Lost Customers,96.0,0
5725,29,10,1249.6200000000001,2,Champions,66.77777777777777,0
5726,63,5,1631.3600000000001,3,At Risk,96.5,0
5727,551,2,145.99,0,Lost Customers,0.0,0
5728,295,1,152.65,0,Lost Customers,72.0,1
5729,18,6,8438.34,2,Champions,0.0,0
5730,474,1,536.41,0,Lost Customers,72.0,1
5731,402,2,882.47,0,Lost Customers,187.0,0
5732,157,2,1019.52,3,At Risk,58.0,0
5733,117,2,1000.16,3,At Risk,25.0,0
5734,8,19,4892.95,2,Champions,39.166666666666664,0
5735,13,11,5609.74,2,Champions,71.3,0
5736,141,2,160.35000000000002,0,Lost Customers,79.0,0
5737,46,2,179.33999999999997,1,Loyal Customers,62.0,0
5738,647,1,112.85000000000001,0,Lost Customers,72.0,1
5739,51,7,1553.96,3,At Risk,97.0,0
5740,32,3,566.58,1,Loyal Customers,84.5,0
5741,135,6,1879.44,3,At Risk,101.8,0
5742,646,1,426.69,0,Lost Customers,72.0,1
5743,659,1,246.22,0,Lost Customers,72.0,1
5744,3,5,932.6,1,Loyal Customers,121.25,0
5745,75,3,371.62,1,Loyal Customers,108.0,0
5746,13,2,675.64,1,Loyal Customers,356.0,0
5747,571,1,213.9,0,Lost Customers,72.0,1
5748,9,2,453.4,1,Loyal Customers,79.0,0
5749,301,1,530.15,0,Lost Customers,72.0,1
5750,57,3,1003.88,1,Loyal Customers,164.0,0
5751,15,6,1803.1000000000001,1,Loyal Customers,72.2,0
5752,732,1,371.51,0,Lost Customers,72.0,1
5753,584,1,728.84,0,Lost Customers,72.0,1
5754,37,1,399.65000000000003,1,Loyal Customers,72.0,1
5755,177,1,302.46000000000004,0,Lost Customers,72.0,1
5756,624,1,175.5,0,Lost Customers,72.0,1
5757,23,3,1384.8600000000001,1,Loyal Customers,41.0,0
5758,176,16,3435.5,3,At Risk,36.86666666666667,0
5759,61,1,202.65,0,Lost Customers,72.0,1
5760,33,9,2878.0,2,Champions,82.75,0
5761,59,9,2437.31,3,At Risk,80.125,0
5762,15,52,17467.24,2,Champions,15.130434782608695,0
5763,87,5,2696.36,3,At Risk,131.0,0
5764,7,2,162.5,1,Loyal Customers,596.0,0
5765,676,1,176.1,0,Lost Customers,72.0,1
5766,358,1,476.35,0,Lost Customers,72.0,1
5767,31,9,2216.32,2,Champions,86.0,0
5768,129,11,6103.74,2,Champions,52.5,0
5769,9,8,2547.55,2,Champions,93.14285714285714,0
5770,5,6,1843.75,1,Loyal Customers,27.0,0
5771,24,5,1188.34,1,Loyal Customers,177.25,0
5772,463,1,291.13,0,Lost Customers,72.0,1
5773,227,2,632.07,0,Lost Customers,47.0,0
5774,15,1,49.8,1,Loyal Customers,72.0,1
5775,249,1,304.25,0,Lost Customers,72.0,1
5776,723,1,329.58,0,Lost Customers,72.0,1
5777,632,1,724.89,0,Lost Customers,72.0,1
5778,15,6,3280.59,2,Champions,121.0,0
5779,78,3,1403.73,3,At Risk,273.5,0
5780,192,5,745.62,3,At Risk,131.0,0
5781,262,2,529.4,0,Lost Customers,215.0,0
5782,72,1,957.97,1,Loyal Customers,72.0,1
5783,165,3,1207.35,3,At Risk,138.0,0
5784,82,6,4162.04,3,At Risk,119.0,0
5785,387,1,101.16,0,Lost Customers,72.0,1
5786,95,4,1457.19,3,At Risk,179.0,0
5787,576,1,230.1,0,Lost Customers,72.0,1
5788,4,17,5425.56,2,Champions,20.25,0
5789,684,1,344.75,0,Lost Customers,72.0,1
5790,106,1,150.35,0,Lost Customers,72.0,1
5791,723,1,447.53000000000003,0,Lost Customers,72.0,1
5792,200,3,1396.99,3,At Risk,55.5,0
5793,157,4,492.52,3,At Risk,190.66666666666666,0
5794,71,3,1975.35,3,At Risk,60.0,0
5795,36,2,517.36,1,Loyal Customers,38.0,0
5796,553,1,314.65999999999997,0,Lost Customers,72.0,1
5797,499,1,544.47,0,Lost Customers,72.0,1
5798,566,1,360.08,0,Lost Customers,72.0,1
5799,29,1,139.10000000000002,1,Loyal Customers,72.0,1
5800,2,7,2768.83,2,Champions,63.0,0
5801,26,5,600.07,1,Loyal Customers,62.75,0
5802,326,2,514.37,0,Lost Customers,351.0,0
5803,237,1,232.48000000000002,0,Lost Customers,72.0,1
5804,531,4,1780.34,3,At Risk,7.0,0
5805,89,5,2232.4900000000002,3,At Risk,133.0,0
5806,31,1,481.75,1,Loyal Customers,72.0,1
5807,29,4,945.04,1,Loyal Customers,165.0,0
5808,211,4,1121.84,3,At Risk,149.0,0
5809,3,17,3352.7000000000003,2,Champions,45.3125,0
5810,227,6,1921.76,3,At Risk,99.0,0
5811,22,6,1424.94,1,Loyal Customers,72.8,0
5812,93,1,443.0,0,Lost Customers,72.0,1
5813,5,26,14000.85,2,Champions,28.68,0
5814,264,1,158.95000000000002,0,Lost Customers,72.0,1
5815,3,26,13014.8,2,Champions,28.8,0
5816,44,26,11878.88,2,Champions,23.56,0
5817,218,2,388.75,0,Lost Customers,266.0,0
5818,57,2,779.9,1,Loyal Customers,22.0,0
5819,12,28,10150.51,2,Champions,26.22222222222222,0
5820,9,9,4291.06,2,Champions,64.0,0
5821,192,28,6854.17,2,Champions,18.22222222222222,0
5822,82,4,592.97,3,At Risk,38.333333333333336,0
5823,326,1,440.0,0,Lost Customers,72.0,1
5824,552,1,179.6,0,Lost Customers,72.0,1
5825,72,3,1796.48,3,At Risk,72.5,0
5826,30,12,1795.3500000000001,2,Champions,51.63636363636363,0
5827,3,5,987.1,1,Loyal Customers,32.25,0
5828,515,1,270.92,0,Lost Customers,72.0,1
5829,219,6,1712.26,3,At Risk,40.2,0
5830,46,1,422.58,1,Loyal Customers,72.0,1
5831,10,21,2986.9900000000002,2,Champions,30.0,0
5832,72,8,3605.21,3,At Risk,88.85714285714286,0
5833,414,1,515.78,0,Lost Customers,72.0,1
5834,431,2,568.64,0,Lost Customers,72.0,0
5835,7,20,6324.9800000000005,2,Champions,36.8235294117647,0
5836,24,3,758.8199999999999,1,Loyal Customers,292.5,0
5837,415,3,839.73,3,At Risk,107.5,0
5838,123,2,804.02,3,At Risk,63.0,0
5839,17,1,95.34,1,Loyal Customers,72.0,1
5840,310,1,349.27,0,Lost Customers,72.0,1
5841,87,9,26278.86,2,Champions,78.375,0
5842,51,7,1533.69,3,At Risk,111.33333333333333,0
5843,643,1,317.88,0,Lost Customers,72.0,1
5844,581,1,267.9,0,Lost Customers,72.0,1
5845,89,2,303.15,0,Lost Customers,366.0,0
5846,388,1,110.7,0,Lost Customers,72.0,1
5847,39,12,4600.15,2,Champions,55.81818181818182,0
5848,464,6,2059.67,3,At Risk,21.4,0
5849,25,7,3941.9,2,Champions,117.33333333333333,0
5850,173,23,9947.26,2,Champions,24.59090909090909,0
5851,43,2,324.24,1,Loyal Customers,52.0,0
5852,140,3,577.54,3,At Risk,231.0,0
5853,26,3,1213.1599999999999,1,Loyal Customers,112.5,0
5854,499,1,603.25,0,Lost Customers,72.0,1
5855,72,2,801.51,1,Loyal Customers,85.0,0
5856,434,1,251.1,0,Lost Customers,72.0,1
5857,673,1,269.37,0,Lost Customers,72.0,1
5858,134,6,1490.23,3,At Risk,118.6,0
5859,366,1,168.6,0,Lost Customers,72.0,1
5860,38,3,444.55,1,Loyal Customers,197.0,0
5861,610,2,680.85,0,Lost Customers,121.0,0
5862,3,9,4385.9800000000005,2,Champions,79.875,0
5863,2,4,357.0,1,Loyal Customers,195.66666666666666,0
5864,30,1,175.92,1,Loyal Customers,72.0,1
5865,578,2,741.85,0,Lost Customers,152.0,0
5866,44,6,1656.52,3,At Risk,136.6,0
5867,58,5,1180.05,3,At Risk,108.75,0
5868,74,2,414.20000000000005,1,Loyal Customers,330.0,0
5869,519,1,231.33999999999997,0,Lost Customers,72.0,1
5870,278,2,488.15000000000003,0,Lost Customers,116.0,0
5871,181,2,201.14,0,Lost Customers,397.0,0
5872,8,2,178.05,1,Loyal Customers,118.0,0
5873,4,22,2664.9,2,Champions,30.666666666666668,0
5874,432,1,461.68,0,Lost Customers,72.0,1
5875,661,1,427.0,0,Lost Customers,72.0,1
5876,477,2,1296.43,3,At Risk,247.0,0
5877,43,7,4182.99,2,Champions,87.5,0
