Customer ID,Recency,Frequency,Monetary,R_Score,F_Score,M_Score,RFM_Group,Total_Score
0,326,12,77556.46,2,5,5,255,12
1,2,8,4921.53,5,4,5,545,14
2,75,5,2019.4,3,4,4,344,11
3,19,4,4428.69,5,3,5,535,13
4,310,1,334.4,2,1,2,212,5
5,375,1,300.93,2,1,2,212,5
6,36,10,2849.84,4,5,4,454,13
7,204,2,406.76,2,2,2,222,6
8,232,1,1079.4,2,1,3,213,6
9,214,2,947.61,2,2,3,223,7
10,23,6,6371.73,4,4,5,445,13
11,33,3,18287.66,4,3,5,435,12
12,2,5,3887.07,5,4,5,545,14
13,58,10,8873.39,4,5,5,455,14
14,52,8,4252.89,4,4,5,445,13
15,287,4,511.25,2,3,2,232,7
16,3,11,5356.23,5,5,5,555,15
17,110,2,552.0,3,2,2,322,7
18,8,4,1313.1,5,3,4,534,12
19,291,2,641.38,2,2,3,223,7
20,634,1,500.24,1,1,2,112,4
21,4,1,168.9,5,1,1,511,7
22,628,1,917.6999999999999,1,1,3,113,5
23,413,3,1791.15,1,3,4,134,8
24,51,7,4316.56,4,4,5,445,13
25,45,5,4067.38,4,4,5,445,13
26,72,3,1298.04,3,3,4,334,10
27,311,3,1127.65,2,3,3,233,8
28,25,4,2989.2200000000003,4,3,5,435,12
29,11,2,457.5,5,2,2,522,9
30,390,2,503.15,2,2,2,222,6
31,315,4,3426.32,2,3,5,235,10
32,130,2,5416.32,3,2,5,325,10
33,82,4,1620.22,3,3,4,334,10
34,22,11,9676.300000000001,4,5,5,455,14
35,5,5,1845.31,5,4,4,544,13
36,185,5,1850.56,3,4,4,344,11
37,29,2,585.27,4,2,2,422,8
38,379,1,1938.4,2,1,4,214,7
39,338,2,401.9,2,2,2,222,6
40,415,1,143.94,1,1,1,111,3
41,16,8,3901.11,5,4,5,545,14
42,403,3,1433.33,2,3,4,234,9
43,80,1,549.84,3,1,2,312,6
44,22,6,2724.84,4,4,4,444,12
45,591,1,234.75000000000003,1,1,1,111,3
46,72,6,2399.4500000000003,3,4,4,344,11
47,64,2,1272.48,3,2,4,324,9
48,19,15,4721.17,5,5,5,555,15
49,674,1,931.43,1,1,3,113,5
50,36,2,2409.9,4,2,4,424,10
51,46,1,1635.6599999999999,4,1,4,414,9
52,119,7,1962.3,3,4,4,344,11
53,414,1,205.25,1,1,1,111,3
54,303,1,84.3,2,1,1,211,4
55,323,6,1256.9,2,4,4,244,10
56,50,2,1019.36,4,2,3,423,9
57,682,1,63.24,1,1,1,111,3
58,149,1,1710.39,3,1,4,314,8
59,22,5,6390.36,4,4,5,445,13
60,50,5,1708.1200000000001,4,4,4,444,12
61,33,8,4340.7699999999995,4,4,5,445,13
62,79,7,23419.29,3,4,5,345,12
63,309,3,1013.71,2,3,3,233,8
64,410,1,346.9,2,1,2,212,5
65,75,6,2596.93,3,4,4,344,11
66,67,4,999.45,3,3,3,333,9
67,217,6,952.41,2,4,3,243,9
68,24,28,144458.37,4,5,5,455,14
69,657,1,202.56,1,1,1,111,3
70,3,20,6797.41,5,5,5,555,15
71,113,4,2021.2,3,3,4,334,10
72,386,2,503.01,2,2,2,222,6
73,64,1,600.39,3,1,2,312,6
74,16,6,1098.6,5,4,3,543,12
75,96,17,5231.8,3,5,5,355,13
76,1,10,2622.39,5,5,4,554,14
77,163,4,3340.03,3,3,5,335,11
78,78,2,1741.41,3,2,4,324,9
79,195,2,1345.21,2,2,4,224,8
80,22,3,825.8,4,3,3,433,10
81,26,9,7956.46,4,5,5,455,14
82,9,8,6204.41,5,4,5,545,14
83,43,1,256.4,4,1,1,411,6
84,36,27,10432.22,4,5,5,455,14
85,43,5,5059.32,4,4,5,445,13
86,1,10,16794.14,5,5,5,555,15
87,85,3,1103.43,3,3,3,333,9
88,80,6,13925.93,3,4,5,345,12
89,100,1,509.01,3,1,2,312,6
90,2,39,12683.4,5,5,5,555,15
91,14,2,2906.85,5,2,4,524,11
92,683,2,1142.88,1,2,3,123,6
93,462,2,859.2,1,2,3,123,6
94,367,1,173.55,2,1,1,211,4
95,3,1,172.06,5,1,1,511,7
96,732,1,485.31,1,1,2,112,4
97,21,5,5005.46,4,4,5,445,13
98,22,2,434.98,4,2,2,422,8
99,58,1,1002.3100000000001,4,1,3,413,8
100,243,1,476.49,2,1,2,212,5
101,44,1,449.45,4,1,2,412,7
102,22,6,4835.89,4,4,5,445,13
103,156,5,688.2,3,4,3,343,10
104,11,8,12669.88,5,4,5,545,14
105,17,2,430.57,5,2,2,522,9
106,134,1,707.09,3,1,3,313,7
107,56,5,16679.78,4,4,5,445,13
108,73,10,5879.95,3,5,5,355,13
109,44,3,3181.04,4,3,5,435,12
110,66,8,2995.91,3,4,5,345,12
111,71,4,1777.49,3,3,4,334,10
112,605,1,454.36,1,1,2,112,4
113,456,1,326.65,1,1,2,112,4
114,94,2,826.88,3,2,3,323,8
115,19,2,1189.59,5,2,3,523,10
116,53,4,1344.78,4,3,4,434,11
117,10,8,1212.05,5,4,3,543,12
118,17,2,742.1899999999999,5,2,3,523,10
119,682,1,56.73,1,1,1,111,3
120,423,1,132.8,1,1,1,111,3
121,188,5,3670.74,3,4,5,345,12
122,523,2,3070.54,1,2,5,125,8
123,690,1,211.95,1,1,1,111,3
124,2,79,39918.19,5,5,5,555,15
125,32,19,16249.289999999999,4,5,5,455,14
126,29,5,3928.0499999999997,4,4,5,445,13
127,17,31,12372.75,5,5,5,555,15
128,54,2,1149.64,4,2,3,423,9
129,16,23,14083.91,5,5,5,555,15
130,23,9,20276.37,4,5,5,455,14
131,4,1,680.99,5,1,3,513,9
132,11,1,527.2,5,1,2,512,8
133,28,7,5464.85,4,4,5,445,13
134,23,15,12185.51,4,5,5,455,14
135,576,29,23691.4,1,5,5,155,11
136,17,19,5097.18,5,5,5,555,15
137,33,12,6354.1,4,5,5,455,14
138,529,1,708.1,1,1,3,113,5
139,432,1,1037.28,1,1,3,113,5
140,731,1,285.29999999999995,1,1,1,111,3
141,10,3,1298.66,5,3,4,534,12
142,336,1,334.93,2,1,2,212,5
143,5,21,9823.64,5,5,5,555,15
144,39,1,460.40000000000003,4,1,2,412,7
145,63,3,715.21,3,3,3,333,9
146,166,2,433.74,3,2,2,322,7
147,16,9,1815.27,5,5,4,554,14
148,641,1,357.4,1,1,2,112,4
149,620,2,45.34,1,2,1,121,4
150,82,3,6248.5,3,3,5,335,11
151,21,3,403.70000000000005,4,3,2,432,9
152,560,1,393.72,1,1,2,112,4
153,23,19,5955.21,4,5,5,455,14
154,337,1,2169.39,2,1,4,214,7
155,96,5,3723.87,3,4,5,345,12
156,584,1,1126.0,1,1,3,113,5
157,18,4,779.05,5,3,3,533,11
158,409,1,955.2,2,1,3,213,6
159,233,1,73.5,2,1,1,211,4
160,134,4,1844.06,3,3,4,334,10
161,26,2,397.88,4,2,2,422,8
162,284,1,176.5,2,1,1,211,4
163,143,9,5178.02,3,5,5,355,13
164,429,1,3084.02,1,1,5,115,7
165,66,2,132.18,3,2,1,321,6
166,113,1,612.29,3,1,3,313,7
167,267,2,1597.76,2,2,4,224,8
168,353,1,383.7,2,1,2,212,5
169,78,4,2648.62,3,3,4,334,10
170,28,5,2481.6,4,4,4,444,12
171,1,5,2056.89,5,4,4,544,13
172,64,2,716.54,3,2,3,323,8
173,79,5,2634.26,3,4,4,344,11
174,143,1,599.68,3,1,2,312,6
175,39,2,192.72,4,2,1,421,7
176,19,23,4352.35,5,5,5,555,15
177,9,17,11126.11,5,5,5,555,15
178,498,3,973.73,1,3,3,133,7
179,1,3,1316.66,5,3,4,534,12
180,82,5,735.51,3,4,3,343,10
181,9,6,1933.48,5,4,4,544,13
182,528,1,316.48,1,1,2,112,4
183,60,9,3759.26,3,5,5,355,13
184,15,2,1933.2,5,2,4,524,11
185,30,1,349.83000000000004,4,1,2,412,7
186,628,2,1367.89,1,2,4,124,7
187,131,1,1089.18,3,1,3,313,7
188,92,2,716.35,3,2,3,323,8
189,43,3,12601.830000000002,4,3,5,435,12
190,409,1,732.94,2,1,3,213,6
191,29,2,640.45,4,2,3,423,9
192,22,7,11214.75,4,4,5,445,13
193,20,33,22254.49,4,5,5,455,14
194,30,3,981.18,4,3,3,433,10
195,484,2,481.88,1,2,2,122,5
196,448,1,980.25,1,1,3,113,5
197,36,1,372.7,4,1,2,412,7
198,75,2,1000.39,3,2,3,323,8
199,47,2,1161.5,4,2,3,423,9
200,198,3,383.58,2,3,2,232,7
201,166,1,95.19999999999999,3,1,1,311,5
202,576,6,1575.68,1,4,4,144,9
203,79,1,964.83,3,1,3,313,7
204,358,1,168.0,2,1,1,211,4
205,39,2,437.82,4,2,2,422,8
206,8,12,4608.75,5,5,5,555,15
207,449,1,468.5,1,1,2,112,4
208,682,1,129.23,1,1,1,111,3
209,50,2,599.56,4,2,2,422,8
210,16,8,18096.14,5,4,5,545,14
211,8,1,269.96,5,1,1,511,7
212,311,2,561.71,2,2,2,222,6
213,5,3,2134.01,5,3,4,534,12
214,303,1,238.85,2,1,1,211,4
215,8,9,4966.92,5,5,5,555,15
216,409,1,249.24,2,1,1,211,4
217,261,1,456.9,2,1,2,212,5
218,289,1,145.92,2,1,1,211,4
219,86,1,351.65,3,1,2,312,6
220,23,15,11767.48,4,5,5,455,14
221,645,1,70.0,1,1,1,111,3
222,2,32,4124.69,5,5,5,555,15
223,682,1,77.52,1,1,1,111,3
224,40,2,519.61,4,2,2,422,8
225,9,2,1020.42,5,2,3,523,10
226,227,5,717.41,2,4,3,243,9
227,316,1,218.45,2,1,1,211,4
228,457,2,622.8199999999999,1,2,3,123,6
229,36,8,2142.72,4,4,4,444,12
230,35,8,1617.1,4,4,4,444,12
231,21,4,4642.45,4,3,5,435,12
232,78,1,440.42,3,1,2,312,6
233,247,2,1052.9,2,2,3,223,7
234,40,1,197.71,4,1,1,411,6
235,239,4,1980.4,2,3,4,234,9
236,3,27,13591.58,5,5,5,555,15
237,4,9,2338.15,5,5,4,554,14
238,234,2,2040.1,2,2,4,224,8
239,17,4,2062.67,5,3,4,534,12
240,8,1,144.0,5,1,1,511,7
241,39,4,958.78,4,3,3,433,10
242,29,8,4695.66,4,4,5,445,13
243,211,2,9864.26,2,2,5,225,9
244,317,3,1338.95,2,3,4,234,9
245,92,5,2582.66,3,4,4,344,11
246,109,3,418.09999999999997,3,3,2,332,8
247,38,15,5090.110000000001,4,5,5,455,14
248,505,1,299.02,1,1,2,112,4
249,51,2,618.27,4,2,3,423,9
250,19,4,3811.22,5,3,5,535,13
251,10,11,4534.09,5,5,5,555,15
252,29,13,2296.72,4,5,4,454,13
253,29,21,4967.42,4,5,5,455,14
254,190,6,681.26,2,4,3,243,9
255,59,1,153.12,4,1,1,411,6
256,22,1,739.1999999999999,4,1,3,413,8
257,79,2,254.18,3,2,1,321,6
258,376,4,1232.95,2,3,4,234,9
259,682,1,21.0,1,1,1,111,3
260,60,1,1579.51,3,1,4,314,8
261,405,1,415.79,2,1,2,212,5
262,78,9,3435.86,3,5,5,355,13
263,23,5,2099.54,4,4,4,444,12
264,52,1,1193.32,4,1,3,413,8
265,74,1,704.0400000000001,3,1,3,313,7
266,57,10,6817.37,4,5,5,455,14
267,278,1,315.6,2,1,2,212,5
268,2,8,5740.98,5,4,5,545,14
269,95,3,1131.1,3,3,3,333,9
270,29,1,352.98,4,1,2,412,7
271,22,1,177.31,4,1,1,411,6
272,16,10,3781.38,5,5,5,555,15
273,15,3,1339.41,5,3,4,534,12
274,2,35,24311.2,5,5,5,555,15
275,232,1,180.1,2,1,1,211,4
276,276,7,3747.84,2,4,5,245,11
277,106,2,641.13,3,2,3,323,8
278,212,4,5164.88,2,3,5,235,10
279,23,9,6620.48,4,5,5,455,14
280,11,7,4478.53,5,4,5,545,14
281,4,3,786.46,5,3,3,533,11
282,386,2,1558.22,2,2,4,224,8
283,10,2,1270.88,5,2,4,524,11
284,57,6,3481.57,4,4,5,445,13
285,521,2,804.88,1,2,3,123,6
286,59,7,5678.16,4,4,5,445,13
287,536,2,490.0,1,2,2,122,5
288,90,4,2930.41,3,3,5,335,11
289,739,1,141.0,1,1,1,111,3
290,67,12,8283.81,3,5,5,355,13
291,33,2,921.49,4,2,3,423,9
292,239,3,1312.37,2,3,4,234,9
293,24,3,1174.58,4,3,3,433,10
294,115,1,185.9,3,1,1,311,5
295,25,3,1013.26,4,3,3,433,10
296,128,12,8304.82,3,5,5,355,13
297,130,4,1918.49,3,3,4,334,10
298,34,8,3539.3,4,4,5,445,13
299,5,2,1346.97,5,2,4,524,11
300,22,36,16955.55,4,5,5,455,14
301,155,4,1112.0,3,3,3,333,9
302,107,8,2294.65,3,4,4,344,11
303,3,1,314.44,5,1,2,512,8
304,335,4,377.75,2,3,2,232,7
305,331,2,1017.03,2,2,3,223,7
306,149,3,4160.83,3,3,5,335,11
307,11,5,601.98,5,4,2,542,11
308,424,1,261.35,1,1,1,111,3
309,17,8,6407.83,5,4,5,545,14
310,11,4,1643.18,5,3,4,534,12
311,19,1,686.05,5,1,3,513,9
312,30,1,91.68,4,1,1,411,6
313,11,1,245.1,5,1,1,511,7
314,436,1,162.0,1,1,1,111,3
315,1,20,6726.54,5,5,5,555,15
316,625,2,239.4,1,2,1,121,4
317,8,11,6070.04,5,5,5,555,15
318,325,3,313.6,2,3,2,232,7
319,394,1,1248.42,2,1,4,214,7
320,58,1,620.13,4,1,3,413,8
321,12,10,11383.03,5,5,5,555,15
322,151,3,2744.0299999999997,3,3,4,334,10
323,10,7,3760.29,5,4,5,545,14
324,606,1,2622.481,1,1,4,114,6
325,330,2,437.05,2,2,2,222,6
326,5,3,1230.02,5,3,4,534,12
327,39,4,1970.6,4,3,4,434,11
328,554,2,957.25,1,2,3,123,6
329,25,11,2843.09,4,5,4,454,13
330,555,2,395.1,1,2,2,122,5
331,42,21,34281.18,4,5,5,455,14
332,59,4,1113.02,4,3,3,433,10
333,1,4,880.81,5,3,3,533,11
334,15,45,29834.76,5,5,5,555,15
335,4,52,22950.22,5,5,5,555,15
336,4,21,11633.7,5,5,5,555,15
337,8,7,2283.63,5,4,4,544,13
338,28,6,2863.08,4,4,4,444,12
339,372,1,89.14,2,1,1,211,4
340,481,2,2138.91,1,2,4,124,7
341,114,1,4873.8099999999995,3,1,5,315,9
342,26,2,1247.61,4,2,4,424,10
343,206,1,389.01,2,1,2,212,5
344,28,7,1170.4,4,4,3,443,11
345,637,1,110.95,1,1,1,111,3
346,127,7,1703.02,3,4,4,344,11
347,70,3,1843.35,3,3,4,334,10
348,7,7,1407.1200000000001,5,4,4,544,13
349,435,2,851.91,1,2,3,123,6
350,29,3,957.59,4,3,3,433,10
351,590,1,339.75,1,1,2,112,4
352,418,1,638.11,1,1,3,113,5
353,8,4,4939.99,5,3,5,535,13
354,80,6,2446.41,3,4,4,344,11
355,20,1,219.0,4,1,1,411,6
356,71,4,1006.53,3,3,3,333,9
357,7,8,2340.84,5,4,4,544,13
358,15,14,11762.1,5,5,5,555,15
359,292,1,603.42,2,1,2,212,5
360,30,18,5117.66,4,5,5,455,14
361,15,34,30291.76,5,5,5,555,15
362,97,3,1149.02,3,3,3,333,9
363,612,2,1339.05,1,2,4,124,7
364,29,21,6723.03,4,5,5,455,14
365,1,1,848.55,5,1,3,513,9
366,9,12,14093.71,5,5,5,555,15
367,106,1,343.36,3,1,2,312,6
368,4,2,1053.49,5,2,3,523,10
369,151,3,1308.91,3,3,4,334,10
370,71,1,238.25,3,1,1,311,5
371,5,2,644.95,5,2,3,523,10
372,3,30,7787.28,5,5,5,555,15
373,32,8,4013.08,4,4,5,445,13
374,85,4,997.63,3,3,3,333,9
375,4,5,725.07,5,4,3,543,12
376,5,7,2317.52,5,4,4,544,13
377,371,4,2266.76,2,3,4,234,9
378,28,11,4014.6,4,5,5,455,14
379,11,10,5679.53,5,5,5,555,15
380,71,5,1070.17,3,4,3,343,10
381,114,1,453.01,3,1,2,312,6
382,522,1,829.25,1,1,3,113,5
383,24,17,25775.71,4,5,5,455,14
384,180,1,236.26000000000002,3,1,1,311,5
385,234,4,2424.87,2,3,4,234,9
386,353,3,639.65,2,3,3,233,8
387,315,2,779.5699999999999,2,2,3,223,7
388,333,1,234.0,2,1,1,211,4
389,499,2,3710.5,1,2,5,125,8
390,372,1,155.35,2,1,1,211,4
391,78,4,2726.73,3,3,4,334,10
392,64,1,427.6,3,1,2,312,6
393,529,2,406.07,1,2,2,122,5
394,626,1,1201.52,1,1,3,113,5
395,134,2,540.13,3,2,2,322,7
396,52,11,25317.06,4,5,5,455,14
397,487,3,925.41,1,3,3,133,7
398,541,1,254.55,1,1,1,111,3
399,2,26,8898.48,5,5,5,555,15
400,1,336,53539.64,5,5,5,555,15
401,4,9,6897.36,5,5,5,555,15
402,129,1,275.88,3,1,1,311,5
403,445,1,268.27,1,1,1,111,3
404,81,1,4366.78,3,1,5,315,9
405,23,6,21429.39,4,4,5,445,13
406,236,3,3010.74,2,3,5,235,10
407,281,11,5236.259999999999,2,5,5,255,12
408,87,1,112.07999999999998,3,1,1,311,5
409,16,13,7834.650000000001,5,5,5,555,15
410,117,7,9903.24,3,4,5,345,12
411,52,8,5020.74,4,4,5,445,13
412,456,1,347.8,1,1,2,112,4
413,458,2,782.95,1,2,3,123,6
414,8,2,1898.52,5,2,4,524,11
415,138,2,494.08,3,2,2,322,7
416,317,1,1693.88,2,1,4,214,7
417,472,6,1404.58,1,4,4,144,9
418,4,9,8918.99,5,5,5,555,15
419,376,1,949.82,2,1,3,213,6
420,451,1,168.69000000000003,1,1,1,111,3
421,239,1,1143.6,2,1,3,213,6
422,211,2,3246.45,2,2,5,225,9
423,486,1,282.3,1,1,1,111,3
424,60,1,892.47,3,1,3,313,7
425,564,1,124.25,1,1,1,111,3
426,536,1,98.7,1,1,1,111,3
427,17,7,1686.12,5,4,4,544,13
428,668,1,55.5,1,1,1,111,3
429,458,1,519.45,1,1,2,112,4
430,20,9,1775.68,4,5,4,454,13
431,38,14,6474.11,4,5,5,455,14
432,599,1,337.4,1,1,2,112,4
433,64,2,826.74,3,2,3,323,8
434,5,11,4618.24,5,5,5,555,15
435,2,6,2225.91,5,4,4,544,13
436,9,3,1763.15,5,3,4,534,12
437,364,3,1100.4,2,3,3,233,8
438,610,1,728.5,1,1,3,113,5
439,10,4,862.18,5,3,3,533,11
440,463,4,444.9,1,3,2,132,6
441,65,3,273.35,3,3,1,331,7
442,192,2,591.85,2,2,2,222,6
443,374,6,863.51,2,4,3,243,9
444,257,2,827.01,2,2,3,223,7
445,335,3,885.53,2,3,3,233,8
446,53,2,860.41,4,2,3,423,9
447,19,1,430.48,5,1,2,512,8
448,628,1,381.0,1,1,2,112,4
449,366,2,552.08,2,2,2,222,6
450,10,4,8510.93,5,3,5,535,13
451,529,1,219.35,1,1,1,111,3
452,470,3,584.25,1,3,2,132,6
453,501,1,1071.82,1,1,3,113,5
454,187,7,2416.42,3,4,4,344,11
455,393,1,1092.81,2,1,3,213,6
456,466,2,325.37,1,2,2,122,5
457,382,4,1434.95,2,3,4,234,9
458,435,4,2878.96,1,3,4,134,8
459,383,1,330.35,2,1,2,212,5
460,37,5,776.7,4,4,3,443,11
461,178,3,1755.94,3,3,4,334,10
462,535,2,534.99,1,2,2,122,5
463,261,5,1033.9,2,4,3,243,9
464,45,1,229.64000000000001,4,1,1,411,6
465,502,3,1687.8,1,3,4,134,8
466,102,1,125.92,3,1,1,311,5
467,148,2,1063.46,3,2,3,323,8
468,96,2,572.2,3,2,2,322,7
469,281,3,690.98,2,3,3,233,8
470,262,1,1542.08,2,1,4,214,7
471,458,1,540.52,1,1,2,112,4
472,3,11,2689.52,5,5,4,554,14
473,214,2,220.8,2,2,1,221,5
474,71,2,948.88,3,2,3,323,8
475,75,18,6501.5,3,5,5,355,13
476,60,1,397.12,3,1,2,312,6
477,521,2,518.63,1,2,2,122,5
478,3,12,2800.75,5,5,4,554,14
479,6,3,430.15000000000003,5,3,2,532,10
480,3,6,1018.71,5,4,3,543,12
481,337,3,385.3,2,3,2,232,7
482,38,6,6814.64,4,4,5,445,13
483,262,3,451.11,2,3,2,232,7
484,32,2,383.03,4,2,2,422,8
485,145,1,417.38,3,1,2,312,6
486,283,1,312.38,2,1,2,212,5
487,428,41,5996.83,1,5,5,155,11
488,59,15,6559.7300000000005,4,5,5,455,14
489,173,2,662.66,3,2,3,323,8
490,34,10,2975.91,4,5,5,455,14
491,3,26,9669.12,5,5,5,555,15
492,144,7,4041.97,3,4,5,345,12
493,5,40,6958.2,5,5,5,555,15
494,70,4,1917.99,3,3,4,334,10
495,66,30,6583.36,3,5,5,355,13
496,29,4,648.6,4,3,3,433,10
497,267,4,354.09,2,3,2,232,7
498,682,1,15.58,1,1,1,111,3
499,22,2,1609.0,4,2,4,424,10
500,676,1,208.0,1,1,1,111,3
501,31,6,3042.47,4,4,5,445,13
502,446,1,330.0,1,1,2,112,4
503,97,2,280.76,3,2,1,321,6
504,295,1,311.55,2,1,2,212,5
505,135,11,3907.5,3,5,5,355,13
506,79,7,2970.9700000000003,3,4,5,345,12
507,373,4,612.84,2,3,3,233,8
508,8,6,2170.78,5,4,4,544,13
509,211,6,3688.0,2,4,5,245,11
510,383,1,147.27,2,1,1,211,4
511,459,1,575.1,1,1,2,112,4
512,693,1,54.22,1,1,1,111,3
513,620,1,68.25,1,1,1,111,3
514,426,2,984.62,1,2,3,123,6
515,52,6,2792.5499999999997,4,4,4,444,12
516,138,2,299.57,3,2,2,322,7
517,26,4,3323.47,4,3,5,435,12
518,283,3,1227.35,2,3,4,234,9
519,26,13,7829.26,4,5,5,455,14
520,186,8,2043.76,3,4,4,344,11
521,682,1,337.66999999999996,1,1,2,112,4
522,375,3,1676.95,2,3,4,234,9
523,84,3,744.02,3,3,3,333,9
524,327,12,3283.96,2,5,5,255,12
525,282,3,2027.3,2,3,4,234,9
526,385,2,948.42,2,2,3,223,7
527,143,5,1356.99,3,4,4,344,11
528,58,4,4081.79,4,3,5,435,12
529,4,20,2942.14,5,5,5,555,15
530,236,2,854.99,2,2,3,223,7
531,45,3,573.22,4,3,2,432,9
532,382,2,640.13,2,2,3,223,7
533,276,1,298.0,2,1,2,212,5
534,9,2,1463.04,5,2,4,524,11
535,25,4,703.47,4,3,3,433,10
536,88,1,309.05,3,1,2,312,6
537,63,3,1175.22,3,3,3,333,9
538,68,2,1378.4,3,2,4,324,9
539,384,1,222.4,2,1,1,211,4
540,214,2,354.12,2,2,2,222,6
541,381,4,385.46000000000004,2,3,2,232,7
542,24,2,706.02,4,2,3,423,9
543,186,11,840.5,3,5,3,353,11
544,397,1,263.38,2,1,1,211,4
545,31,1,176.55,4,1,1,411,6
546,575,1,157.35,1,1,1,111,3
547,42,2,372.8,4,2,2,422,8
548,205,4,514.25,2,3,2,232,7
549,464,2,296.21000000000004,1,2,2,122,5
550,414,1,366.4,1,1,2,112,4
551,422,1,340.33,1,1,2,112,4
552,9,28,17654.54,5,5,5,555,15
553,265,1,138.68,2,1,1,211,4
554,429,1,833.53,1,1,3,113,5
555,18,2,496.06,5,2,2,522,9
556,577,2,1018.42,1,2,3,123,6
557,12,5,2919.81,5,4,5,545,14
558,396,2,508.91,2,2,2,222,6
559,176,5,1776.0,3,4,4,344,11
560,40,8,3103.19,4,4,5,445,13
561,23,13,5796.52,4,5,5,455,14
562,552,1,1651.72,1,1,4,114,6
563,3,5,1662.3,5,4,4,544,13
564,5,13,6283.24,5,5,5,555,15
565,401,1,223.98,2,1,1,211,4
566,149,4,975.1,3,3,3,333,9
567,139,7,4479.73,3,4,5,345,12
568,128,6,4359.2,3,4,5,345,12
569,626,1,10953.5,1,1,5,115,7
570,8,6,1335.19,5,4,4,544,13
571,17,4,486.64,5,3,2,532,10
572,9,74,35233.24,5,5,5,555,15
573,161,1,405.38,3,1,2,312,6
574,64,3,770.42,3,3,3,333,9
575,88,12,2469.4,3,5,4,354,12
576,5,3,729.3299999999999,5,3,3,533,11
577,411,4,1523.97,1,3,4,134,8
578,395,1,197.31,2,1,1,211,4
579,35,12,4304.89,4,5,5,455,14
580,312,1,117.85,2,1,1,211,4
581,78,2,415.8,3,2,2,322,7
582,22,57,92347.34,4,5,5,455,14
583,539,8,1698.56,1,4,4,144,9
584,24,8,1636.6299999999999,4,4,4,444,12
585,737,1,181.65,1,1,1,111,3
586,2,15,4243.86,5,5,5,555,15
587,17,4,1063.9,5,3,3,533,11
588,15,9,3097.61,5,5,5,555,15
589,26,1,114.14,4,1,1,411,6
590,64,20,25264.8,3,5,5,355,13
591,55,2,899.69,4,2,3,423,9
592,724,1,377.49,1,1,2,112,4
593,131,3,675.6,3,3,3,333,9
594,558,2,496.5,1,2,2,122,5
595,36,2,604.51,4,2,2,422,8
596,288,2,900.11,2,2,3,223,7
597,437,1,324.45,1,1,2,112,4
598,144,6,1603.99,3,4,4,344,11
599,16,9,2317.43,5,5,4,554,14
600,31,22,15526.7,4,5,5,455,14
601,2,3,1843.0,5,3,4,534,12
602,9,15,3213.7200000000003,5,5,5,555,15
603,6,4,1387.79,5,3,4,534,12
604,10,2,828.8100000000001,5,2,3,523,10
605,639,1,162.45,1,1,1,111,3
606,1,11,4757.16,5,5,5,555,15
607,306,4,521.89,2,3,2,232,7
608,10,13,8706.97,5,5,5,555,15
609,400,2,467.34,2,2,2,222,6
610,484,1,150.95,1,1,1,111,3
611,414,4,1322.07,1,3,4,134,8
612,379,1,211.99,2,1,1,211,4
613,7,2,266.39,5,2,1,521,8
614,8,12,3235.79,5,5,5,555,15
615,437,1,132.24,1,1,1,111,3
616,89,1,769.8100000000001,3,1,3,313,7
617,10,1,160.18,5,1,1,511,7
618,358,3,2938.52,2,3,5,235,10
619,112,1,135.95,3,1,1,311,5
620,603,1,122.45,1,1,1,111,3
621,7,10,1453.6,5,5,4,554,14
622,4,116,15704.6,5,5,5,555,15
623,414,4,1161.2,1,3,3,133,7
624,414,1,385.55,1,1,2,112,4
625,198,2,408.95,2,2,2,222,6
626,437,6,2100.09,1,4,4,144,9
627,212,8,3156.38,2,4,5,245,11
628,156,4,513.88,3,3,2,332,8
629,385,5,2502.82,2,4,4,244,10
630,729,1,517.7,1,1,2,112,4
631,158,21,16245.78,3,5,5,355,13
632,30,2,372.21999999999997,4,2,2,422,8
633,243,8,2744.81,2,4,4,244,10
634,598,1,490.08000000000004,1,1,2,112,4
635,19,1,97.5,5,1,1,511,7
636,1,2,1239.38,5,2,4,524,11
637,429,10,2729.84,1,5,4,154,10
638,74,5,1312.21,3,4,4,344,11
639,292,1,505.82,2,1,2,212,5
640,3,33,13551.75,5,5,5,555,15
641,31,7,955.5,4,4,3,443,11
642,23,3,764.82,4,3,3,433,10
643,725,1,93.35000000000001,1,1,1,111,3
644,23,8,1259.6299999999999,4,4,4,444,12
645,4,3,974.4200000000001,5,3,3,533,11
646,85,1,211.32,3,1,1,311,5
647,376,1,355.5,2,1,2,212,5
648,22,8,2110.91,4,4,4,444,12
649,493,3,920.08,1,3,3,133,7
650,196,3,455.88,2,3,2,232,7
651,107,4,1032.5,3,3,3,333,9
652,4,33,24042.65,5,5,5,555,15
653,318,3,414.13,2,3,2,232,7
654,106,3,149.05,3,3,1,331,7
655,12,36,11650.85,5,5,5,555,15
656,174,4,999.68,3,3,3,333,9
657,56,1,81.57,4,1,1,411,6
658,580,1,175.25,1,1,1,111,3
659,323,3,612.13,2,3,3,233,8
660,673,1,234.0,1,1,1,111,3
661,374,2,330.12,2,2,2,222,6
662,372,1,50.550000000000004,2,1,1,211,4
663,9,11,2957.83,5,5,5,555,15
664,1,29,11097.43,5,5,5,555,15
665,11,11,5381.08,5,5,5,555,15
666,53,11,6579.78,4,5,5,455,14
667,73,3,789.89,3,3,3,333,9
668,7,1,204.0,5,1,1,511,7
669,16,35,9763.16,5,5,5,555,15
670,379,6,1229.95,2,4,4,244,10
671,563,2,618.96,1,2,3,123,6
672,4,17,4887.24,5,5,5,555,15
673,430,1,65.3,1,1,1,111,3
674,64,3,1449.03,3,3,4,334,10
675,471,2,555.87,1,2,2,122,5
676,732,1,323.39,1,1,2,112,4
677,1,9,1733.08,5,5,4,554,14
678,114,19,17239.2,3,5,5,355,13
679,23,2,661.3199999999999,4,2,3,423,9
680,31,5,1927.3,4,4,4,444,12
681,11,2,752.4399999999999,5,2,3,523,10
682,407,5,3292.84,2,4,5,245,11
683,52,9,2815.96,4,5,4,454,13
684,357,2,220.55,2,2,1,221,5
685,55,3,756.82,4,3,3,433,10
686,74,3,1364.2,3,3,4,334,10
687,685,1,307.1,1,1,2,112,4
688,138,12,3914.9500000000003,3,5,5,355,13
689,80,3,908.46,3,3,3,333,9
690,584,4,1010.73,1,3,3,133,7
691,9,2,676.99,5,2,3,523,10
692,451,4,799.13,1,3,3,133,7
693,598,3,1488.59,1,3,4,134,8
694,273,1,516.42,2,1,2,212,5
695,291,11,4848.05,2,5,5,255,12
696,99,3,808.92,3,3,3,333,9
697,31,3,949.25,4,3,3,433,10
698,32,24,8428.53,4,5,5,455,14
699,14,9,4049.13,5,5,5,555,15
700,64,4,1408.24,3,3,4,334,10
701,15,35,11986.52,5,5,5,555,15
702,579,2,155.8,1,2,1,121,4
703,212,7,3119.33,2,4,5,245,11
704,622,1,127.65,1,1,1,111,3
705,78,4,2321.11,3,3,4,334,10
706,551,1,209.48,1,1,1,111,3
707,530,3,709.59,1,3,3,133,7
708,25,3,271.40000000000003,4,3,1,431,8
709,250,10,2291.77,2,5,4,254,11
710,254,1,307.53,2,1,2,212,5
711,72,1,248.61,3,1,1,311,5
712,191,1,346.98,2,1,2,212,5
713,481,1,188.4,1,1,1,111,3
714,13,6,1666.8400000000001,5,4,4,544,13
715,373,5,1055.05,2,4,3,243,9
716,24,2,470.8,4,2,2,422,8
717,82,3,508.51,3,3,2,332,8
718,10,2,344.0,5,2,2,522,9
719,1,38,9284.45,5,5,5,555,15
720,192,4,751.7,2,3,3,233,8
721,612,1,129.22,1,1,1,111,3
722,267,1,177.15,2,1,1,211,4
723,411,2,418.08,1,2,2,122,5
724,511,4,1378.74,1,3,4,134,8
725,130,1,919.61,3,1,3,313,7
726,458,1,135.4,1,1,1,111,3
727,1,11,2740.65,5,5,4,554,14
728,3,57,29018.06,5,5,5,555,15
729,4,6,419.18,5,4,2,542,11
730,179,4,280.73,3,3,1,331,7
731,12,28,56838.37,5,5,5,555,15
732,126,21,7335.75,3,5,5,355,13
733,4,3,395.43,5,3,2,532,10
734,492,1,122.39999999999999,1,1,1,111,3
735,158,8,2433.28,3,4,4,344,11
736,383,1,439.33000000000004,2,1,2,212,5
737,726,1,313.64,1,1,2,112,4
738,417,1,236.11,1,1,1,111,3
739,3,203,113416.91,5,5,5,555,15
740,9,24,13091.74,5,5,5,555,15
741,28,3,2321.82,4,3,4,434,11
742,71,12,2140.28,3,5,4,354,12
743,276,55,54144.25,2,5,5,255,12
744,21,13,2209.44,4,5,4,454,13
745,71,1,74.39999999999999,3,1,1,311,5
746,394,1,419.70000000000005,2,1,2,212,5
747,33,28,13324.1,4,5,5,455,14
748,1,28,28882.44,5,5,5,555,15
749,99,1,207.35999999999999,3,1,1,311,5
750,234,4,695.4,2,3,3,233,8
751,1,37,11380.1,5,5,5,555,15
752,40,3,709.64,4,3,3,433,10
753,3,9,1709.1,5,5,4,554,14
754,436,1,72.0,1,1,1,111,3
755,133,2,603.46,3,2,2,322,7
756,44,9,5253.07,4,5,5,455,14
757,373,2,748.46,2,2,3,223,7
758,60,3,1134.03,3,3,3,333,9
759,31,12,2957.4700000000003,4,5,5,455,14
760,719,1,321.88000000000005,1,1,2,112,4
761,541,1,20.6,1,1,1,111,3
762,1,37,18230.07,5,5,5,555,15
763,731,1,234.38,1,1,1,111,3
764,12,10,5494.7,5,5,5,555,15
765,138,1,501.14,3,1,2,312,6
766,22,18,2255.66,4,5,4,454,13
767,20,9,2415.41,4,5,4,454,13
768,669,1,134.9,1,1,1,111,3
769,239,1,30.599999999999998,2,1,1,211,4
770,269,1,283.73,2,1,1,211,4
771,94,2,922.39,3,2,3,323,8
772,473,2,506.75,1,2,2,122,5
773,90,4,4641.66,3,3,5,335,11
774,524,1,148.62,1,1,1,111,3
775,5,13,3774.81,5,5,5,555,15
776,78,1,259.17,3,1,1,311,5
777,631,1,263.5,1,1,1,111,3
778,452,2,233.25,1,2,1,121,4
779,94,1,64.0,3,1,1,311,5
780,23,7,3313.77,4,4,5,445,13
781,262,1,77.3,2,1,1,211,4
782,274,3,200.45000000000002,2,3,1,231,6
783,86,6,2475.23,3,4,4,344,11
784,197,2,3371.45,2,2,5,225,9
785,56,13,6274.56,4,5,5,455,14
786,11,16,7586.94,5,5,5,555,15
787,22,7,1274.01,4,4,4,444,12
788,16,8,8202.98,5,4,5,545,14
789,108,5,1054.92,3,4,3,343,10
790,85,17,7656.08,3,5,5,355,13
791,19,1,307.09,5,1,2,512,8
792,585,1,405.1,1,1,2,112,4
793,333,2,135.35,2,2,1,221,5
794,40,7,1128.52,4,4,3,443,11
795,26,1,228.91,4,1,1,411,6
796,10,4,712.8000000000001,5,3,3,533,11
797,29,26,8497.82,4,5,5,455,14
798,14,4,1676.06,5,3,4,534,12
799,484,3,449.96999999999997,1,3,2,132,6
800,296,3,2465.21,2,3,4,234,9
801,417,7,2146.38,1,4,4,144,9
802,6,1,486.22,5,1,2,512,8
803,399,3,1624.84,2,3,4,234,9
804,33,6,1370.48,4,4,4,444,12
805,385,3,1586.54,2,3,4,234,9
806,49,9,5687.36,4,5,5,455,14
807,95,5,1508.18,3,4,4,344,11
808,9,4,1429.35,5,3,4,534,12
809,22,1,91.8,4,1,1,411,6
810,313,2,472.13,2,2,2,222,6
811,122,16,9275.49,3,5,5,355,13
812,610,1,17.65,1,1,1,111,3
813,569,2,372.2,1,2,2,122,5
814,46,3,1451.16,4,3,4,434,11
815,283,2,875.93,2,2,3,223,7
816,19,5,1125.15,5,4,3,543,12
817,36,5,1840.73,4,4,4,444,12
818,64,3,840.08,3,3,3,333,9
819,27,1,108.81,4,1,1,411,6
820,22,3,468.41,4,3,2,432,9
821,400,1,69.6,2,1,1,211,4
822,4,11,2399.82,5,5,4,554,14
823,16,12,7995.36,5,5,5,555,15
824,582,2,831.45,1,2,3,123,6
825,46,1,481.49,4,1,2,412,7
826,65,2,512.2,3,2,2,322,7
827,26,21,14059.19,4,5,5,455,14
828,619,1,572.3100000000001,1,1,2,112,4
829,607,1,86.10000000000001,1,1,1,111,3
830,381,1,359.69,2,1,2,212,5
831,45,1,121.18,4,1,1,411,6
832,8,15,7036.18,5,5,5,555,15
833,15,10,1668.95,5,5,4,554,14
834,268,1,71.4,2,1,1,211,4
835,40,3,1575.89,4,3,4,434,11
836,337,4,341.36,2,3,2,232,7
837,11,1,114.60000000000001,5,1,1,511,7
838,19,2,260.68,5,2,1,521,8
839,544,3,570.66,1,3,2,132,6
840,658,1,164.69,1,1,1,111,3
841,95,6,2558.58,3,4,4,344,11
842,61,1,112.08,3,1,1,311,5
843,136,2,472.78,3,2,2,322,7
844,414,1,136.73,1,1,1,111,3
845,11,7,3068.84,5,4,5,545,14
846,610,1,373.01000000000005,1,1,2,112,4
847,10,8,4974.2300000000005,5,4,5,545,14
848,4,67,15964.210000000001,5,5,5,555,15
849,19,4,870.09,5,3,3,533,11
850,502,4,1233.06,1,3,4,134,8
851,394,7,1580.3,2,4,4,244,10
852,10,10,2648.25,5,5,4,554,14
853,731,1,966.6600000000001,1,1,3,113,5
854,443,1,2803.2,1,1,4,114,6
855,400,13,8308.19,2,5,5,255,12
856,15,4,535.86,5,3,2,532,10
857,59,9,1976.3,4,5,4,454,13
858,30,13,8509.51,4,5,5,455,14
859,94,1,353.48,3,1,2,312,6
860,10,10,2618.77,5,5,4,554,14
861,20,3,786.83,4,3,3,433,10
862,57,11,3851.52,4,5,5,455,14
863,418,7,3264.23,1,4,5,145,10
864,402,1,81.6,2,1,1,211,4
865,268,1,333.74,2,1,2,212,5
866,122,4,666.48,3,3,3,333,9
867,127,1,62.63999999999999,3,1,1,311,5
868,618,1,76.23,1,1,1,111,3
869,78,5,1336.0900000000001,3,4,4,344,11
870,240,2,847.41,2,2,3,223,7
871,577,1,88.5,1,1,1,111,3
872,200,6,969.1200000000001,2,4,3,243,9
873,60,2,2155.95,3,2,4,324,9
874,3,16,16260.07,5,5,5,555,15
875,273,2,312.46,2,2,2,222,6
876,202,1,257.7,2,1,1,211,4
877,81,1,358.0,3,1,2,312,6
878,226,1,160.95,2,1,1,211,4
879,4,30,6120.01,5,5,5,555,15
880,13,7,1328.35,5,4,4,544,13
881,74,4,1176.46,3,3,3,333,9
882,673,2,346.5,1,2,2,122,5
883,212,1,1031.07,2,1,3,213,6
884,25,2,744.85,4,2,3,423,9
885,388,1,643.0,2,1,3,213,6
886,17,6,1006.63,5,4,3,543,12
887,262,5,1594.69,2,4,4,244,10
888,96,8,1475.79,3,4,4,344,11
889,412,1,112.53,1,1,1,111,3
890,112,7,699.4,3,4,3,343,10
891,203,5,1220.38,2,4,3,243,9
892,93,1,121.74000000000001,3,1,1,311,5
893,51,2,989.22,4,2,3,423,9
894,18,11,3351.75,5,5,5,555,15
895,18,4,501.12,5,3,2,532,10
896,125,2,465.68,3,2,2,322,7
897,92,9,1608.93,3,5,4,354,12
898,461,2,253.09,1,2,1,121,4
899,402,1,252.68,2,1,1,211,4
900,394,2,399.3,2,2,2,222,6
901,157,4,2951.11,3,3,5,335,11
902,376,1,51.410000000000004,2,1,1,211,4
903,9,3,678.76,5,3,3,533,11
904,436,1,149.75,1,1,1,111,3
905,12,5,1009.43,5,4,3,543,12
906,62,9,1402.54,3,5,4,354,12
907,61,1,557.62,3,1,2,312,6
908,269,2,944.1,2,2,3,223,7
909,263,3,573.45,2,3,2,232,7
910,1,39,8676.2,5,5,5,555,15
911,443,1,722.5600000000001,1,1,3,113,5
912,53,5,2092.66,4,4,4,444,12
913,11,19,6135.04,5,5,5,555,15
914,3,36,9429.81,5,5,5,555,15
915,18,11,3174.75,5,5,5,555,15
916,1,28,8537.32,5,5,5,555,15
917,366,1,590.0,2,1,2,212,5
918,37,1,211.49,4,1,1,411,6
919,31,2,276.56,4,2,1,421,7
920,113,1,138.98,3,1,1,311,5
921,409,1,360.85,2,1,2,212,5
922,384,2,238.86,2,2,1,221,5
923,64,5,1891.91,3,4,4,344,11
924,16,7,523.3,5,4,2,542,11
925,41,4,1435.85,4,3,4,434,11
926,78,1,137.75,3,1,1,311,5
927,122,7,2293.33,3,4,4,344,11
928,439,1,350.85,1,1,2,112,4
929,18,4,1313.19,5,3,4,534,12
930,60,4,373.36,3,3,2,332,8
931,331,1,201.19,2,1,1,211,4
932,23,6,3364.59,4,4,5,445,13
933,600,1,734.91,1,1,3,113,5
934,603,3,781.59,1,3,3,133,7
935,443,5,927.61,1,4,3,143,8
936,724,1,307.95,1,1,2,112,4
937,438,1,208.63,1,1,1,111,3
938,156,11,3270.79,3,5,5,355,13
939,39,5,994.51,4,4,3,443,11
940,392,6,1192.94,2,4,3,243,9
941,190,3,1689.53,2,3,4,234,9
942,360,4,1101.97,2,3,3,233,8
943,137,6,792.51,3,4,3,343,10
944,8,7,4368.62,5,4,5,545,14
945,1,1,360.0,5,1,2,512,8
946,268,3,1218.7,2,3,3,233,8
947,169,3,1285.51,3,3,4,334,10
948,104,4,618.09,3,3,3,333,9
949,155,2,159.2,3,2,1,321,6
950,400,1,61.72,2,1,1,211,4
951,351,4,1217.99,2,3,3,233,8
952,4,16,3616.41,5,5,5,555,15
953,430,1,53.65,1,1,1,111,3
954,120,3,273.34,3,3,1,331,7
955,23,4,1670.3700000000001,4,3,4,434,11
956,7,6,1706.3700000000001,5,4,4,544,13
957,28,5,1541.2,4,4,4,444,12
958,4,2,598.57,5,2,2,522,9
959,451,1,124.75,1,1,1,111,3
960,22,12,3445.32,4,5,5,455,14
961,2,3,775.94,5,3,3,533,11
962,689,1,310.26,1,1,2,112,4
963,37,10,12940.82,4,5,5,455,14
964,66,19,6486.091,3,5,5,355,13
965,1,3,640.76,5,3,3,533,11
966,5,58,21323.22,5,5,5,555,15
967,78,6,2211.6,3,4,4,344,11
968,72,2,567.36,3,2,2,322,7
969,17,1,199.48000000000002,5,1,1,511,7
970,3,5,787.85,5,4,3,543,12
971,36,18,10513.47,4,5,5,455,14
972,82,1,675.3,3,1,3,313,7
973,432,1,281.76,1,1,1,111,3
974,39,20,9134.48,4,5,5,455,14
975,316,1,1308.48,2,1,4,214,7
976,32,8,4808.77,4,4,5,445,13
977,93,6,2796.1,3,4,4,344,11
978,402,1,262.4,2,1,1,211,4
979,14,1,350.9,5,1,2,512,8
980,411,3,1015.74,1,3,3,133,7
981,82,5,6201.8,3,4,5,345,12
982,77,1,795.12,3,1,3,313,7
983,546,1,1575.26,1,1,4,114,6
984,158,4,2445.62,3,3,4,334,10
985,201,1,860.12,2,1,3,213,6
986,45,12,22100.56,4,5,5,455,14
987,261,1,775.85,2,1,3,213,6
988,178,1,353.43,3,1,2,312,6
989,68,3,2511.69,3,3,4,334,10
990,288,1,389.5,2,1,2,212,5
991,463,6,299.4,1,4,2,142,7
992,70,1,341.36,3,1,2,312,6
993,64,1,233.76,3,1,1,311,5
994,11,1,247.32,5,1,1,511,7
995,16,2,979.12,5,2,3,523,10
996,66,1,373.94,3,1,2,312,6
997,60,1,397.97999999999996,3,1,2,312,6
998,71,1,743.53,3,1,3,313,7
999,122,1,674.7,3,1,3,313,7
1000,80,1,768.24,3,1,3,313,7
1001,257,5,3805.5099999999998,2,4,5,245,11
1002,269,1,439.03,2,1,2,212,5
1003,64,2,1043.31,3,2,3,323,8
1004,432,4,1553.65,1,3,4,134,8
1005,472,2,1450.5,1,2,4,124,7
1006,9,7,5394.07,5,4,5,545,14
1007,18,3,1723.86,5,3,4,534,12
1008,71,1,134.95999999999998,3,1,1,311,5
1009,34,2,2225.37,4,2,4,424,10
1010,50,1,56.160000000000004,4,1,1,411,6
1011,432,1,510.20000000000005,1,1,2,112,4
1012,257,4,1121.5,2,3,3,233,8
1013,366,1,308.28000000000003,2,1,2,212,5
1014,372,1,754.87,2,1,3,213,6
1015,505,2,2297.66,1,2,4,124,7
1016,90,1,378.64,3,1,2,312,6
1017,61,6,7587.1900000000005,3,4,5,345,12
1018,415,2,422.8,1,2,2,122,5
1019,89,2,1792.23,3,2,4,324,9
1020,99,3,1019.76,3,3,3,333,9
1021,397,2,1552.88,2,2,4,224,8
1022,26,3,572.56,4,3,2,432,9
1023,433,1,62.4,1,1,1,111,3
1024,32,12,8224.37,4,5,5,455,14
1025,281,5,1387.58,2,4,4,244,10
1026,544,1,305.28000000000003,1,1,2,112,4
1027,31,11,6680.83,4,5,5,455,14
1028,330,1,534.57,2,1,2,212,5
1029,414,2,835.46,1,2,3,123,6
1030,417,1,186.94,1,1,1,111,3
1031,131,3,1185.65,3,3,3,333,9
1032,11,3,797.96,5,3,3,533,11
1033,75,1,544.08,3,1,2,312,6
1034,204,1,59.8,2,1,1,211,4
1035,677,1,91.14,1,1,1,111,3
1036,584,4,1131.45,1,3,3,133,7
1037,2,19,6621.7,5,5,5,555,15
1038,185,3,1180.23,3,3,3,333,9
1039,29,2,1360.99,4,2,4,424,10
1040,73,10,3191.87,3,5,5,355,13
1041,192,2,670.34,2,2,3,223,7
1042,464,3,275.4,1,3,1,131,5
1043,583,1,310.83,1,1,2,112,4
1044,127,4,1226.8500000000001,3,3,4,334,10
1045,18,3,229.5,5,3,1,531,9
1046,1,2,252.49,5,2,1,521,8
1047,74,6,1213.811,3,4,3,343,10
1048,427,2,568.92,1,2,2,122,5
1049,579,3,2244.7,1,3,4,134,8
1050,2,106,50174.782,5,5,5,555,15
1051,24,9,2201.96,4,5,4,454,13
1052,107,1,213.55,3,1,1,311,5
1053,620,1,487.34999999999997,1,1,2,112,4
1054,640,6,429.44,1,4,2,142,7
1055,134,6,2494.14,3,4,4,344,11
1056,473,4,784.17,1,3,3,133,7
1057,44,3,940.8000000000001,4,3,3,433,10
1058,5,6,1669.49,5,4,4,544,13
1059,12,31,11559.66,5,5,5,555,15
1060,64,1,221.06,3,1,1,311,5
1061,150,2,159.85,3,2,1,321,6
1062,40,8,4058.75,4,4,5,445,13
1063,64,1,2626.3,3,1,4,314,8
1064,429,1,217.03,1,1,1,111,3
1065,450,1,572.77,1,1,2,112,4
1066,108,5,3390.4300000000003,3,4,5,345,12
1067,1,22,8167.38,5,5,5,555,15
1068,19,6,1006.53,5,4,3,543,12
1069,10,3,478.54,5,3,2,532,10
1070,11,4,1006.8,5,3,3,533,11
1071,19,2,679.45,5,2,3,523,10
1072,67,8,3316.24,3,4,5,345,12
1073,571,2,439.1,1,2,2,122,5
1074,501,4,658.3199999999999,1,3,3,133,7
1075,74,5,1666.8600000000001,3,4,4,344,11
1076,5,9,4447.33,5,5,5,555,15
1077,2,1,196.89,5,1,1,511,7
1078,14,7,3408.06,5,4,5,545,14
1079,547,1,46.5,1,1,1,111,3
1080,255,3,986.61,2,3,3,233,8
1081,423,7,1295.25,1,4,4,144,9
1082,92,2,720.9,3,2,3,323,8
1083,667,3,419.87,1,3,2,132,6
1084,449,6,1273.16,1,4,4,144,9
1085,374,2,619.08,2,2,3,223,7
1086,626,1,241.89999999999998,1,1,1,111,3
1087,430,11,3881.89,1,5,5,155,11
1088,23,3,1129.14,4,3,3,433,10
1089,17,13,8745.93,5,5,5,555,15
1090,24,1,291.88,4,1,2,412,7
1091,27,13,4120.04,4,5,5,455,14
1092,26,11,7090.06,4,5,5,455,14
1093,259,3,729.8,2,3,3,233,8
1094,166,3,781.6899999999999,3,3,3,333,9
1095,641,1,219.87,1,1,1,111,3
1096,25,6,2212.9900000000002,4,4,4,444,12
1097,18,6,1766.72,5,4,4,544,13
1098,689,2,148.22,1,2,1,121,4
1099,7,16,11959.27,5,5,5,555,15
1100,625,2,1160.4099999999999,1,2,3,123,6
1101,29,2,183.44,4,2,1,421,7
1102,39,6,4160.0,4,4,5,445,13
1103,253,5,1153.85,2,4,3,243,9
1104,58,6,3097.64,4,4,5,445,13
1105,446,2,931.12,1,2,3,123,6
1106,184,5,1013.35,3,4,3,343,10
1107,11,2,1071.91,5,2,3,523,10
1108,2,72,12793.28,5,5,5,555,15
1109,653,1,82.4,1,1,1,111,3
1110,99,2,165.0,3,2,1,321,6
1111,1,4,2501.84,5,3,4,534,12
1112,464,2,592.24,1,2,2,122,5
1113,61,8,2657.7599999999998,3,4,4,344,11
1114,236,3,646.59,2,3,3,233,8
1115,191,4,1431.78,2,3,4,234,9
1116,179,5,2061.4700000000003,3,4,4,344,11
1117,38,11,2819.17,4,5,4,454,13
1118,469,5,2215.78,1,4,4,144,9
1119,201,4,851.37,2,3,3,233,8
1120,417,2,627.82,1,2,3,123,6
1121,46,11,3830.84,4,5,5,455,14
1122,232,2,336.09,2,2,2,222,6
1123,66,1,140.34,3,1,1,311,5
1124,241,3,790.72,2,3,3,233,8
1125,233,11,3019.2200000000003,2,5,5,255,12
1126,78,3,1122.41,3,3,3,333,9
1127,58,5,846.87,4,4,3,443,11
1128,17,23,14205.96,5,5,5,555,15
1129,105,4,449.52,3,3,2,332,8
1130,654,1,154.25,1,1,1,111,3
1131,52,27,4467.66,4,5,5,455,14
1132,136,3,1269.84,3,3,4,334,10
1133,275,2,618.63,2,2,3,223,7
1134,312,1,316.26000000000005,2,1,2,212,5
1135,8,10,4863.31,5,5,5,555,15
1136,11,2,653.33,5,2,3,523,10
1137,283,6,1166.83,2,4,3,243,9
1138,730,1,327.38,1,1,2,112,4
1139,18,5,1159.11,5,4,3,543,12
1140,23,4,1466.3,4,3,4,434,11
1141,288,3,2885.11,2,3,4,234,9
1142,17,5,780.5,5,4,3,543,12
1143,71,6,1859.24,3,4,4,344,11
1144,64,1,295.93,3,1,2,312,6
1145,73,4,4393.63,3,3,5,335,11
1146,316,5,1338.08,2,4,4,244,10
1147,3,4,2479.16,5,3,4,534,12
1148,244,2,287.05,2,2,2,222,6
1149,9,8,1114.72,5,4,3,543,12
1150,1,11,4558.29,5,5,5,555,15
1151,677,1,282.76,1,1,1,111,3
1152,261,4,713.39,2,3,3,233,8
1153,127,3,824.59,3,3,3,333,9
1154,74,4,815.9000000000001,3,3,3,333,9
1155,73,6,1265.82,3,4,4,344,11
1156,21,4,1685.26,4,3,4,434,11
1157,60,3,2128.42,3,3,4,334,10
1158,86,1,627.16,3,1,3,313,7
1159,78,2,343.21,3,2,2,322,7
1160,59,11,6606.0,4,5,5,455,14
1161,1,3,1071.73,5,3,3,533,11
1162,30,1,125.80000000000001,4,1,1,411,6
1163,33,6,4534.57,4,4,5,445,13
1164,41,5,680.1800000000001,4,4,3,443,11
1165,15,2,628.78,5,2,3,523,10
1166,738,2,1182.0,1,2,3,123,6
1167,34,12,4541.29,4,5,5,455,14
1168,79,2,307.76,3,2,2,322,7
1169,634,1,402.97999999999996,1,1,2,112,4
1170,205,6,1433.07,2,4,4,244,10
1171,34,1,210.31,4,1,1,411,6
1172,183,3,269.09,3,3,1,331,7
1173,2,35,7720.9,5,5,5,555,15
1174,403,1,89.5,2,1,1,211,4
1175,1,7,3444.39,5,4,5,545,14
1176,426,2,717.85,1,2,3,123,6
1177,43,12,3103.13,4,5,5,455,14
1178,86,7,1569.3600000000001,3,4,4,344,11
1179,467,3,632.39,1,3,3,133,7
1180,427,2,785.25,1,2,3,123,6
1181,377,17,3959.4900000000002,2,5,5,255,12
1182,634,2,1439.6100000000001,1,2,4,124,7
1183,40,6,790.2,4,4,3,443,11
1184,391,2,364.93,2,2,2,222,6
1185,12,5,1086.24,5,4,3,543,12
1186,408,1,167.08,2,1,1,211,4
1187,96,3,901.44,3,3,3,333,9
1188,26,8,1005.8,4,4,3,443,11
1189,383,1,342.55,2,1,2,212,5
1190,319,2,244.2,2,2,1,221,5
1191,66,22,6948.92,3,5,5,355,13
1192,675,1,499.6,1,1,2,112,4
1193,380,7,1629.35,2,4,4,244,10
1194,74,13,8891.84,3,5,5,355,13
1195,429,2,200.82,1,2,1,121,4
1196,28,13,3032.26,4,5,5,455,14
1197,6,4,594.52,5,3,2,532,10
1198,513,2,990.0,1,2,3,123,6
1199,7,1,171.42000000000002,5,1,1,511,7
1200,216,11,1803.4,2,5,4,254,11
1201,82,8,4838.18,3,4,5,345,12
1202,84,2,777.53,3,2,3,323,8
1203,144,37,16498.97,3,5,5,355,13
1204,19,3,414.8,5,3,2,532,10
1205,41,5,1688.6,4,4,4,444,12
1206,428,4,1079.29,1,3,3,133,7
1207,173,1,187.05,3,1,1,311,5
1208,17,4,726.54,5,3,3,533,11
1209,243,1,239.49,2,1,1,211,4
1210,13,26,4537.26,5,5,5,555,15
1211,206,1,1384.25,2,1,4,214,7
1212,50,6,904.52,4,4,3,443,11
1213,411,1,404.45,1,1,2,112,4
1214,23,5,732.0699999999999,4,4,3,443,11
1215,10,28,11202.59,5,5,5,555,15
1216,25,11,3489.28,4,5,5,455,14
1217,409,1,147.66,2,1,1,211,4
1218,15,5,1374.34,5,4,4,544,13
1219,406,1,107.75,2,1,1,211,4
1220,309,2,280.53000000000003,2,2,1,221,5
1221,390,2,241.68,2,2,1,221,5
1222,156,2,1445.031,3,2,4,324,9
1223,307,3,385.7,2,3,2,232,7
1224,531,3,684.54,1,3,3,133,7
1225,541,1,127.28,1,1,1,111,3
1226,64,4,1673.5,3,3,4,334,10
1227,16,9,2478.95,5,5,4,554,14
1228,15,6,1120.74,5,4,3,543,12
1229,11,18,6336.04,5,5,5,555,15
1230,65,7,2093.94,3,4,4,344,11
1231,36,4,247.95999999999998,4,3,1,431,8
1232,108,14,5493.29,3,5,5,355,13
1233,53,2,533.32,4,2,2,422,8
1234,517,3,784.48,1,3,3,133,7
1235,6,2,664.11,5,2,3,523,10
1236,400,2,396.71,2,2,2,222,6
1237,47,5,761.96,4,4,3,443,11
1238,1,33,9811.04,5,5,5,555,15
1239,312,2,518.42,2,2,2,222,6
1240,45,4,1159.99,4,3,3,433,10
1241,65,4,1025.17,3,3,3,333,9
1242,26,1,164.34,4,1,1,411,6
1243,659,1,717.62,1,1,3,113,5
1244,387,2,522.67,2,2,2,222,6
1245,29,3,276.75,4,3,1,431,8
1246,40,2,1075.81,4,2,3,423,9
1247,541,1,232.05,1,1,1,111,3
1248,593,1,167.35,1,1,1,111,3
1249,12,14,2103.71,5,5,4,554,14
1250,89,10,3297.9300000000003,3,5,5,355,13
1251,633,1,818.29,1,1,3,113,5
1252,453,5,1039.8500000000001,1,4,3,143,8
1253,24,6,2332.74,4,4,4,444,12
1254,319,8,6272.53,2,4,5,245,11
1255,568,2,283.85,1,2,1,121,4
1256,40,8,1278.75,4,4,4,444,12
1257,174,1,177.34,3,1,1,311,5
1258,545,2,224.94,1,2,1,121,4
1259,528,1,112.34,1,1,1,111,3
1260,117,1,213.85,3,1,1,311,5
1261,696,1,658.95,1,1,3,113,5
1262,31,10,2533.06,4,5,4,454,13
1263,388,1,462.08,2,1,2,212,5
1264,597,1,301.26,1,1,2,112,4
1265,253,2,707.04,2,2,3,223,7
1266,59,7,2245.9,4,4,4,444,12
1267,676,1,310.14,1,1,2,112,4
1268,23,19,13370.86,4,5,5,455,14
1269,5,7,2031.78,5,4,4,544,13
1270,100,11,3070.42,3,5,5,355,13
1271,25,8,3645.81,4,4,5,445,13
1272,33,16,5033.77,4,5,5,455,14
1273,68,4,2999.16,3,3,5,335,11
1274,37,5,949.12,4,4,3,443,11
1275,52,3,804.3,4,3,3,433,10
1276,16,1,122.64,5,1,1,511,7
1277,74,2,1346.27,3,2,4,324,9
1278,611,1,405.0,1,1,2,112,4
1279,641,5,1016.47,1,4,3,143,8
1280,216,4,472.2,2,3,2,232,7
1281,31,10,2156.77,4,5,4,454,13
1282,16,4,2624.26,5,3,4,534,12
1283,120,1,252.1,3,1,1,311,5
1284,400,2,326.25,2,2,2,222,6
1285,10,8,3041.68,5,4,5,545,14
1286,400,8,1764.02,2,4,4,244,10
1287,257,6,1453.68,2,4,4,244,10
1288,17,10,3288.0,5,5,5,555,15
1289,35,3,226.85,4,3,1,431,8
1290,46,5,2262.05,4,4,4,444,12
1291,488,1,152.2,1,1,1,111,3
1292,43,11,6308.0,4,5,5,455,14
1293,114,6,2280.51,3,4,4,344,11
1294,165,4,1078.85,3,3,3,333,9
1295,11,2,382.14,5,2,2,522,9
1296,10,9,6025.5,5,5,5,555,15
1297,206,12,4884.68,2,5,5,255,12
1298,400,1,306.64,2,1,2,212,5
1299,603,1,325.24,1,1,2,112,4
1300,86,11,2233.61,3,5,4,354,12
1301,179,5,2047.51,3,4,4,344,11
1302,386,3,1711.6599999999999,2,3,4,234,9
1303,60,5,127.89999999999999,3,4,1,341,8
1304,149,1,299.05,3,1,2,312,6
1305,3,35,12948.48,5,5,5,555,15
1306,51,3,413.55,4,3,2,432,9
1307,75,1,349.7,3,1,2,312,6
1308,395,1,172.6,2,1,1,211,4
1309,301,3,419.92,2,3,2,232,7
1310,19,2,387.44,5,2,2,522,9
1311,433,1,240.68,1,1,1,111,3
1312,151,2,486.82000000000005,3,2,2,322,7
1313,539,2,243.9,1,2,1,121,4
1314,405,2,551.24,2,2,2,222,6
1315,152,1,232.6,3,1,1,311,5
1316,494,3,281.26,1,3,1,131,5
1317,1,12,11419.67,5,5,5,555,15
1318,18,4,827.83,5,3,3,533,11
1319,187,1,59.5,3,1,1,311,5
1320,458,1,258.6,1,1,1,111,3
1321,286,4,594.88,2,3,2,232,7
1322,3,7,3119.44,5,4,5,545,14
1323,183,3,409.04,3,3,2,332,8
1324,438,1,11880.84,1,1,5,115,7
1325,635,1,375.5,1,1,2,112,4
1326,63,2,1259.5,3,2,4,324,9
1327,59,1,172.25,4,1,1,411,6
1328,396,1,212.78,2,1,1,211,4
1329,25,5,3114.4,4,4,5,445,13
1330,374,9,2011.82,2,5,4,254,11
1331,4,143,195640.69,5,5,5,555,15
1332,31,16,2770.73,4,5,4,454,13
1333,422,3,2020.4,1,3,4,134,8
1334,39,1,151.29999999999998,4,1,1,411,6
1335,597,2,451.73,1,2,2,122,5
1336,155,2,764.15,3,2,3,323,8
1337,26,13,2596.9700000000003,4,5,4,454,13
1338,447,1,161.0,1,1,1,111,3
1339,446,1,135.18,1,1,1,111,3
1340,318,2,425.56,2,2,2,222,6
1341,5,9,2308.06,5,5,4,554,14
1342,8,7,1717.19,5,4,4,544,13
1343,303,2,631.17,2,2,3,223,7
1344,267,5,3365.86,2,4,5,245,11
1345,271,1,285.33,2,1,1,211,4
1346,4,18,7571.35,5,5,5,555,15
1347,32,3,509.52,4,3,2,432,9
1348,219,9,1792.26,2,5,4,254,11
1349,247,2,766.42,2,2,3,223,7
1350,408,3,740.76,2,3,3,233,8
1351,465,1,161.35,1,1,1,111,3
1352,281,17,8153.04,2,5,5,255,12
1353,269,1,138.28,2,1,1,211,4
1354,32,8,1763.3,4,4,4,444,12
1355,246,2,306.55,2,2,2,222,6
1356,15,11,2783.08,5,5,4,554,14
1357,117,4,799.9,3,3,3,333,9
1358,36,2,741.54,4,2,3,423,9
1359,132,10,5635.41,3,5,5,355,13
1360,217,6,1194.08,2,4,3,243,9
1361,637,1,213.01,1,1,1,111,3
1362,50,8,1980.56,4,4,4,444,12
1363,39,2,1079.6599999999999,4,2,3,423,9
1364,29,8,1074.15,4,4,3,443,11
1365,37,16,2855.17,4,5,4,454,13
1366,436,3,724.73,1,3,3,133,7
1367,136,2,752.6,3,2,3,323,8
1368,219,2,610.59,2,2,3,223,7
1369,28,1,491.86,4,1,2,412,7
1370,411,2,487.03000000000003,1,2,2,122,5
1371,509,4,6695.6900000000005,1,3,5,135,9
1372,25,13,9762.77,4,5,5,455,14
1373,5,7,2752.47,5,4,4,544,13
1374,200,1,339.59999999999997,2,1,2,212,5
1375,396,1,434.78000000000003,2,1,2,212,5
1376,18,2,292.2,5,2,2,522,9
1377,241,5,1582.77,2,4,4,244,10
1378,72,3,668.4300000000001,3,3,3,333,9
1379,17,12,3107.87,5,5,5,555,15
1380,3,7,1341.6,5,4,4,544,13
1381,95,2,1080.52,3,2,3,323,8
1382,162,2,777.36,3,2,3,323,8
1383,414,1,176.69,1,1,1,111,3
1384,374,2,169.79999999999998,2,2,1,221,5
1385,96,9,2064.35,3,5,4,354,12
1386,54,11,3602.1800000000003,4,5,5,455,14
1387,288,1,296.25,2,1,2,212,5
1388,124,7,1579.8300000000002,3,4,4,344,11
1389,288,4,2094.57,2,3,4,234,9
1390,152,3,447.05,3,3,2,332,8
1391,4,9,2108.06,5,5,4,554,14
1392,2,23,8655.95,5,5,5,555,15
1393,675,1,195.55,1,1,1,111,3
1394,12,15,8698.13,5,5,5,555,15
1395,33,2,659.4100000000001,4,2,3,423,9
1396,54,5,1363.6399999999999,4,4,4,444,12
1397,50,6,1952.17,4,4,4,444,12
1398,219,5,2472.48,2,4,4,244,10
1399,63,3,5217.4400000000005,3,3,5,335,11
1400,71,6,2919.62,3,4,5,345,12
1401,653,1,352.821,1,1,2,112,4
1402,495,1,190.35,1,1,1,111,3
1403,2,73,33903.57,5,5,5,555,15
1404,727,2,875.97,1,2,3,123,6
1405,2,20,5478.12,5,5,5,555,15
1406,422,4,785.37,1,3,3,133,7
1407,64,9,5728.82,3,5,5,355,13
1408,34,8,3100.02,4,4,5,445,13
1409,397,2,301.54,2,2,2,222,6
1410,82,1,345.0,3,1,2,312,6
1411,591,1,1049.66,1,1,3,113,5
1412,428,2,623.98,1,2,3,123,6
1413,1,61,49638.26,5,5,5,555,15
1414,103,4,1124.49,3,3,3,333,9
1415,516,1,161.13,1,1,1,111,3
1416,7,3,732.07,5,3,3,533,11
1417,251,3,778.83,2,3,3,233,8
1418,13,13,1786.08,5,5,4,554,14
1419,488,4,1542.09,1,3,4,134,8
1420,10,14,2910.23,5,5,5,555,15
1421,429,4,542.49,1,3,2,132,6
1422,367,6,3127.99,2,4,5,245,11
1423,76,6,1222.5,3,4,4,344,11
1424,505,1,3.75,1,1,1,111,3
1425,388,1,239.45999999999998,2,1,1,211,4
1426,4,1,348.8,5,1,2,512,8
1427,128,2,1516.0,3,2,4,324,9
1428,66,3,383.95,3,3,2,332,8
1429,647,1,96.0,1,1,1,111,3
1430,547,1,126.03,1,1,1,111,3
1431,388,4,836.3,2,3,3,233,8
1432,499,1,289.7,1,1,2,112,4
1433,437,3,1179.45,1,3,3,133,7
1434,1,110,75428.87,5,5,5,555,15
1435,117,9,2803.57,3,5,4,354,12
1436,310,3,1679.56,2,3,4,234,9
1437,67,1,324.8,3,1,2,312,6
1438,139,19,26259.11,3,5,5,355,13
1439,255,3,1338.91,2,3,4,234,9
1440,31,9,3161.12,4,5,5,455,14
1441,52,2,924.6,4,2,3,423,9
1442,64,1,256.38,3,1,1,311,5
1443,367,3,422.2,2,3,2,232,7
1444,6,5,1747.66,5,4,4,544,13
1445,305,3,679.7,2,3,3,233,8
1446,29,3,1499.01,4,3,4,434,11
1447,184,3,814.5,3,3,3,333,9
1448,42,3,539.0,4,3,2,432,9
1449,40,8,2765.47,4,4,4,444,12
1450,92,3,2257.32,3,3,4,334,10
1451,22,8,7475.74,4,4,5,445,13
1452,24,2,571.6700000000001,4,2,2,422,8
1453,29,2,382.98,4,2,2,422,8
1454,430,1,61.28,1,1,1,111,3
1455,302,6,2642.35,2,4,4,244,10
1456,418,3,652.75,1,3,3,133,7
1457,145,6,1379.08,3,4,4,344,11
1458,6,2,632.0,5,2,3,523,10
1459,19,7,3403.4500000000003,5,4,5,545,14
1460,33,12,3314.76,4,5,5,455,14
1461,622,2,255.59,1,2,1,121,4
1462,176,1,189.5,3,1,1,311,5
1463,58,3,409.8,4,3,2,432,9
1464,22,1,209.49,4,1,1,411,6
1465,421,1,102.0,1,1,1,111,3
1466,582,1,156.85000000000002,1,1,1,111,3
1467,16,18,6585.54,5,5,5,555,15
1468,19,2,609.89,5,2,3,523,10
1469,159,2,700.41,3,2,3,323,8
1470,577,2,324.19,1,2,2,122,5
1471,25,7,1095.27,4,4,3,443,11
1472,399,2,620.37,2,2,3,223,7
1473,212,2,266.59000000000003,2,2,1,221,5
1474,6,10,1690.07,5,5,4,554,14
1475,486,1,139.95000000000002,1,1,1,111,3
1476,416,1,651.4,1,1,3,113,5
1477,253,1,85.0,2,1,1,211,4
1478,59,18,5319.34,4,5,5,455,14
1479,381,1,319.75,2,1,2,212,5
1480,11,1,361.62,5,1,2,512,8
1481,65,1,312.98,3,1,2,312,6
1482,25,4,1307.79,4,3,4,434,11
1483,720,1,310.72,1,1,2,112,4
1484,92,8,3015.0,3,4,5,345,12
1485,52,5,3469.3,4,4,5,445,13
1486,129,1,1595.48,3,1,4,314,8
1487,96,8,4606.46,3,4,5,345,12
1488,611,1,187.35000000000002,1,1,1,111,3
1489,57,1,1090.14,4,1,3,413,8
1490,9,39,11944.56,5,5,5,555,15
1491,501,4,1310.3400000000001,1,3,4,134,8
1492,169,11,1142.03,3,5,3,353,11
1493,393,6,1001.01,2,4,3,243,9
1494,57,1,216.17,4,1,1,411,6
1495,326,2,515.86,2,2,2,222,6
1496,1,5,1245.9,5,4,4,544,13
1497,429,2,273.26,1,2,1,121,4
1498,18,9,2556.09,5,5,4,554,14
1499,248,4,1239.55,2,3,4,234,9
1500,387,1,662.4000000000001,2,1,3,213,6
1501,58,4,501.56,4,3,2,432,9
1502,74,1,145.67000000000002,3,1,1,311,5
1503,31,3,1005.09,4,3,3,433,10
1504,7,2,3192.54,5,2,5,525,12
1505,123,10,7996.87,3,5,5,355,13
1506,2,15,5712.08,5,5,5,555,15
1507,23,17,7885.85,4,5,5,455,14
1508,527,3,919.57,1,3,3,133,7
1509,120,8,1038.92,3,4,3,343,10
1510,358,7,2049.15,2,4,4,244,10
1511,54,14,4814.37,4,5,5,455,14
1512,64,1,122.7,3,1,1,311,5
1513,86,3,449.68,3,3,2,332,8
1514,55,4,2416.9,4,3,4,434,11
1515,646,1,395.5,1,1,2,112,4
1516,21,17,4293.86,4,5,5,455,14
1517,4,43,45179.1,5,5,5,555,15
1518,3,5,1191.13,5,4,3,543,12
1519,11,15,6560.02,5,5,5,555,15
1520,7,10,1825.03,5,5,4,554,14
1521,189,2,506.8,3,2,2,322,7
1522,71,1,243.56,3,1,1,311,5
1523,204,1,349.55,2,1,2,212,5
1524,120,7,2001.59,3,4,4,344,11
1525,93,6,1991.23,3,4,4,344,11
1526,1,14,2927.38,5,5,5,555,15
1527,378,3,859.21,2,3,3,233,8
1528,27,6,1267.6499999999999,4,4,4,444,12
1529,298,1,821.1,2,1,3,213,6
1530,24,3,564.62,4,3,2,432,9
1531,28,6,4008.52,4,4,5,445,13
1532,626,1,388.55,1,1,2,112,4
1533,50,3,1160.72,4,3,3,433,10
1534,326,2,686.4,2,2,3,223,7
1535,16,2,388.52,5,2,2,522,9
1536,183,6,1610.59,3,4,4,344,11
1537,72,15,5676.34,3,5,5,355,13
1538,632,5,34095.26,1,4,5,145,10
1539,400,1,165.45000000000002,2,1,1,211,4
1540,37,2,332.64,4,2,2,422,8
1541,733,1,312.65,1,1,2,112,4
1542,409,1,42.0,2,1,1,211,4
1543,692,1,136.8,1,1,1,111,3
1544,80,4,2369.55,3,3,4,334,10
1545,423,2,282.85,1,2,1,121,4
1546,57,20,4234.99,4,5,5,455,14
1547,424,1,124.95,1,1,1,111,3
1548,507,1,42.22,1,1,1,111,3
1549,12,2,626.45,5,2,3,523,10
1550,394,1,70.80000000000001,2,1,1,211,4
1551,464,4,1275.81,1,3,4,134,8
1552,50,2,272.04,4,2,1,421,7
1553,50,2,1212.8400000000001,4,2,3,423,9
1554,59,4,1360.68,4,3,4,434,11
1555,432,4,1774.68,1,3,4,134,8
1556,402,4,730.7,2,3,3,233,8
1557,352,3,865.2,2,3,3,233,8
1558,54,1,351.13,4,1,2,412,7
1559,2,6,1838.8500000000001,5,4,4,544,13
1560,93,4,678.25,3,3,3,333,9
1561,23,1,223.85000000000002,4,1,1,411,6
1562,75,2,708.26,3,2,3,323,8
1563,11,4,464.57,5,3,2,532,10
1564,169,11,3494.1,3,5,5,355,13
1565,58,2,337.34,4,2,2,422,8
1566,96,11,5257.38,3,5,5,355,13
1567,295,1,307.4,2,1,2,212,5
1568,109,2,608.7900000000001,3,2,2,322,7
1569,264,1,922.1,2,1,3,213,6
1570,597,3,6116.92,1,3,5,135,9
1571,180,3,939.66,3,3,3,333,9
1572,169,2,880.13,3,2,3,323,8
1573,35,1,71.66,4,1,1,411,6
1574,23,7,1560.96,4,4,4,444,12
1575,17,4,839.14,5,3,3,533,11
1576,22,15,10027.18,4,5,5,455,14
1577,535,1,320.0,1,1,2,112,4
1578,578,1,246.54,1,1,1,111,3
1579,653,1,200.43,1,1,1,111,3
1580,395,2,854.15,2,2,3,223,7
1581,79,6,1876.23,3,4,4,344,11
1582,65,1,90.6,3,1,1,311,5
1583,361,4,548.76,2,3,2,232,7
1584,3,6,2427.32,5,4,4,544,13
1585,11,4,745.06,5,3,3,533,11
1586,176,3,674.45,3,3,3,333,9
1587,218,14,12823.521,2,5,5,255,12
1588,7,12,6640.68,5,5,5,555,15
1589,2,2,439.92,5,2,2,522,9
1590,154,3,544.0699999999999,3,3,2,332,8
1591,5,5,1019.27,5,4,3,543,12
1592,418,3,458.25,1,3,2,132,6
1593,380,8,4709.2300000000005,2,4,5,245,11
1594,79,6,1064.77,3,4,3,343,10
1595,21,2,230.22,4,2,1,421,7
1596,392,1,538.4,2,1,2,212,5
1597,22,3,362.8,4,3,2,432,9
1598,308,17,2860.57,2,5,4,254,11
1599,387,2,438.9,2,2,2,222,6
1600,477,3,996.61,1,3,3,133,7
1601,435,1,384.26,1,1,2,112,4
1602,146,2,166.3,3,2,1,321,6
1603,423,1,123.66,1,1,1,111,3
1604,7,35,12973.460000000001,5,5,5,555,15
1605,386,2,846.55,2,2,3,223,7
1606,19,14,4667.57,5,5,5,555,15
1607,71,2,190.25,3,2,1,321,6
1608,287,1,264.7,2,1,1,211,4
1609,49,2,677.72,4,2,3,423,9
1610,31,12,5256.4,4,5,5,455,14
1611,207,4,1192.36,2,3,3,233,8
1612,411,1,519.8100000000001,1,1,2,112,4
1613,15,2,196.79000000000002,5,2,1,521,8
1614,73,7,3379.93,3,4,5,345,12
1615,60,5,768.82,3,4,3,343,10
1616,416,1,331.14,1,1,2,112,4
1617,39,9,3954.29,4,5,5,455,14
1618,30,21,6753.89,4,5,5,455,14
1619,27,12,1893.8,4,5,4,454,13
1620,4,22,10020.86,5,5,5,555,15
1621,17,1,320.46,5,1,2,512,8
1622,380,2,682.54,2,2,3,223,7
1623,20,8,4757.8,4,4,5,445,13
1624,66,5,2026.06,3,4,4,344,11
1625,213,1,311.3,2,1,2,212,5
1626,12,6,852.88,5,4,3,543,12
1627,30,3,219.5,4,3,1,431,8
1628,43,19,6775.71,4,5,5,455,14
1629,4,6,2274.14,5,4,4,544,13
1630,15,14,3902.01,5,5,5,555,15
1631,386,2,895.76,2,2,3,223,7
1632,519,3,376.46,1,3,2,132,6
1633,447,3,566.7,1,3,2,132,6
1634,10,29,9502.26,5,5,5,555,15
1635,211,5,2046.3400000000001,2,4,4,244,10
1636,46,9,4228.85,4,5,5,455,14
1637,134,2,529.73,3,2,2,322,7
1638,733,1,209.41,1,1,1,111,3
1639,43,11,6258.45,4,5,5,455,14
1640,10,5,2874.72,5,4,4,544,13
1641,116,7,2196.67,3,4,4,344,11
1642,513,1,79.48,1,1,1,111,3
1643,432,1,509.04,1,1,2,112,4
1644,198,3,1099.91,2,3,3,233,8
1645,565,2,445.15,1,2,2,122,5
1646,480,2,457.82,1,2,2,122,5
1647,278,1,328.8,2,1,2,212,5
1648,110,5,1084.57,3,4,3,343,10
1649,77,3,1948.21,3,3,4,334,10
1650,53,1,917.34,4,1,3,413,8
1651,162,11,11403.41,3,5,5,355,13
1652,571,1,229.75,1,1,1,111,3
1653,645,1,367.15000000000003,1,1,2,112,4
1654,47,3,1421.61,4,3,4,434,11
1655,17,4,1249.01,5,3,4,534,12
1656,155,7,1716.58,3,4,4,344,11
1657,225,2,792.15,2,2,3,223,7
1658,7,2,584.07,5,2,2,522,9
1659,122,3,645.74,3,3,3,333,9
1660,465,8,4057.9,1,4,5,145,10
1661,471,2,713.11,1,2,3,123,6
1662,61,1,104.82,3,1,1,311,5
1663,550,3,10396.5,1,3,5,135,9
1664,63,2,467.66,3,2,2,322,7
1665,18,20,7521.8,5,5,5,555,15
1666,7,44,39019.51,5,5,5,555,15
1667,2,16,4546.41,5,5,5,555,15
1668,555,1,109.44,1,1,1,111,3
1669,22,3,648.89,4,3,3,433,10
1670,29,9,2794.75,4,5,4,454,13
1671,285,1,626.65,2,1,3,213,6
1672,176,6,836.95,3,4,3,343,10
1673,78,5,3069.88,3,4,5,345,12
1674,33,2,267.28000000000003,4,2,1,421,7
1675,41,35,12523.81,4,5,5,455,14
1676,266,1,141.41,2,1,1,211,4
1677,725,1,431.98,1,1,2,112,4
1678,491,2,302.6,1,2,2,122,5
1679,27,10,3077.7,4,5,5,455,14
1680,109,16,10986.63,3,5,5,355,13
1681,284,1,154.99,2,1,1,211,4
1682,9,14,3968.11,5,5,5,555,15
1683,305,3,748.69,2,3,3,233,8
1684,17,13,13023.4,5,5,5,555,15
1685,32,2,746.36,4,2,3,423,9
1686,1,37,21770.98,5,5,5,555,15
1687,20,2,466.66,4,2,2,422,8
1688,124,4,572.3,3,3,2,332,8
1689,65,1,92.46,3,1,1,311,5
1690,106,3,1520.96,3,3,4,334,10
1691,1,23,8152.71,5,5,5,555,15
1692,24,22,8346.66,4,5,5,455,14
1693,463,2,469.19,1,2,2,122,5
1694,267,1,183.6,2,1,1,211,4
1695,5,30,8898.24,5,5,5,555,15
1696,507,3,917.4300000000001,1,3,3,133,7
1697,10,24,25585.65,5,5,5,555,15
1698,438,9,22710.2,1,5,5,155,11
1699,29,15,3260.24,4,5,5,455,14
1700,389,3,891.02,2,3,3,233,8
1701,267,1,152.55,2,1,1,211,4
1702,64,2,374.7,3,2,2,322,7
1703,320,4,1516.72,2,3,4,234,9
1704,515,2,225.81,1,2,1,121,4
1705,685,1,321.6,1,1,2,112,4
1706,4,8,1437.57,5,4,4,544,13
1707,667,1,390.85,1,1,2,112,4
1708,32,1,151.04,4,1,1,411,6
1709,623,1,219.39999999999998,1,1,1,111,3
1710,5,6,1734.87,5,4,4,544,13
1711,129,1,118.67,3,1,1,311,5
1712,41,6,615.0799999999999,4,4,3,443,11
1713,102,9,1553.47,3,5,4,354,12
1714,125,2,618.73,3,2,3,323,8
1715,33,5,1115.68,4,4,3,443,11
1716,302,10,4867.57,2,5,5,255,12
1717,365,2,413.36,2,2,2,222,6
1718,4,11,1082.19,5,5,3,553,13
1719,512,1,150.5,1,1,1,111,3
1720,2,33,9720.67,5,5,5,555,15
1721,463,1,39.95,1,1,1,111,3
1722,3,3,829.47,5,3,3,533,11
1723,10,16,64036.8,5,5,5,555,15
1724,57,1,158.75,4,1,1,411,6
1725,325,1,76.32000000000001,2,1,1,211,4
1726,654,2,9530.08,1,2,5,125,8
1727,8,24,7229.45,5,5,5,555,15
1728,12,1,433.86,5,1,2,512,8
1729,440,1,311.77,1,1,2,112,4
1730,723,1,2.95,1,1,1,111,3
1731,4,17,65164.79,5,5,5,555,15
1732,481,2,422.85999999999996,1,2,2,122,5
1733,37,1,147.35,4,1,1,411,6
1734,16,20,5750.91,5,5,5,555,15
1735,138,1,191.95000000000002,3,1,1,311,5
1736,74,13,9961.93,3,5,5,355,13
1737,5,5,1105.8799999999999,5,4,3,543,12
1738,155,5,743.53,3,4,3,343,10
1739,239,5,5988.83,2,4,5,245,11
1740,737,1,214.79999999999998,1,1,1,111,3
1741,52,11,4877.3,4,5,5,455,14
1742,31,4,1044.96,4,3,3,433,10
1743,73,1,144.2,3,1,1,311,5
1744,4,33,12987.95,5,5,5,555,15
1745,14,4,692.85,5,3,3,533,11
1746,23,13,5834.59,4,5,5,455,14
1747,4,16,7092.610000000001,5,5,5,555,15
1748,274,7,1364.09,2,4,4,244,10
1749,502,2,622.6700000000001,1,2,3,123,6
1750,20,5,1382.74,4,4,4,444,12
1751,144,1,90.0,3,1,1,311,5
1752,429,1,458.45,1,1,2,112,4
1753,376,2,183.37,2,2,1,221,5
1754,4,4,2780.15,5,3,4,534,12
1755,406,3,362.42,2,3,2,232,7
1756,733,1,436.18,1,1,2,112,4
1757,84,1,419.58000000000004,3,1,2,312,6
1758,11,3,2720.63,5,3,4,534,12
1759,8,4,1172.46,5,3,3,533,11
1760,123,6,1900.0800000000002,3,4,4,344,11
1761,61,3,924.21,3,3,3,333,9
1762,2,9,2591.34,5,5,4,554,14
1763,319,4,1858.77,2,3,4,234,9
1764,649,1,168.22,1,1,1,111,3
1765,2,11,3586.0299999999997,5,5,5,555,15
1766,130,4,911.14,3,3,3,333,9
1767,383,15,11123.35,2,5,5,255,12
1768,2,24,8839.67,5,5,5,555,15
1769,401,5,1570.81,2,4,4,244,10
1770,696,1,332.7,1,1,2,112,4
1771,2,2,965.8800000000001,5,2,3,523,10
1772,46,4,1086.8,4,3,3,433,10
1773,4,2,935.05,5,2,3,523,10
1774,3,4,915.13,5,3,3,533,11
1775,373,2,671.34,2,2,3,223,7
1776,134,1,115.8,3,1,1,311,5
1777,486,1,30.599999999999998,1,1,1,111,3
1778,47,7,7600.05,4,4,5,445,13
1779,9,12,9450.3,5,5,5,555,15
1780,78,9,2590.2,3,5,4,354,12
1781,234,2,466.29,2,2,2,222,6
1782,221,1,446.62,2,1,2,212,5
1783,36,2,658.64,4,2,3,423,9
1784,673,2,679.45,1,2,3,123,6
1785,75,7,1997.3400000000001,3,4,4,344,11
1786,483,1,233.4,1,1,1,111,3
1787,239,8,6460.7,2,4,5,245,11
1788,266,1,118.75,2,1,1,211,4
1789,10,156,313437.62,5,5,5,555,15
1790,20,5,978.69,4,4,3,443,11
1791,40,1,507.66,4,1,2,412,7
1792,20,20,7860.8,4,5,5,455,14
1793,610,7,8421.47,1,4,5,145,10
1794,216,7,2996.93,2,4,5,245,11
1795,174,2,289.36,3,2,2,322,7
1796,87,5,2594.62,3,4,4,344,11
1797,71,2,1631.77,3,2,4,324,9
1798,276,1,120.44,2,1,1,211,4
1799,505,2,251.15,1,2,1,121,4
1800,39,8,1274.29,4,4,4,444,12
1801,421,2,370.45,1,2,2,122,5
1802,431,2,621.51,1,2,3,123,6
1803,375,3,570.18,2,3,2,232,7
1804,98,2,498.79,3,2,2,322,7
1805,605,3,369.02,1,3,2,132,6
1806,11,6,586.0,5,4,2,542,11
1807,33,1,134.46,4,1,1,411,6
1808,60,8,7678.88,3,4,5,345,12
1809,297,5,756.46,2,4,3,243,9
1810,86,13,2209.69,3,5,4,354,12
1811,9,7,1600.26,5,4,4,544,13
1812,41,2,701.57,4,2,3,423,9
1813,11,33,6117.5,5,5,5,555,15
1814,411,2,308.35,1,2,2,122,5
1815,444,4,678.77,1,3,3,133,7
1816,411,2,278.34000000000003,1,2,1,121,4
1817,67,1,452.89,3,1,2,312,6
1818,331,1,197.65,2,1,1,211,4
1819,427,5,1550.63,1,4,4,144,9
1820,474,1,123.5,1,1,1,111,3
1821,31,6,2054.36,4,4,4,444,12
1822,2,16,5503.15,5,5,5,555,15
1823,666,1,79.9,1,1,1,111,3
1824,2,15,4817.66,5,5,5,555,15
1825,388,1,293.74,2,1,2,212,5
1826,68,3,1210.19,3,3,3,333,9
1827,5,36,18670.59,5,5,5,555,15
1828,202,6,2615.6,2,4,4,244,10
1829,107,1,335.52,3,1,2,312,6
1830,411,1,390.05,1,1,2,112,4
1831,18,9,1569.73,5,5,4,554,14
1832,218,4,1091.7,2,3,3,233,8
1833,617,1,379.2,1,1,2,112,4
1834,60,10,1193.54,3,5,3,353,11
1835,381,3,847.76,2,3,3,233,8
1836,397,1,339.34,2,1,2,212,5
1837,2,4,1024.83,5,3,3,533,11
1838,17,9,2414.2,5,5,4,554,14
1839,239,3,1185.01,2,3,3,233,8
1840,688,1,157.8,1,1,1,111,3
1841,95,2,567.05,3,2,2,322,7
1842,11,15,4993.27,5,5,5,555,15
1843,106,16,5556.570000000001,3,5,5,355,13
1844,53,18,4402.29,4,5,5,455,14
1845,90,2,2190.14,3,2,4,324,9
1846,405,1,1192.2,2,1,3,213,6
1847,31,5,1004.38,4,4,3,443,11
1848,12,9,3250.33,5,5,5,555,15
1849,3,5,2150.04,5,4,4,544,13
1850,2,23,3298.59,5,5,5,555,15
1851,43,1,169.48000000000002,4,1,1,411,6
1852,4,3,633.83,5,3,3,533,11
1853,247,4,1515.0,2,3,4,234,9
1854,42,17,6517.49,4,5,5,455,14
1855,177,1,683.17,3,1,3,313,7
1856,92,3,991.13,3,3,3,333,9
1857,110,9,1841.71,3,5,4,354,12
1858,435,4,2031.07,1,3,4,134,8
1859,29,6,2985.13,4,4,5,445,13
1860,26,15,6368.71,4,5,5,455,14
1861,438,3,745.5,1,3,3,133,7
1862,52,7,2594.04,4,4,4,444,12
1863,436,3,979.8000000000001,1,3,3,133,7
1864,184,4,1235.6200000000001,3,3,4,334,10
1865,43,5,2048.07,4,4,4,444,12
1866,49,7,2904.27,4,4,4,444,12
1867,22,4,754.12,4,3,3,433,10
1868,75,9,4717.99,3,5,5,355,13
1869,81,5,1555.34,3,4,4,344,11
1870,373,2,471.14,2,2,2,222,6
1871,326,3,434.23,2,3,2,232,7
1872,43,21,4263.17,4,5,5,455,14
1873,30,3,1247.49,4,3,4,434,11
1874,184,2,333.70000000000005,3,2,2,322,7
1875,235,2,280.55,2,2,1,221,5
1876,9,17,7217.75,5,5,5,555,15
1877,661,1,366.41999999999996,1,1,2,112,4
1878,220,2,1693.45,2,2,4,224,8
1879,111,3,1474.06,3,3,4,334,10
1880,278,5,753.56,2,4,3,243,9
1881,318,3,1032.95,2,3,3,233,8
1882,411,12,5400.461,1,5,5,155,11
1883,7,3,1904.05,5,3,4,534,12
1884,2,5,2879.7000000000003,5,4,4,544,13
1885,381,1,350.99,2,1,2,212,5
1886,493,2,363.40000000000003,1,2,2,122,5
1887,433,1,601.03,1,1,2,112,4
1888,546,1,1000.63,1,1,3,113,5
1889,260,5,2460.79,2,4,4,244,10
1890,64,9,5954.45,3,5,5,355,13
1891,9,25,32051.34,5,5,5,555,15
1892,142,1,120.0,3,1,1,311,5
1893,471,3,824.28,1,3,3,133,7
1894,51,2,1163.45,4,2,3,423,9
1895,8,8,2618.23,5,4,4,544,13
1896,423,1,322.93,1,1,2,112,4
1897,155,6,1517.3600000000001,3,4,4,344,11
1898,109,4,1373.35,3,3,4,334,10
1899,428,1,40.56,1,1,1,111,3
1900,163,3,1516.24,3,3,4,334,10
1901,471,1,354.85,1,1,2,112,4
1902,439,1,295.73,1,1,2,112,4
1903,332,1,492.65000000000003,2,1,2,212,5
1904,226,2,214.18,2,2,1,221,5
1905,74,4,920.81,3,3,3,333,9
1906,51,4,559.97,4,3,2,432,9
1907,686,1,256.6,1,1,1,111,3
1908,396,6,1189.3799999999999,2,4,3,243,9
1909,99,7,2102.68,3,4,4,344,11
1910,15,9,17197.61,5,5,5,555,15
1911,410,1,205.83,2,1,1,211,4
1912,521,2,191.86,1,2,1,121,4
1913,197,1,134.04,2,1,1,211,4
1914,408,1,245.15,2,1,1,211,4
1915,3,25,7250.76,5,5,5,555,15
1916,463,4,628.4399999999999,1,3,3,133,7
1917,31,3,1299.65,4,3,4,434,11
1918,21,8,3284.42,4,4,5,445,13
1919,24,7,8479.76,4,4,5,445,13
1920,8,3,176.63,5,3,1,531,9
1921,213,1,426.6,2,1,2,212,5
1922,9,6,911.26,5,4,3,543,12
1923,11,8,4516.56,5,4,5,545,14
1924,2,23,7904.1,5,5,5,555,15
1925,8,16,9226.25,5,5,5,555,15
1926,3,9,2903.01,5,5,4,554,14
1927,407,1,375.34,2,1,2,212,5
1928,40,5,2362.91,4,4,4,444,12
1929,421,2,456.40000000000003,1,2,2,122,5
1930,18,4,1305.33,5,3,4,534,12
1931,8,82,91194.49,5,5,5,555,15
1932,8,27,14070.25,5,5,5,555,15
1933,19,1,43.2,5,1,1,511,7
1934,117,4,1992.18,3,3,4,334,10
1935,431,3,742.9000000000001,1,3,3,133,7
1936,407,2,277.94,2,2,1,221,5
1937,223,3,1725.01,2,3,4,234,9
1938,71,3,1858.96,3,3,4,334,10
1939,51,6,3151.4,4,4,5,445,13
1940,89,10,4287.92,3,5,5,355,13
1941,549,2,1147.02,1,2,3,123,6
1942,8,11,3780.81,5,5,5,555,15
1943,433,1,492.1,1,1,2,112,4
1944,243,2,516.45,2,2,2,222,6
1945,47,11,3090.29,4,5,5,455,14
1946,107,2,229.8,3,2,1,321,6
1947,45,8,3197.82,4,4,5,445,13
1948,422,5,1370.34,1,4,4,144,9
1949,65,1,508.58000000000004,3,1,2,312,6
1950,460,1,158.02,1,1,1,111,3
1951,424,1,494.85,1,1,2,112,4
1952,207,5,1346.75,2,4,4,244,10
1953,11,7,2218.06,5,4,4,544,13
1954,429,4,474.1,1,3,2,132,6
1955,115,2,605.0600000000001,3,2,2,322,7
1956,410,2,701.61,2,2,3,223,7
1957,570,1,245.48000000000002,1,1,1,111,3
1958,242,3,940.98,2,3,3,233,8
1959,163,6,1894.93,3,4,4,344,11
1960,438,1,445.05,1,1,2,112,4
1961,17,15,9887.62,5,5,5,555,15
1962,624,1,200.63,1,1,1,111,3
1963,124,2,462.65999999999997,3,2,2,322,7
1964,23,5,1917.41,4,4,4,444,12
1965,68,1,415.2,3,1,2,312,6
1966,17,12,4318.48,5,5,5,555,15
1967,16,2,454.86,5,2,2,522,9
1968,17,4,1614.91,5,3,4,534,12
1969,161,3,928.1,3,3,3,333,9
1970,243,2,620.27,2,2,3,223,7
1971,219,1,134.7,2,1,1,211,4
1972,45,18,4452.02,4,5,5,455,14
1973,21,6,918.44,4,4,3,443,11
1974,421,4,1079.66,1,3,3,133,7
1975,127,20,2993.05,3,5,5,355,13
1976,39,1,108.97999999999999,4,1,1,411,6
1977,121,5,2315.75,3,4,4,344,11
1978,737,1,82.6,1,1,1,111,3
1979,260,1,409.57,2,1,2,212,5
1980,10,1,133.5,5,1,1,511,7
1981,274,3,972.03,2,3,3,233,8
1982,165,1,51.0,3,1,1,311,5
1983,157,4,1078.96,3,3,3,333,9
1984,215,3,376.5,2,3,2,232,7
1985,6,2,163.62,5,2,1,521,8
1986,366,3,840.0500000000001,2,3,3,233,8
1987,80,2,701.23,3,2,3,323,8
1988,43,1,225.12,4,1,1,411,6
1989,389,2,400.06,2,2,2,222,6
1990,19,3,912.18,5,3,3,533,11
1991,32,4,2118.03,4,3,4,434,11
1992,579,1,214.70999999999998,1,1,1,111,3
1993,22,1,151.5,4,1,1,411,6
1994,402,2,227.47000000000003,2,2,1,221,5
1995,109,8,3717.35,3,4,5,345,12
1996,395,2,634.68,2,2,3,223,7
1997,525,1,136.0,1,1,1,111,3
1998,8,16,9227.82,5,5,5,555,15
1999,320,1,155.0,2,1,1,211,4
2000,642,2,469.13,1,2,2,122,5
2001,451,6,1175.78,1,4,3,143,8
2002,295,1,100.5,2,1,1,211,4
2003,443,2,860.08,1,2,3,123,6
2004,358,1,76.55,2,1,1,211,4
2005,541,1,108.0,1,1,1,111,3
2006,185,3,1106.82,3,3,3,333,9
2007,683,1,215.46,1,1,1,111,3
2008,191,2,617.05,2,2,3,223,7
2009,622,1,131.25,1,1,1,111,3
2010,44,4,1265.16,4,3,4,434,11
2011,682,1,48.96,1,1,1,111,3
2012,52,2,625.9399999999999,4,2,3,423,9
2013,26,2,1193.6299999999999,4,2,3,423,9
2014,38,3,1247.69,4,3,4,434,11
2015,501,1,58.5,1,1,1,111,3
2016,9,3,202.11,5,3,1,531,9
2017,297,1,142.4,2,1,1,211,4
2018,33,3,1727.6,4,3,4,434,11
2019,10,16,6388.2,5,5,5,555,15
2020,65,5,1898.01,3,4,4,344,11
2021,10,13,6150.03,5,5,5,555,15
2022,577,1,135.6,1,1,1,111,3
2023,432,1,266.4,1,1,1,111,3
2024,218,1,67.95,2,1,1,211,4
2025,565,1,93.8,1,1,1,111,3
2026,2,20,7801.93,5,5,5,555,15
2027,65,7,1969.38,3,4,4,344,11
2028,3,19,2612.96,5,5,4,554,14
2029,401,2,707.79,2,2,3,223,7
2030,394,8,2108.21,2,4,4,244,10
2031,149,3,1732.47,3,3,4,334,10
2032,4,22,6795.9,5,5,5,555,15
2033,652,1,285.6,1,1,2,112,4
2034,130,6,1880.51,3,4,4,344,11
2035,34,13,2724.13,4,5,4,454,13
2036,387,1,195.0,2,1,1,211,4
2037,119,1,156.75,3,1,1,311,5
2038,107,6,2157.73,3,4,4,344,11
2039,11,11,4102.27,5,5,5,555,15
2040,71,9,3427.29,3,5,5,355,13
2041,92,11,2631.9,3,5,4,354,12
2042,311,1,1063.0,2,1,3,213,6
2043,43,3,1426.19,4,3,4,434,11
2044,362,4,764.52,2,3,3,233,8
2045,92,8,2399.33,3,4,4,344,11
2046,1,23,11980.09,5,5,5,555,15
2047,22,2,490.22,4,2,2,422,8
2048,388,1,524.65,2,1,2,212,5
2049,4,3,1937.25,5,3,4,534,12
2050,11,7,1254.64,5,4,4,544,13
2051,99,4,1639.17,3,3,4,334,10
2052,57,6,2469.37,4,4,4,444,12
2053,1,19,10271.52,5,5,5,555,15
2054,218,3,916.6099999999999,2,3,3,233,8
2055,18,1,322.08,5,1,2,512,8
2056,435,3,661.39,1,3,3,133,7
2057,24,17,11727.94,4,5,5,455,14
2058,50,4,1263.52,4,3,4,434,11
2059,7,5,1224.06,5,4,4,544,13
2060,404,1,516.28,2,1,2,212,5
2061,512,3,1220.9,1,3,3,133,7
2062,303,4,2614.2,2,3,4,234,9
2063,10,6,2248.5,5,4,4,544,13
2064,466,1,280.7,1,1,1,111,3
2065,22,6,1372.8,4,4,4,444,12
2066,502,1,90.42,1,1,1,111,3
2067,99,2,271.70000000000005,3,2,1,321,6
2068,366,5,873.34,2,4,3,243,9
2069,306,1,131.9,2,1,1,211,4
2070,320,5,9443.04,2,4,5,245,11
2071,8,13,5982.03,5,5,5,555,15
2072,1,11,4611.6900000000005,5,5,5,555,15
2073,205,7,5367.0199999999995,2,4,5,245,11
2074,54,5,2082.97,4,4,4,444,12
2075,456,1,120.44,1,1,1,111,3
2076,456,1,221.65,1,1,1,111,3
2077,1,5,1200.28,5,4,3,543,12
2078,19,6,1711.73,5,4,4,544,13
2079,9,2,375.35,5,2,2,522,9
2080,19,8,2230.96,5,4,4,544,13
2081,181,7,1128.44,3,4,3,343,10
2082,60,12,3258.68,3,5,5,355,13
2083,11,4,658.95,5,3,3,533,11
2084,190,1,119.93,2,1,1,211,4
2085,376,5,977.3,2,4,3,243,9
2086,432,4,617.72,1,3,3,133,7
2087,5,9,3017.28,5,5,5,555,15
2088,311,1,113.64,2,1,1,211,4
2089,381,1,228.07,2,1,1,211,4
2090,155,2,5375.741,3,2,5,325,10
2091,110,9,1093.5,3,5,3,353,11
2092,148,13,6676.91,3,5,5,355,13
2093,66,12,2242.81,3,5,4,354,12
2094,98,4,786.5699999999999,3,3,3,333,9
2095,568,2,111.0,1,2,1,121,4
2096,247,11,3925.85,2,5,5,255,12
2097,29,13,4267.15,4,5,5,455,14
2098,18,12,2203.2400000000002,5,5,4,554,14
2099,734,1,204.24,1,1,1,111,3
2100,416,4,2093.46,1,3,4,134,8
2101,12,3,712.04,5,3,3,533,11
2102,591,2,400.95,1,2,2,122,5
2103,104,9,2118.72,3,5,4,354,12
2104,74,2,234.34000000000003,3,2,1,321,6
2105,46,2,1258.8899999999999,4,2,4,424,10
2106,72,4,1151.15,3,3,3,333,9
2107,257,1,193.0,2,1,1,211,4
2108,20,7,1969.6,4,4,4,444,12
2109,382,4,1276.66,2,3,4,234,9
2110,254,4,1124.71,2,3,3,233,8
2111,11,4,1299.52,5,3,4,534,12
2112,165,5,2284.69,3,4,4,344,11
2113,18,12,4306.72,5,5,5,555,15
2114,282,2,257.1,2,2,1,221,5
2115,50,4,1070.98,4,3,3,433,10
2116,39,1,162.8,4,1,1,411,6
2117,512,2,175.5,1,2,1,121,4
2118,27,7,1266.27,4,4,4,444,12
2119,68,1,1064.28,3,1,3,313,7
2120,207,4,1574.93,2,3,4,234,9
2121,406,2,1273.47,2,2,4,224,8
2122,175,2,340.93,3,2,2,322,7
2123,430,7,1921.91,1,4,4,144,9
2124,7,10,5087.86,5,5,5,555,15
2125,26,3,401.46,4,3,2,432,9
2126,51,3,174.8,4,3,1,431,8
2127,312,7,2363.89,2,4,4,244,10
2128,309,2,697.0600000000001,2,2,3,223,7
2129,43,10,3900.83,4,5,5,455,14
2130,26,7,2101.79,4,4,4,444,12
2131,88,3,356.85,3,3,2,332,8
2132,184,2,251.21,3,2,1,321,6
2133,20,11,2429.83,4,5,4,454,13
2134,3,6,3543.26,5,4,5,545,14
2135,47,4,673.26,4,3,3,433,10
2136,17,19,11879.08,5,5,5,555,15
2137,17,7,2960.25,5,4,5,545,14
2138,24,11,3216.7400000000002,4,5,5,455,14
2139,22,5,822.92,4,4,3,443,11
2140,534,1,110.95,1,1,1,111,3
2141,376,3,979.85,2,3,3,233,8
2142,11,5,1314.81,5,4,4,544,13
2143,188,7,1215.97,3,4,3,343,10
2144,101,6,788.01,3,4,3,343,10
2145,61,9,4380.04,3,5,5,355,13
2146,18,12,3724.06,5,5,5,555,15
2147,516,1,151.17,1,1,1,111,3
2148,33,2,330.45,4,2,2,422,8
2149,64,1,174.37,3,1,1,311,5
2150,684,2,203.14,1,2,1,121,4
2151,2,2,270.6,5,2,1,521,8
2152,491,1,199.45000000000002,1,1,1,111,3
2153,24,8,1748.42,4,4,4,444,12
2154,108,1,241.09,3,1,1,311,5
2155,32,13,2909.86,4,5,4,454,13
2156,20,17,8026.54,4,5,5,455,14
2157,389,1,258.65,2,1,1,211,4
2158,3,122,27246.88,5,5,5,555,15
2159,37,1,364.21999999999997,4,1,2,412,7
2160,60,3,578.61,3,3,2,332,8
2161,26,16,6088.87,4,5,5,455,14
2162,480,1,376.34,1,1,2,112,4
2163,236,11,3845.78,2,5,5,255,12
2164,25,11,3466.37,4,5,5,455,14
2165,3,26,6187.66,5,5,5,555,15
2166,60,9,5973.2300000000005,3,5,5,355,13
2167,260,1,170.95,2,1,1,211,4
2168,58,2,641.4,4,2,3,423,9
2169,65,5,1370.8400000000001,3,4,4,344,11
2170,16,2,537.48,5,2,2,522,9
2171,10,11,3709.64,5,5,5,555,15
2172,59,14,2491.38,4,5,4,454,13
2173,186,1,103.25,3,1,1,311,5
2174,29,39,14587.87,4,5,5,455,14
2175,24,3,2938.53,4,3,5,435,12
2176,674,1,349.25,1,1,2,112,4
2177,5,11,5184.84,5,5,5,555,15
2178,4,8,3974.75,5,4,5,545,14
2179,151,9,2541.29,3,5,4,354,12
2180,311,4,913.6,2,3,3,233,8
2181,11,4,1345.06,5,3,4,534,12
2182,18,7,878.09,5,4,3,543,12
2183,152,3,507.93,3,3,2,332,8
2184,19,9,1818.6,5,5,4,554,14
2185,10,4,2279.4900000000002,5,3,4,534,12
2186,57,6,2304.03,4,4,4,444,12
2187,596,3,815.69,1,3,3,133,7
2188,85,1,788.38,3,1,3,313,7
2189,654,3,655.5,1,3,3,133,7
2190,390,1,75.6,2,1,1,211,4
2191,7,44,6114.03,5,5,5,555,15
2192,76,3,1080.76,3,3,3,333,9
2193,4,26,6638.150000000001,5,5,5,555,15
2194,510,2,640.54,1,2,3,123,6
2195,435,2,2605.62,1,2,4,124,7
2196,96,5,3859.2200000000003,3,4,5,345,12
2197,111,4,4092.0,3,3,5,335,11
2198,57,2,1530.3600000000001,4,2,4,424,10
2199,435,1,919.7,1,1,3,113,5
2200,1,4,597.3299999999999,5,3,2,532,10
2201,281,3,613.75,2,3,3,233,8
2202,425,1,160.0,1,1,1,111,3
2203,3,11,5526.88,5,5,5,555,15
2204,180,13,2163.12,3,5,4,354,12
2205,733,1,143.70000000000002,1,1,1,111,3
2206,488,1,420.22,1,1,2,112,4
2207,372,1,35.400000000000006,2,1,1,211,4
2208,13,7,1364.15,5,4,4,544,13
2209,3,1,168.63,5,1,1,511,7
2210,432,1,105.56,1,1,1,111,3
2211,518,1,14.850000000000001,1,1,1,111,3
2212,17,2,409.65,5,2,2,522,9
2213,41,1,114.11,4,1,1,411,6
2214,6,8,1660.29,5,4,4,544,13
2215,169,8,1738.16,3,4,4,344,11
2216,50,5,1143.27,4,4,3,443,11
2217,277,1,237.36,2,1,1,211,4
2218,19,9,1580.29,5,5,4,554,14
2219,578,1,135.39,1,1,1,111,3
2220,372,1,39.75,2,1,1,211,4
2221,425,20,2993.37,1,5,5,155,11
2222,15,4,1320.21,5,3,4,534,12
2223,35,3,557.94,4,3,2,432,9
2224,22,12,3665.5299999999997,4,5,5,455,14
2225,7,2,363.33,5,2,2,522,9
2226,20,8,2164.45,4,4,4,444,12
2227,627,1,222.22000000000003,1,1,1,111,3
2228,11,6,2184.63,5,4,4,544,13
2229,44,2,384.04,4,2,2,422,8
2230,390,2,457.89,2,2,2,222,6
2231,306,2,865.1700000000001,2,2,3,223,7
2232,11,1,213.96,5,1,1,511,7
2233,656,1,205.35999999999999,1,1,1,111,3
2234,275,1,660.0,2,1,3,213,6
2235,633,1,143.85999999999999,1,1,1,111,3
2236,374,4,921.5600000000001,2,3,3,233,8
2237,1,192,29951.37,5,5,5,555,15
2238,16,22,23763.13,5,5,5,555,15
2239,4,11,3352.94,5,5,5,555,15
2240,72,10,1486.2,3,5,4,354,12
2241,396,2,24.35,2,2,1,221,5
2242,444,2,604.3299999999999,1,2,2,122,5
2243,415,1,877.7,1,1,3,113,5
2244,680,1,76.32000000000001,1,1,1,111,3
2245,386,1,295.13,2,1,2,212,5
2246,394,5,951.76,2,4,3,243,9
2247,243,5,527.78,2,4,2,242,8
2248,403,2,190.47000000000003,2,2,1,221,5
2249,9,7,1342.32,5,4,4,544,13
2250,246,2,1291.24,2,2,4,224,8
2251,206,2,412.78000000000003,2,2,2,222,6
2252,1,9,3000.57,5,5,5,555,15
2253,185,1,320.58000000000004,3,1,2,312,6
2254,32,10,2016.98,4,5,4,454,13
2255,57,6,814.07,4,4,3,443,11
2256,196,11,4497.88,2,5,5,255,12
2257,24,11,5410.92,4,5,5,455,14
2258,379,1,462.75,2,1,2,212,5
2259,91,5,1998.0,3,4,4,344,11
2260,4,2,955.26,5,2,3,523,10
2261,484,1,338.65,1,1,2,112,4
2262,51,6,2025.69,4,4,4,444,12
2263,263,1,114.56,2,1,1,211,4
2264,266,1,344.90000000000003,2,1,2,212,5
2265,438,4,2124.46,1,3,4,134,8
2266,454,1,215.22,1,1,1,111,3
2267,36,2,609.85,4,2,3,423,9
2268,677,1,106.67999999999999,1,1,1,111,3
2269,51,1,443.6,4,1,2,412,7
2270,52,9,4978.96,4,5,5,455,14
2271,24,10,3649.36,4,5,5,455,14
2272,22,1,110.46,4,1,1,411,6
2273,59,1,96.12,4,1,1,411,6
2274,170,5,1679.89,3,4,4,344,11
2275,68,7,2247.72,3,4,4,344,11
2276,157,3,876.89,3,3,3,333,9
2277,2,151,528602.52,5,5,5,555,15
2278,201,2,506.04,2,2,2,222,6
2279,416,15,4466.65,1,5,5,155,11
2280,5,9,3651.19,5,5,5,555,15
2281,589,1,62.5,1,1,1,111,3
2282,67,9,2025.52,3,5,4,354,12
2283,77,1,114.18,3,1,1,311,5
2284,1,12,3593.06,5,5,5,555,15
2285,738,1,246.86,1,1,1,111,3
2286,8,7,3878.51,5,4,5,545,14
2287,169,5,790.0,3,4,3,343,10
2288,18,6,1450.19,5,4,4,544,13
2289,5,2,247.15,5,2,1,521,8
2290,9,9,2529.93,5,5,4,554,14
2291,87,2,285.74,3,2,2,322,7
2292,27,1,107.95,4,1,1,411,6
2293,29,7,1376.43,4,4,4,444,12
2294,430,2,490.6,1,2,2,122,5
2295,20,2,636.24,4,2,3,423,9
2296,61,7,2749.65,3,4,4,344,11
2297,24,1,195.25,4,1,1,411,6
2298,11,54,20395.34,5,5,5,555,15
2299,445,1,111.63,1,1,1,111,3
2300,242,7,3216.78,2,4,5,245,11
2301,280,3,583.33,2,3,2,232,7
2302,549,2,1127.45,1,2,3,123,6
2303,235,4,1113.14,2,3,3,233,8
2304,3,7,3037.32,5,4,5,545,14
2305,509,1,173.66,1,1,1,111,3
2306,16,2,1015.58,5,2,3,523,10
2307,31,12,8356.79,4,5,5,455,14
2308,593,1,184.91,1,1,1,111,3
2309,579,1,403.39,1,1,2,112,4
2310,382,3,1289.44,2,3,4,234,9
2311,25,58,55688.5,4,5,5,455,14
2312,71,6,875.1500000000001,3,4,3,343,10
2313,188,6,1514.81,3,4,4,344,11
2314,588,1,146.56,1,1,1,111,3
2315,26,6,1430.03,4,4,4,444,12
2316,576,8,4536.64,1,4,5,145,10
2317,414,5,852.53,1,4,3,143,8
2318,107,3,1402.06,3,3,4,334,10
2319,8,28,7190.42,5,5,5,555,15
2320,209,1,112.8,2,1,1,211,4
2321,44,4,777.68,4,3,3,433,10
2322,31,5,2114.33,4,4,4,444,12
2323,137,12,1715.1399999999999,3,5,4,354,12
2324,265,7,1165.36,2,4,3,243,9
2325,617,1,244.31,1,1,1,111,3
2326,519,3,1534.22,1,3,4,134,8
2327,4,8,2473.28,5,4,4,544,13
2328,218,2,188.60999999999999,2,2,1,221,5
2329,2,5,1217.27,5,4,3,543,12
2330,214,4,702.6,2,3,3,233,8
2331,32,5,3076.06,4,4,5,445,13
2332,11,15,4487.11,5,5,5,555,15
2333,1,29,6368.78,5,5,5,555,15
2334,15,1,318.17,5,1,2,512,8
2335,11,11,1752.92,5,5,4,554,14
2336,199,1,179.0,2,1,1,211,4
2337,619,1,367.54,1,1,2,112,4
2338,436,2,139.2,1,2,1,121,4
2339,3,5,1793.22,5,4,4,544,13
2340,15,25,8886.33,5,5,5,555,15
2341,14,13,1899.79,5,5,4,554,14
2342,10,11,2839.62,5,5,4,554,14
2343,29,4,1328.0700000000002,4,3,4,434,11
2344,9,21,5115.76,5,5,5,555,15
2345,24,4,906.24,4,3,3,433,10
2346,25,8,1825.45,4,4,4,444,12
2347,43,3,543.28,4,3,2,432,9
2348,733,1,81.3,1,1,1,111,3
2349,410,1,226.42,2,1,1,211,4
2350,2,5,1581.84,5,4,4,544,13
2351,6,3,663.81,5,3,3,533,11
2352,379,1,109.07,2,1,1,211,4
2353,147,3,489.52,3,3,2,332,8
2354,10,11,1803.06,5,5,4,554,14
2355,590,1,341.9,1,1,2,112,4
2356,25,4,1252.74,4,3,4,434,11
2357,655,1,116.5,1,1,1,111,3
2358,274,3,463.72999999999996,2,3,2,232,7
2359,413,1,190.58,1,1,1,111,3
2360,374,3,586.24,2,3,2,232,7
2361,1,8,1897.57,5,4,4,544,13
2362,47,3,380.02,4,3,2,432,9
2363,8,19,5517.07,5,5,5,555,15
2364,16,15,14335.15,5,5,5,555,15
2365,426,4,1056.42,1,3,3,133,7
2366,4,56,12240.16,5,5,5,555,15
2367,485,2,374.05,1,2,2,122,5
2368,4,4,3554.17,5,3,5,535,13
2369,43,9,1821.9,4,5,4,454,13
2370,4,25,11573.62,5,5,5,555,15
2371,197,11,4161.06,2,5,5,255,12
2372,12,7,1713.09,5,4,4,544,13
2373,435,1,579.85,1,1,2,112,4
2374,593,1,50.48,1,1,1,111,3
2375,16,14,3660.08,5,5,5,555,15
2376,113,12,2551.41,3,5,4,354,12
2377,406,4,593.5,2,3,2,232,7
2378,249,1,328.2,2,1,2,212,5
2379,29,10,2681.9,4,5,4,454,13
2380,480,1,310.15,1,1,2,112,4
2381,736,1,112.03,1,1,1,111,3
2382,684,2,126.45,1,2,1,121,4
2383,44,1,389.64,4,1,2,412,7
2384,87,2,869.51,3,2,3,323,8
2385,45,6,1547.93,4,4,4,444,12
2386,10,25,9972.550000000001,5,5,5,555,15
2387,15,3,2653.76,5,3,4,534,12
2388,75,1,420.5,3,1,2,312,6
2389,145,7,2864.97,3,4,4,344,11
2390,5,3,1625.97,5,3,4,534,12
2391,297,1,89.2,2,1,1,211,4
2392,59,3,447.92,4,3,2,432,9
2393,264,2,417.57,2,2,2,222,6
2394,47,1,278.3,4,1,1,411,6
2395,29,3,254.11,4,3,1,431,8
2396,8,11,6375.7300000000005,5,5,5,555,15
2397,474,1,382.81,1,1,2,112,4
2398,17,2,192.60000000000002,5,2,1,521,8
2399,3,17,15514.11,5,5,5,555,15
2400,232,8,3637.64,2,4,5,245,11
2401,621,2,594.62,1,2,2,122,5
2402,112,1,139.26,3,1,1,311,5
2403,593,1,140.55,1,1,1,111,3
2404,529,1,241.45,1,1,1,111,3
2405,58,3,1011.9,4,3,3,433,10
2406,51,15,3708.3,4,5,5,455,14
2407,404,1,307.56,2,1,2,212,5
2408,127,2,730.86,3,2,3,323,8
2409,281,3,386.15,2,3,2,232,7
2410,55,2,447.68,4,2,2,422,8
2411,320,1,200.10000000000002,2,1,1,211,4
2412,659,1,307.3,1,1,2,112,4
2413,26,3,449.93,4,3,2,432,9
2414,10,2,77.4,5,2,1,521,8
2415,550,1,90.96,1,1,1,111,3
2416,471,1,110.65,1,1,1,111,3
2417,7,3,1156.32,5,3,3,533,11
2418,29,1,197.64,4,1,1,411,6
2419,17,10,2526.62,5,5,4,554,14
2420,607,1,303.63,1,1,2,112,4
2421,64,1,6.2,3,1,1,311,5
2422,21,2,625.9,4,2,3,423,9
2423,3,10,1953.9,5,5,4,554,14
2424,166,1,131.45000000000002,3,1,1,311,5
2425,1,27,10169.33,5,5,5,555,15
2426,507,1,300.31,1,1,2,112,4
2427,53,8,724.31,4,4,3,443,11
2428,51,2,338.15,4,2,2,422,8
2429,48,17,7191.33,4,5,5,455,14
2430,61,1,189.34,3,1,1,311,5
2431,438,2,1502.98,1,2,4,124,7
2432,162,3,845.55,3,3,3,333,9
2433,9,1,353.27,5,1,2,512,8
2434,15,7,1082.55,5,4,3,543,12
2435,75,2,303.43,3,2,2,322,7
2436,391,2,504.14,2,2,2,222,6
2437,40,8,2718.6,4,4,4,444,12
2438,621,2,686.76,1,2,3,123,6
2439,41,13,2354.03,4,5,4,454,13
2440,387,1,170.5,2,1,1,211,4
2441,599,1,178.85,1,1,1,111,3
2442,370,4,888.91,2,3,3,233,8
2443,581,1,154.21,1,1,1,111,3
2444,37,2,778.5,4,2,3,423,9
2445,197,1,271.85,2,1,1,211,4
2446,200,7,3959.86,2,4,5,245,11
2447,74,6,1153.56,3,4,3,343,10
2448,64,4,456.41,3,3,2,332,8
2449,21,9,1274.76,4,5,4,454,13
2450,367,7,1230.15,2,4,4,244,10
2451,485,1,157.70000000000002,1,1,1,111,3
2452,180,3,321.43,3,3,2,332,8
2453,10,10,4022.9100000000003,5,5,5,555,15
2454,4,24,4735.08,5,5,5,555,15
2455,582,2,385.2,1,2,2,122,5
2456,197,13,9839.460000000001,2,5,5,255,12
2457,29,7,1455.8700000000001,4,4,4,444,12
2458,53,1,188.88,4,1,1,411,6
2459,680,3,1676.57,1,3,4,134,8
2460,630,1,322.69,1,1,2,112,4
2461,499,1,94.8,1,1,1,111,3
2462,18,7,2206.16,5,4,4,544,13
2463,529,2,297.0,1,2,2,122,5
2464,10,3,102.44999999999999,5,3,1,531,9
2465,90,9,3460.32,3,5,5,355,13
2466,423,2,769.9200000000001,1,2,3,123,6
2467,418,3,915.28,1,3,3,133,7
2468,268,2,362.71,2,2,2,222,6
2469,53,14,7163.0,4,5,5,455,14
2470,44,4,2824.69,4,3,4,434,11
2471,437,1,211.79999999999998,1,1,1,111,3
2472,64,10,6702.43,3,5,5,355,13
2473,600,1,150.0,1,1,1,111,3
2474,427,1,437.4,1,1,2,112,4
2475,149,3,1348.95,3,3,4,334,10
2476,405,1,310.56,2,1,2,212,5
2477,22,43,15407.61,4,5,5,455,14
2478,312,7,1770.96,2,4,4,244,10
2479,23,3,829.4100000000001,4,3,3,433,10
2480,58,18,6132.43,4,5,5,455,14
2481,24,5,1376.87,4,4,4,444,12
2482,78,11,4303.06,3,5,5,355,13
2483,119,7,6520.3,3,4,5,345,12
2484,36,3,1290.53,4,3,4,434,11
2485,60,7,3651.851,3,4,5,345,12
2486,506,1,180.75,1,1,1,111,3
2487,13,5,1705.64,5,4,4,544,13
2488,19,1,170.32,5,1,1,511,7
2489,52,10,1380.73,4,5,4,454,13
2490,26,2,841.1999999999999,4,2,3,423,9
2491,29,1,266.76,4,1,1,411,6
2492,7,4,92.52000000000001,5,3,1,531,9
2493,11,19,20746.54,5,5,5,555,15
2494,186,16,2952.06,3,5,5,355,13
2495,3,12,4184.01,5,5,5,555,15
2496,9,6,2778.14,5,4,4,544,13
2497,262,6,1838.95,2,4,4,244,10
2498,3,9,1228.17,5,5,4,554,14
2499,484,3,816.6,1,3,3,133,7
2500,210,2,854.13,2,2,3,223,7
2501,535,1,116.18,1,1,1,111,3
2502,108,3,2862.4,3,3,4,334,10
2503,521,2,256.7,1,2,1,121,4
2504,418,2,425.85,1,2,2,122,5
2505,13,25,4076.5,5,5,5,555,15
2506,685,1,185.06,1,1,1,111,3
2507,77,3,690.59,3,3,3,333,9
2508,20,1,255.4,4,1,1,411,6
2509,27,14,3546.65,4,5,5,455,14
2510,19,6,761.59,5,4,3,543,12
2511,669,1,120.6,1,1,1,111,3
2512,132,3,1598.12,3,3,4,334,10
2513,253,1,364.8,2,1,2,212,5
2514,79,1,1862.0,3,1,4,314,8
2515,207,1,369.2,2,1,2,212,5
2516,336,1,135.9,2,1,1,211,4
2517,254,3,817.25,2,3,3,233,8
2518,148,4,1106.73,3,3,3,333,9
2519,691,1,202.35000000000002,1,1,1,111,3
2520,10,3,1809.6100000000001,5,3,4,534,12
2521,85,3,1492.81,3,3,4,334,10
2522,8,38,25119.54,5,5,5,555,15
2523,205,8,1826.0,2,4,4,244,10
2524,8,8,3140.54,5,4,5,545,14
2525,23,14,3365.95,4,5,5,455,14
2526,395,1,1331.38,2,1,4,214,7
2527,522,1,13.919999999999998,1,1,1,111,3
2528,11,12,1919.0,5,5,4,554,14
2529,26,3,1035.6200000000001,4,3,3,433,10
2530,21,5,2795.33,4,4,4,444,12
2531,2,4,1630.49,5,3,4,534,12
2532,158,8,1971.39,3,4,4,344,11
2533,445,1,68.44,1,1,1,111,3
2534,3,16,5547.72,5,5,5,555,15
2535,74,2,381.9,3,2,2,322,7
2536,437,3,1404.68,1,3,4,134,8
2537,3,4,434.35,5,3,2,532,10
2538,1,398,291420.81,5,5,5,555,15
2539,17,6,1889.25,5,4,4,544,13
2540,36,8,4073.13,4,4,5,445,13
2541,91,11,1811.25,3,5,4,354,12
2542,71,8,3042.95,3,4,5,345,12
2543,597,2,1123.75,1,2,3,123,6
2544,116,9,5955.81,3,5,5,355,13
2545,539,1,359.35,1,1,2,112,4
2546,213,3,1607.17,2,3,4,234,9
2547,30,2,1316.07,4,2,4,424,10
2548,394,2,843.74,2,2,3,223,7
2549,51,1,749.1,4,1,3,413,8
2550,246,3,931.01,2,3,3,233,8
2551,382,2,359.4,2,2,2,222,6
2552,397,1,308.2,2,1,2,212,5
2553,628,1,223.91000000000003,1,1,1,111,3
2554,32,2,836.69,4,2,3,423,9
2555,109,6,5236.7300000000005,3,4,5,345,12
2556,5,5,1257.68,5,4,4,544,13
2557,366,2,666.13,2,2,3,223,7
2558,444,4,1770.0,1,3,4,134,8
2559,82,5,3503.5,3,4,5,345,12
2560,297,2,2849.83,2,2,4,224,8
2561,34,12,12410.81,4,5,5,455,14
2562,57,3,1621.88,4,3,4,434,11
2563,562,2,2322.43,1,2,4,124,7
2564,418,2,531.49,1,2,2,122,5
2565,579,1,182.1,1,1,1,111,3
2566,402,4,746.56,2,3,3,233,8
2567,663,1,107.62,1,1,1,111,3
2568,30,19,9784.67,4,5,5,455,14
2569,414,1,179.4,1,1,1,111,3
2570,14,1,100.9,5,1,1,511,7
2571,72,6,1049.79,3,4,3,343,10
2572,23,6,1101.97,4,4,3,443,11
2573,469,4,515.0,1,3,2,132,6
2574,19,1,371.2,5,1,2,512,8
2575,79,1,311.69,3,1,2,312,6
2576,60,32,17629.35,3,5,5,355,13
2577,25,4,971.32,4,3,3,433,10
2578,12,2,462.12,5,2,2,522,9
2579,733,1,163.77,1,1,1,111,3
2580,421,1,1325.0,1,1,4,114,6
2581,253,2,261.69,2,2,1,221,5
2582,147,6,941.99,3,4,3,343,10
2583,64,4,695.42,3,3,3,333,9
2584,8,2,221.27,5,2,1,521,8
2585,11,22,16410.15,5,5,5,555,15
2586,271,4,366.91,2,3,2,232,7
2587,10,12,3123.57,5,5,5,555,15
2588,247,1,206.21,2,1,1,211,4
2589,96,2,596.09,3,2,2,322,7
2590,15,6,1064.26,5,4,3,543,12
2591,50,6,1982.6100000000001,4,4,4,444,12
2592,30,2,501.24,4,2,2,422,8
2593,704,1,906.23,1,1,3,113,5
2594,68,12,4919.35,3,5,5,355,13
2595,35,3,1097.98,4,3,3,433,10
2596,128,2,145.07,3,2,1,321,6
2597,107,3,1314.45,3,3,4,334,10
2598,37,1,89.94,4,1,1,411,6
2599,57,2,472.39,4,2,2,422,8
2600,57,7,790.86,4,4,3,443,11
2601,726,1,31.929999999999996,1,1,1,111,3
2602,72,10,3112.19,3,5,5,355,13
2603,735,1,429.66,1,1,2,112,4
2604,737,1,150.68,1,1,1,111,3
2605,246,2,372.92,2,2,2,222,6
2606,572,1,237.78,1,1,1,111,3
2607,689,1,183.20000000000002,1,1,1,111,3
2608,19,6,1260.51,5,4,4,544,13
2609,198,2,292.01,2,2,2,222,6
2610,376,2,563.1,2,2,2,222,6
2611,16,8,1550.6499999999999,5,4,4,544,13
2612,212,7,2038.65,2,4,4,244,10
2613,662,1,342.4,1,1,2,112,4
2614,612,2,304.17,1,2,2,122,5
2615,430,1,314.67,1,1,2,112,4
2616,442,1,210.5,1,1,1,111,3
2617,564,1,36.13,1,1,1,111,3
2618,382,5,946.72,2,4,3,243,9
2619,39,2,231.98000000000002,4,2,1,421,7
2620,481,2,442.28999999999996,1,2,2,122,5
2621,46,4,776.5999999999999,4,3,3,433,10
2622,170,4,753.18,3,3,3,333,9
2623,593,1,129.48000000000002,1,1,1,111,3
2624,48,1,490.52,4,1,2,412,7
2625,394,2,199.10999999999999,2,2,1,221,5
2626,116,9,4138.08,3,5,5,355,13
2627,473,6,1027.03,1,4,3,143,8
2628,147,1,1220.77,3,1,3,313,7
2629,16,56,13754.58,5,5,5,555,15
2630,51,2,757.78,4,2,3,423,9
2631,159,1,156.91,3,1,1,311,5
2632,480,2,360.0,1,2,2,122,5
2633,12,3,1259.43,5,3,4,534,12
2634,36,1,308.94,4,1,2,412,7
2635,396,2,416.6,2,2,2,222,6
2636,54,3,646.26,4,3,3,433,10
2637,488,10,1610.82,1,5,4,154,10
2638,43,2,257.67,4,2,1,421,7
2639,501,13,2354.97,1,5,4,154,10
2640,173,5,620.89,3,4,3,343,10
2641,34,1,125.58,4,1,1,411,6
2642,39,3,496.21000000000004,4,3,2,432,9
2643,267,1,252.81,2,1,1,211,4
2644,379,1,198.47,2,1,1,211,4
2645,9,12,2500.59,5,5,4,554,14
2646,12,5,1133.44,5,4,3,543,12
2647,3,20,11578.65,5,5,5,555,15
2648,10,16,3559.39,5,5,5,555,15
2649,33,2,979.79,4,2,3,423,9
2650,80,5,1048.8899999999999,3,4,3,343,10
2651,31,10,3195.6,4,5,5,455,14
2652,8,6,962.94,5,4,3,543,12
2653,620,1,365.1,1,1,2,112,4
2654,72,8,1979.91,3,4,4,344,11
2655,4,14,3102.94,5,5,5,555,15
2656,256,8,11010.05,2,4,5,245,11
2657,5,10,2557.18,5,5,4,554,14
2658,16,14,8231.2,5,5,5,555,15
2659,90,1,252.73000000000002,3,1,1,311,5
2660,72,3,429.56,3,3,2,332,8
2661,376,2,397.76,2,2,2,222,6
2662,59,9,1146.53,4,5,3,453,12
2663,10,93,39141.48,5,5,5,555,15
2664,542,1,7.49,1,1,1,111,3
2665,170,2,289.4,3,2,2,322,7
2666,199,2,315.45,2,2,2,222,6
2667,31,6,2870.3199999999997,4,4,4,444,12
2668,19,35,16024.15,5,5,5,555,15
2669,152,2,735.66,3,2,3,323,8
2670,9,25,7623.79,5,5,5,555,15
2671,270,1,343.62,2,1,2,212,5
2672,65,4,381.0,3,3,2,332,8
2673,274,1,121.17000000000002,2,1,1,211,4
2674,25,5,4087.19,4,4,5,445,13
2675,23,9,3926.91,4,5,5,455,14
2676,319,1,207.73000000000002,2,1,1,211,4
2677,5,3,693.95,5,3,3,533,11
2678,12,2,302.1,5,2,2,522,9
2679,475,3,549.12,1,3,2,132,6
2680,520,1,113.64999999999999,1,1,1,111,3
2681,275,5,3255.96,2,4,5,245,11
2682,25,16,3387.58,4,5,5,455,14
2683,41,19,3491.2,4,5,5,455,14
2684,8,4,294.25,5,3,2,532,10
2685,4,127,126389.02,5,5,5,555,15
2686,71,8,2585.62,3,4,4,344,11
2687,213,1,370.79999999999995,2,1,2,212,5
2688,410,4,1254.41,2,3,4,234,9
2689,38,5,3326.86,4,4,5,445,13
2690,53,1,893.59,4,1,3,413,8
2691,78,5,3862.88,3,4,5,345,12
2692,46,4,1174.9,4,3,3,433,10
2693,179,1,1109.53,3,1,3,313,7
2694,373,3,737.0500000000001,2,3,3,233,8
2695,94,4,1455.56,3,3,4,334,10
2696,479,1,187.51999999999998,1,1,1,111,3
2697,10,8,2788.02,5,4,4,544,13
2698,105,3,1553.1299999999999,3,3,4,334,10
2699,78,1,773.03,3,1,3,313,7
2700,173,3,1447.74,3,3,4,334,10
2701,495,2,2428.08,1,2,4,124,7
2702,7,53,17286.73,5,5,5,555,15
2703,213,11,3625.4,2,5,5,255,12
2704,428,2,546.25,1,2,2,122,5
2705,22,12,1854.57,4,5,4,454,13
2706,669,1,93.35000000000001,1,1,1,111,3
2707,257,1,88.2,2,1,1,211,4
2708,380,2,965.2,2,2,3,223,7
2709,730,1,347.54,1,1,2,112,4
2710,565,2,218.53,1,2,1,121,4
2711,282,1,306.94,2,1,2,212,5
2712,21,2,1160.07,4,2,3,423,9
2713,10,6,2420.84,5,4,4,544,13
2714,308,1,381.32,2,1,2,212,5
2715,68,3,1046.6100000000001,3,3,3,333,9
2716,215,3,776.46,2,3,3,233,8
2717,18,23,13702.38,5,5,5,555,15
2718,463,2,83.0,1,2,1,121,4
2719,104,10,3141.64,3,5,5,355,13
2720,43,1,219.39000000000001,4,1,1,411,6
2721,4,3,908.35,5,3,3,533,11
2722,182,3,39916.5,3,3,5,335,11
2723,84,1,410.48,3,1,2,312,6
2724,334,7,2193.8999999999996,2,4,4,244,10
2725,9,6,1477.94,5,4,4,544,13
2726,531,2,554.67,1,2,2,122,5
2727,31,2,703.36,4,2,3,423,9
2728,197,2,993.54,2,2,3,223,7
2729,18,9,3094.91,5,5,5,555,15
2730,18,5,1422.52,5,4,4,544,13
2731,311,9,824.35,2,5,3,253,10
2732,142,4,1300.25,3,3,4,334,10
2733,246,3,983.1,2,3,3,233,8
2734,24,6,1505.8500000000001,4,4,4,444,12
2735,29,5,2442.37,4,4,4,444,12
2736,611,1,209.4,1,1,1,111,3
2737,10,3,3509.43,5,3,5,535,13
2738,30,12,3400.12,4,5,5,455,14
2739,18,2,531.85,5,2,2,522,9
2740,18,4,1352.75,5,3,4,534,12
2741,15,8,2485.9700000000003,5,4,4,544,13
2742,134,1,244.8,3,1,1,311,5
2743,246,1,266.4,2,1,1,211,4
2744,134,1,358.82,3,1,2,312,6
2745,50,2,457.72,4,2,2,422,8
2746,114,11,4487.27,3,5,5,355,13
2747,7,5,4656.17,5,4,5,545,14
2748,23,4,450.82,4,3,2,432,9
2749,25,24,17024.87,4,5,5,455,14
2750,537,2,449.49,1,2,2,122,5
2751,66,2,711.5,3,2,3,323,8
2752,60,5,1783.68,3,4,4,344,11
2753,50,23,6860.18,4,5,5,455,14
2754,170,1,330.11,3,1,2,312,6
2755,395,1,80.28,2,1,1,211,4
2756,18,5,977.9300000000001,5,4,3,543,12
2757,128,5,1806.9,3,4,4,344,11
2758,15,10,1596.29,5,5,4,554,14
2759,239,2,305.68,2,2,2,222,6
2760,3,4,1286.7,5,3,4,534,12
2761,521,2,823.4,1,2,3,123,6
2762,394,1,502.52,2,1,2,212,5
2763,240,2,178.96,2,2,1,221,5
2764,52,8,3243.69,4,4,5,445,13
2765,458,7,1388.47,1,4,4,144,9
2766,46,6,2619.92,4,4,4,444,12
2767,226,2,563.63,2,2,2,222,6
2768,8,29,12160.31,5,5,5,555,15
2769,4,4,1194.73,5,3,3,533,11
2770,165,2,1327.16,3,2,4,324,9
2771,240,1,623.5,2,1,3,213,6
2772,11,1,301.29,5,1,2,512,8
2773,134,5,1554.6100000000001,3,4,4,344,11
2774,17,13,8977.94,5,5,5,555,15
2775,423,2,2085.61,1,2,4,124,7
2776,10,14,5263.83,5,5,5,555,15
2777,31,1,329.25,4,1,2,412,7
2778,75,3,1343.72,3,3,4,334,10
2779,383,1,383.96999999999997,2,1,2,212,5
2780,1,3,961.49,5,3,3,533,11
2781,4,5,2654.11,5,4,4,544,13
2782,45,2,606.02,4,2,2,422,8
2783,2,34,22116.73,5,5,5,555,15
2784,357,4,589.27,2,3,2,232,7
2785,388,1,119.92,2,1,1,211,4
2786,731,1,312.9,1,1,2,112,4
2787,18,2,304.47,5,2,2,522,9
2788,69,9,2028.1100000000001,3,5,4,354,12
2789,373,1,487.75,2,1,2,212,5
2790,468,1,167.16,1,1,1,111,3
2791,321,5,1627.62,2,4,4,244,10
2792,26,1,106.56,4,1,1,411,6
2793,382,2,569.22,2,2,2,222,6
2794,407,1,81.15,2,1,1,211,4
2795,331,1,1289.5,2,1,4,214,7
2796,9,5,1624.05,5,4,4,544,13
2797,381,7,1494.6,2,4,4,244,10
2798,323,2,481.46,2,2,2,222,6
2799,72,1,224.14,3,1,1,311,5
2800,668,1,988.04,1,1,3,113,5
2801,426,1,948.93,1,1,3,113,5
2802,260,1,40.5,2,1,1,211,4
2803,18,13,7491.92,5,5,5,555,15
2804,367,3,816.9300000000001,2,3,3,233,8
2805,66,5,1200.2,3,4,3,343,10
2806,154,11,2998.952,3,5,5,355,13
2807,548,3,639.93,1,3,3,133,7
2808,29,4,685.39,4,3,3,433,10
2809,70,1,310.62,3,1,2,312,6
2810,14,5,1403.2,5,4,4,544,13
2811,2,16,4777.18,5,5,5,555,15
2812,725,1,310.43,1,1,2,112,4
2813,1,46,17524.38,5,5,5,555,15
2814,434,1,834.4399999999999,1,1,3,113,5
2815,463,3,588.05,1,3,2,132,6
2816,120,5,1666.39,3,4,4,344,11
2817,61,1,499.32,3,1,2,312,6
2818,3,28,12021.53,5,5,5,555,15
2819,3,1,3861.0,5,1,5,515,11
2820,433,2,313.7,1,2,2,122,5
2821,11,6,1877.51,5,4,4,544,13
2822,92,5,571.35,3,4,2,342,9
2823,59,10,3122.4,4,5,5,455,14
2824,495,1,549.05,1,1,2,112,4
2825,87,7,1842.95,3,4,4,344,11
2826,420,3,6001.49,1,3,5,135,9
2827,26,15,4400.18,4,5,5,455,14
2828,357,1,316.58,2,1,2,212,5
2829,85,2,653.24,3,2,3,323,8
2830,10,4,420.29999999999995,5,3,2,532,10
2831,416,3,683.9200000000001,1,3,3,133,7
2832,1,6,970.52,5,4,3,543,12
2833,730,1,178.98000000000002,1,1,1,111,3
2834,225,3,1176.19,2,3,3,233,8
2835,60,2,894.4100000000001,3,2,3,323,8
2836,241,2,208.28,2,2,1,221,5
2837,319,2,328.35,2,2,2,222,6
2838,2,8,1661.44,5,4,4,544,13
2839,47,7,2422.43,4,4,4,444,12
2840,88,2,486.09,3,2,2,322,7
2841,563,1,426.24,1,1,2,112,4
2842,11,22,11468.83,5,5,5,555,15
2843,176,2,685.45,3,2,3,323,8
2844,52,6,1778.96,4,4,4,444,12
2845,366,4,2062.2000000000003,2,3,4,234,9
2846,319,11,3550.91,2,5,5,255,12
2847,226,5,1417.95,2,4,4,244,10
2848,358,5,871.36,2,4,3,243,9
2849,234,1,409.40000000000003,2,1,2,212,5
2850,311,1,154.41,2,1,1,211,4
2851,37,9,2488.4900000000002,4,5,4,454,13
2852,66,6,5580.2699999999995,3,4,5,345,12
2853,586,1,160.5,1,1,1,111,3
2854,239,2,429.6,2,2,2,222,6
2855,621,1,250.26,1,1,1,111,3
2856,113,2,612.06,3,2,3,323,8
2857,401,1,59.400000000000006,2,1,1,211,4
2858,277,1,197.0,2,1,1,211,4
2859,218,16,2772.76,2,5,4,254,11
2860,299,1,321.05,2,1,2,212,5
2861,2,4,1412.32,5,3,4,534,12
2862,29,3,1071.99,4,3,3,433,10
2863,10,2,780.59,5,2,3,523,10
2864,45,12,4459.98,4,5,5,455,14
2865,67,11,3050.16,3,5,5,355,13
2866,422,1,302.04,1,1,2,112,4
2867,74,2,927.2800000000001,3,2,3,323,8
2868,65,3,912.08,3,3,3,333,9
2869,134,8,4610.84,3,4,5,345,12
2870,238,3,780.4,2,3,3,233,8
2871,122,3,976.06,3,3,3,333,9
2872,411,3,1893.93,1,3,4,134,8
2873,32,18,9266.0,4,5,5,455,14
2874,641,1,60.0,1,1,1,111,3
2875,9,21,20324.54,5,5,5,555,15
2876,36,5,2103.41,4,4,4,444,12
2877,16,8,2055.09,5,4,4,544,13
2878,127,3,1088.35,3,3,3,333,9
2879,67,9,3706.02,3,5,5,355,13
2880,149,2,170.4,3,2,1,321,6
2881,283,2,685.9,2,2,3,223,7
2882,169,2,623.16,3,2,3,323,8
2883,513,4,1182.3799999999999,1,3,3,133,7
2884,100,25,8767.73,3,5,5,355,13
2885,135,4,1508.0,3,3,4,334,10
2886,324,3,418.82,2,3,2,232,7
2887,107,1,156.51,3,1,1,311,5
2888,64,2,848.4,3,2,3,323,8
2889,151,4,3345.64,3,3,5,335,11
2890,338,5,852.21,2,4,3,243,9
2891,22,5,1717.36,4,4,4,444,12
2892,479,3,961.9000000000001,1,3,3,133,7
2893,24,3,1225.3600000000001,4,3,4,434,11
2894,16,21,8524.86,5,5,5,555,15
2895,7,24,4528.54,5,5,5,555,15
2896,57,6,2030.95,4,4,4,444,12
2897,600,1,228.96,1,1,1,111,3
2898,4,2,716.57,5,2,3,523,10
2899,38,1,615.14,4,1,3,413,8
2900,66,4,619.8,3,3,3,333,9
2901,47,2,476.34,4,2,2,422,8
2902,562,4,496.15999999999997,1,3,2,132,6
2903,355,5,1580.54,2,4,4,244,10
2904,172,3,397.52,3,3,2,332,8
2905,59,16,8543.57,4,5,5,455,14
2906,570,1,348.59,1,1,2,112,4
2907,390,3,148.33,2,3,1,231,6
2908,500,1,24.75,1,1,1,111,3
2909,408,1,94.92,2,1,1,211,4
2910,50,1,240.55,4,1,1,411,6
2911,22,5,856.03,4,4,3,443,11
2912,43,10,3715.38,4,5,5,455,14
2913,29,5,1593.09,4,4,4,444,12
2914,5,26,10496.28,5,5,5,555,15
2915,26,40,13517.76,4,5,5,455,14
2916,201,1,178.39,2,1,1,211,4
2917,666,1,247.5,1,1,1,111,3
2918,411,1,233.35,1,1,1,111,3
2919,654,1,207.04,1,1,1,111,3
2920,51,12,10323.03,4,5,5,455,14
2921,10,3,641.94,5,3,3,533,11
2922,2,23,9061.77,5,5,5,555,15
2923,67,10,6156.53,3,5,5,355,13
2924,64,1,496.44,3,1,2,312,6
2925,51,17,6909.67,4,5,5,455,14
2926,730,1,308.0,1,1,2,112,4
2927,290,3,1224.18,2,3,4,234,9
2928,61,9,796.4000000000001,3,5,3,353,11
2929,555,1,93.6,1,1,1,111,3
2930,64,9,3484.73,3,5,5,355,13
2931,96,1,205.3,3,1,1,311,5
2932,274,1,310.47,2,1,2,212,5
2933,611,4,797.96,1,3,3,133,7
2934,479,1,1634.64,1,1,4,114,6
2935,1,208,114966.42,5,5,5,555,15
2936,75,12,2930.19,3,5,5,355,13
2937,110,1,52.0,3,1,1,311,5
2938,199,3,820.4499999999999,2,3,3,233,8
2939,64,2,570.5,3,2,2,322,7
2940,327,1,165.0,2,1,1,211,4
2941,677,1,129.75,1,1,1,111,3
2942,4,1,312.62,5,1,2,512,8
2943,284,1,204.5,2,1,1,211,4
2944,44,1,267.13,4,1,1,411,6
2945,71,12,6709.7300000000005,3,5,5,355,13
2946,86,2,1390.86,3,2,4,324,9
2947,563,3,434.6,1,3,2,132,6
2948,701,1,140.22000000000003,1,1,1,111,3
2949,104,8,1601.46,3,4,4,344,11
2950,334,5,1700.52,2,4,4,244,10
2951,53,1,208.75,4,1,1,411,6
2952,408,1,107.24,2,1,1,211,4
2953,39,11,2958.83,4,5,5,455,14
2954,32,2,714.96,4,2,3,423,9
2955,500,3,767.91,1,3,3,133,7
2956,366,6,4892.68,2,4,5,245,11
2957,208,1,1028.56,2,1,3,213,6
2958,157,3,350.82,3,3,2,332,8
2959,54,1,170.22,4,1,1,411,6
2960,402,1,240.5,2,1,1,211,4
2961,411,1,373.02,1,1,2,112,4
2962,677,1,277.93,1,1,1,111,3
2963,66,7,1821.02,3,4,4,344,11
2964,562,1,105.5,1,1,1,111,3
2965,81,2,2402.7200000000003,3,2,4,324,9
2966,130,1,406.09,3,1,2,312,6
2967,87,1,364.5,3,1,2,312,6
2968,1,3,563.94,5,3,2,532,10
2969,46,1,393.54,4,1,2,412,7
2970,333,3,596.12,2,3,2,232,7
2971,366,4,1162.0,2,3,3,233,8
2972,72,1,158.04,3,1,1,311,5
2973,158,2,463.90999999999997,3,2,2,322,7
2974,373,2,547.6,2,2,2,222,6
2975,12,10,3430.22,5,5,5,555,15
2976,549,1,111.15,1,1,1,111,3
2977,255,7,2794.4700000000003,2,4,4,244,10
2978,603,3,284.4,1,3,1,131,5
2979,29,2,277.05,4,2,1,421,7
2980,31,13,3239.57,4,5,5,455,14
2981,5,42,16425.86,5,5,5,555,15
2982,663,8,181.35,1,4,1,141,6
2983,40,1,427.93,4,1,2,412,7
2984,362,4,689.07,2,3,3,233,8
2985,449,2,613.08,1,2,3,123,6
2986,373,2,678.11,2,2,3,223,7
2987,96,2,913.19,3,2,3,323,8
2988,26,13,4557.13,4,5,5,455,14
2989,75,7,2389.08,3,4,4,344,11
2990,57,11,5081.33,4,5,5,455,14
2991,21,2,722.74,4,2,3,423,9
2992,492,11,6251.26,1,5,5,155,11
2993,41,8,3739.01,4,4,5,445,13
2994,662,1,59.400000000000006,1,1,1,111,3
2995,137,8,6017.06,3,4,5,345,12
2996,8,17,3084.54,5,5,5,555,15
2997,129,2,307.32,3,2,2,322,7
2998,690,1,60.959999999999994,1,1,1,111,3
2999,40,3,1221.56,4,3,4,434,11
3000,383,4,1211.75,2,3,3,233,8
3001,463,2,246.5,1,2,1,121,4
3002,169,8,4877.84,3,4,5,345,12
3003,9,11,3248.96,5,5,5,555,15
3004,214,5,1890.5700000000002,2,4,4,244,10
3005,15,12,13733.550000000001,5,5,5,555,15
3006,170,4,2027.79,3,3,4,334,10
3007,40,3,942.08,4,3,3,433,10
3008,186,1,394.14,3,1,2,312,6
3009,492,1,468.65,1,1,2,112,4
3010,270,1,140.54,2,1,1,211,4
3011,172,5,2733.8,3,4,4,344,11
3012,396,2,1216.66,2,2,3,223,7
3013,584,1,289.87,1,1,2,112,4
3014,5,7,2911.62,5,4,5,545,14
3015,16,5,891.34,5,4,3,543,12
3016,10,11,5286.8,5,5,5,555,15
3017,326,1,107.45,2,1,1,211,4
3018,113,2,796.38,3,2,3,323,8
3019,290,1,94.0,2,1,1,211,4
3020,16,2,1345.53,5,2,4,524,11
3021,1,3,815.77,5,3,3,533,11
3022,92,8,1302.3,3,4,4,344,11
3023,452,2,216.95000000000002,1,2,1,121,4
3024,149,6,1830.54,3,4,4,344,11
3025,492,2,170.88,1,2,1,121,4
3026,376,1,257.06,2,1,1,211,4
3027,189,2,659.84,3,2,3,323,8
3028,31,4,975.87,4,3,3,433,10
3029,34,4,1046.74,4,3,3,433,10
3030,264,1,267.18,2,1,1,211,4
3031,721,1,131.25,1,1,1,111,3
3032,84,10,4685.72,3,5,5,355,13
3033,26,4,1348.93,4,3,4,434,11
3034,171,1,190.53,3,1,1,311,5
3035,692,5,6798.72,1,4,5,145,10
3036,10,3,774.9000000000001,5,3,3,533,11
3037,313,1,559.61,2,1,2,212,5
3038,65,7,4572.82,3,4,5,345,12
3039,85,1,508.8,3,1,2,312,6
3040,425,2,449.42,1,2,2,122,5
3041,25,1,135.86,4,1,1,411,6
3042,434,6,743.0,1,4,3,143,8
3043,59,10,3805.34,4,5,5,455,14
3044,323,7,1619.97,2,4,4,244,10
3045,38,3,266.89,4,3,1,431,8
3046,254,3,597.78,2,3,2,232,7
3047,400,4,1941.1200000000001,2,3,4,234,9
3048,19,9,2156.35,5,5,4,554,14
3049,33,3,1430.54,4,3,4,434,11
3050,15,4,762.75,5,3,3,533,11
3051,27,2,397.35,4,2,2,422,8
3052,468,2,954.75,1,2,3,123,6
3053,503,1,153.24,1,1,1,111,3
3054,23,2,320.76,4,2,2,422,8
3055,214,2,533.3,2,2,2,222,6
3056,8,11,2567.06,5,5,4,554,14
3057,22,1,149.29,4,1,1,411,6
3058,12,3,1067.75,5,3,3,533,11
3059,262,2,393.45,2,2,2,222,6
3060,131,1,156.57999999999998,3,1,1,311,5
3061,405,4,1269.05,2,3,4,234,9
3062,55,3,383.68,4,3,2,432,9
3063,396,3,1254.21,2,3,4,234,9
3064,249,1,594.0,2,1,2,212,5
3065,2,14,5114.23,5,5,5,555,15
3066,9,2,1411.21,5,2,4,524,11
3067,264,2,284.5,2,2,1,221,5
3068,377,3,399.75,2,3,2,232,7
3069,331,5,492.88,2,4,2,242,8
3070,313,2,788.81,2,2,3,223,7
3071,26,3,974.52,4,3,3,433,10
3072,30,1,429.84,4,1,2,412,7
3073,434,2,226.86,1,2,1,121,4
3074,30,6,1785.1100000000001,4,4,4,444,12
3075,2,7,1371.77,5,4,4,544,13
3076,362,2,305.99,2,2,2,222,6
3077,598,1,38.25,1,1,1,111,3
3078,283,10,2091.52,2,5,4,254,11
3079,262,1,237.07,2,1,1,211,4
3080,25,2,370.43999999999994,4,2,2,422,8
3081,417,2,202.82999999999998,1,2,1,121,4
3082,354,1,214.26,2,1,1,211,4
3083,461,2,429.7,1,2,2,122,5
3084,94,4,737.05,3,3,3,333,9
3085,29,1,126.14,4,1,1,411,6
3086,338,1,1044.65,2,1,3,213,6
3087,20,32,12100.4,4,5,5,455,14
3088,85,4,1560.46,3,3,4,334,10
3089,9,3,524.88,5,3,2,532,10
3090,51,3,1430.48,4,3,4,434,11
3091,50,3,874.25,4,3,3,433,10
3092,576,1,63.419999999999995,1,1,1,111,3
3093,2,3,1292.01,5,3,4,534,12
3094,113,1,371.56,3,1,2,312,6
3095,14,8,2046.0,5,4,4,544,13
3096,596,1,150.35,1,1,1,111,3
3097,77,1,454.10999999999996,3,1,2,312,6
3098,380,4,2209.98,2,3,4,234,9
3099,650,1,368.4,1,1,2,112,4
3100,40,3,1983.48,4,3,4,434,11
3101,733,1,147.4,1,1,1,111,3
3102,116,5,6279.0,3,4,5,345,12
3103,401,1,1993.34,2,1,4,214,7
3104,16,19,14417.36,5,5,5,555,15
3105,161,10,817.8199999999999,3,5,3,353,11
3106,1,6,4652.1,5,4,5,545,14
3107,30,7,4810.92,4,4,5,445,13
3108,527,1,102.0,1,1,1,111,3
3109,680,1,231.32,1,1,1,111,3
3110,93,5,431.92,3,4,2,342,9
3111,23,8,2419.61,4,4,4,444,12
3112,430,1,210.85,1,1,1,111,3
3113,95,6,3100.09,3,4,5,345,12
3114,28,2,659.4599999999999,4,2,3,423,9
3115,33,9,4121.68,4,5,5,455,14
3116,21,5,3702.6,4,4,5,445,13
3117,379,1,246.5,2,1,1,211,4
3118,631,1,146.14000000000001,1,1,1,111,3
3119,18,9,8657.39,5,5,5,555,15
3120,3,44,24972.86,5,5,5,555,15
3121,724,1,158.65,1,1,1,111,3
3122,8,4,1131.56,5,3,3,533,11
3123,405,2,399.95,2,2,2,222,6
3124,16,14,13003.869999999999,5,5,5,555,15
3125,363,2,257.3,2,2,1,221,5
3126,81,4,402.7,3,3,2,332,8
3127,53,5,3610.96,4,4,5,445,13
3128,23,6,2030.33,4,4,4,444,12
3129,172,1,475.86,3,1,2,312,6
3130,189,6,1000.27,3,4,3,343,10
3131,380,1,152.41,2,1,1,211,4
3132,331,1,250.0,2,1,1,211,4
3133,12,5,900.53,5,4,3,543,12
3134,156,4,331.58,3,3,2,332,8
3135,33,35,26437.05,4,5,5,455,14
3136,12,18,6392.06,5,5,5,555,15
3137,387,1,171.81,2,1,1,211,4
3138,45,3,62.43,4,3,1,431,8
3139,233,1,267.03,2,1,1,211,4
3140,64,15,4189.99,3,5,5,355,13
3141,383,2,344.61,2,2,2,222,6
3142,2,1,343.5,5,1,2,512,8
3143,40,16,7098.24,4,5,5,455,14
3144,33,2,397.99,4,2,2,422,8
3145,84,16,17259.19,3,5,5,355,13
3146,25,2,591.4,4,2,2,422,8
3147,2,4,890.22,5,3,3,533,11
3148,33,2,148.44,4,2,1,421,7
3149,19,23,5554.89,5,5,5,555,15
3150,254,1,229.33,2,1,1,211,4
3151,23,12,4783.66,4,5,5,455,14
3152,22,5,1808.68,4,4,4,444,12
3153,8,2,1972.39,5,2,4,524,11
3154,25,10,3738.85,4,5,5,455,14
3155,19,3,807.57,5,3,3,533,11
3156,726,1,162.25,1,1,1,111,3
3157,173,6,1044.3700000000001,3,4,3,343,10
3158,409,1,259.09,2,1,1,211,4
3159,163,1,110.92,3,1,1,311,5
3160,538,6,3358.3999999999996,1,4,5,145,10
3161,7,1,538.46,5,1,2,512,8
3162,11,2,460.68,5,2,2,522,9
3163,114,1,85.13000000000001,3,1,1,311,5
3164,512,3,855.71,1,3,3,133,7
3165,288,2,242.26,2,2,1,221,5
3166,9,20,7807.89,5,5,5,555,15
3167,54,2,288.96999999999997,4,2,2,422,8
3168,607,2,1079.1000000000001,1,2,3,123,6
3169,7,26,10057.05,5,5,5,555,15
3170,596,1,158.09,1,1,1,111,3
3171,77,8,2334.16,3,4,4,344,11
3172,4,12,2211.05,5,5,4,554,14
3173,37,7,1679.81,4,4,4,444,12
3174,217,2,252.52,2,2,1,221,5
3175,60,1,428.93,3,1,2,312,6
3176,278,1,217.2,2,1,1,211,4
3177,12,36,11243.91,5,5,5,555,15
3178,24,1,279.77,4,1,1,411,6
3179,29,1,468.91,4,1,2,412,7
3180,639,1,202.68,1,1,1,111,3
3181,568,1,1109.4,1,1,3,113,5
3182,398,2,153.52,2,2,1,221,5
3183,12,8,1934.3899999999999,5,4,4,544,13
3184,352,3,671.4300000000001,2,3,3,233,8
3185,22,7,2859.46,4,4,4,444,12
3186,463,2,70.74000000000001,1,2,1,121,4
3187,50,2,173.16,4,2,1,421,7
3188,393,2,227.87,2,2,1,221,5
3189,19,1,186.01,5,1,1,511,7
3190,3,3,758.29,5,3,3,533,11
3191,104,10,3583.45,3,5,5,355,13
3192,7,25,8736.49,5,5,5,555,15
3193,12,14,3892.35,5,5,5,555,15
3194,5,10,3965.2,5,5,5,555,15
3195,32,5,1188.42,4,4,3,443,11
3196,178,6,1101.44,3,4,3,343,10
3197,620,1,30.1,1,1,1,111,3
3198,38,1,921.37,4,1,3,413,8
3199,151,5,396.03000000000003,3,4,2,342,9
3200,162,1,127.1,3,1,1,311,5
3201,69,5,1250.63,3,4,4,344,11
3202,377,8,1375.39,2,4,4,244,10
3203,121,38,7480.4,3,5,5,355,13
3204,25,3,682.9100000000001,4,3,3,433,10
3205,376,1,95.96,2,1,1,211,4
3206,24,6,1268.2,4,4,4,444,12
3207,177,1,455.3,3,1,2,312,6
3208,593,3,1139.1,1,3,3,133,7
3209,50,7,1522.0800000000002,4,4,4,444,12
3210,678,1,579.6,1,1,2,112,4
3211,256,3,478.53000000000003,2,3,2,232,7
3212,382,5,1496.6,2,4,4,244,10
3213,583,3,217.9,1,3,1,131,5
3214,47,1,388.58,4,1,2,412,7
3215,71,1,199.8,3,1,1,311,5
3216,16,5,1771.78,5,4,4,544,13
3217,488,1,357.6,1,1,2,112,4
3218,101,9,2727.72,3,5,4,354,12
3219,35,2,563.37,4,2,2,422,8
3220,53,2,548.02,4,2,2,422,8
3221,27,3,1250.06,4,3,4,434,11
3222,428,4,1199.31,1,3,3,133,7
3223,11,30,14191.74,5,5,5,555,15
3224,8,16,3137.96,5,5,5,555,15
3225,79,2,88.48,3,2,1,321,6
3226,52,1,216.39,4,1,1,411,6
3227,36,9,1741.95,4,5,4,454,13
3228,61,17,5230.99,3,5,5,355,13
3229,337,9,1708.97,2,5,4,254,11
3230,28,5,1785.98,4,4,4,444,12
3231,184,1,298.48,3,1,2,312,6
3232,52,1,112.46000000000001,4,1,1,411,6
3233,10,26,2997.28,5,5,5,555,15
3234,36,2,195.15,4,2,1,421,7
3235,610,1,433.71999999999997,1,1,2,112,4
3236,438,4,3147.36,1,3,5,135,9
3237,10,47,21373.97,5,5,5,555,15
3238,438,1,317.11,1,1,2,112,4
3239,396,3,828.5500000000001,2,3,3,233,8
3240,33,4,776.851,4,3,3,433,10
3241,11,1,336.40000000000003,5,1,2,512,8
3242,57,4,1942.36,4,3,4,434,11
3243,4,4,1293.03,5,3,4,534,12
3244,43,17,7852.61,4,5,5,455,14
3245,141,8,2437.05,3,4,4,344,11
3246,117,4,588.13,3,3,2,332,8
3247,104,9,3236.4,3,5,5,355,13
3248,75,3,1067.52,3,3,3,333,9
3249,457,2,566.9,1,2,2,122,5
3250,5,17,5333.08,5,5,5,555,15
3251,450,4,2240.9,1,3,4,134,8
3252,45,3,1481.4,4,3,4,434,11
3253,642,1,596.67,1,1,2,112,4
3254,16,8,3285.31,5,4,5,545,14
3255,509,13,4335.96,1,5,5,155,11
3256,17,2,554.65,5,2,2,522,9
3257,396,1,100.35,2,1,1,211,4
3258,90,4,1444.58,3,3,4,334,10
3259,53,5,797.59,4,4,3,443,11
3260,379,6,2265.2,2,4,4,244,10
3261,134,3,1065.08,3,3,3,333,9
3262,4,29,23494.31,5,5,5,555,15
3263,105,12,5345.55,3,5,5,355,13
3264,730,1,105.78000000000002,1,1,1,111,3
3265,192,3,664.0,2,3,3,233,8
3266,166,4,803.54,3,3,3,333,9
3267,19,3,1055.17,5,3,3,533,11
3268,158,5,784.8100000000001,3,4,3,343,10
3269,415,1,169.0,1,1,1,111,3
3270,204,2,639.5,2,2,3,223,7
3271,336,4,1660.35,2,3,4,234,9
3272,522,2,553.88,1,2,2,122,5
3273,37,5,1259.06,4,4,4,444,12
3274,91,5,1405.94,3,4,4,344,11
3275,93,2,877.4399999999999,3,2,3,323,8
3276,9,2,922.53,5,2,3,523,10
3277,243,1,560.67,2,1,2,212,5
3278,45,4,748.5,4,3,3,433,10
3279,23,1,30.0,4,1,1,411,6
3280,190,8,2117.27,2,4,4,244,10
3281,44,3,532.49,4,3,2,432,9
3282,25,15,2603.69,4,5,4,454,13
3283,317,8,1215.95,2,4,3,243,9
3284,661,2,283.73,1,2,1,121,4
3285,106,1,138.14,3,1,1,311,5
3286,51,4,1254.03,4,3,4,434,11
3287,168,5,3987.07,3,4,5,345,12
3288,472,2,632.9399999999999,1,2,3,123,6
3289,40,1,301.32,4,1,2,412,7
3290,218,1,76.32000000000001,2,1,1,211,4
3291,40,4,684.34,4,3,3,433,10
3292,297,2,325.2,2,2,2,222,6
3293,19,7,2657.13,5,4,4,544,13
3294,725,1,45.300000000000004,1,1,1,111,3
3295,88,9,6204.32,3,5,5,355,13
3296,73,13,6948.2300000000005,3,5,5,355,13
3297,81,4,542.04,3,3,2,332,8
3298,19,3,3435.76,5,3,5,535,13
3299,49,3,1305.63,4,3,4,434,11
3300,53,3,1825.94,4,3,4,434,11
3301,24,4,781.28,4,3,3,433,10
3302,9,10,4028.69,5,5,5,555,15
3303,25,14,2989.7,4,5,5,455,14
3304,599,2,318.24,1,2,2,122,5
3305,117,2,524.54,3,2,2,322,7
3306,547,3,173.95,1,3,1,131,5
3307,450,1,55.980000000000004,1,1,1,111,3
3308,420,1,90.0,1,1,1,111,3
3309,9,9,2993.1,5,5,5,555,15
3310,419,1,190.57,1,1,1,111,3
3311,120,3,521.03,3,3,2,332,8
3312,4,2,239.76,5,2,1,521,8
3313,252,4,571.3,2,3,2,232,7
3314,28,1,191.04,4,1,1,411,6
3315,659,1,37.5,1,1,1,111,3
3316,1,24,9978.48,5,5,5,555,15
3317,267,4,1131.04,2,3,3,233,8
3318,33,13,3881.2200000000003,4,5,5,455,14
3319,690,1,246.75,1,1,1,111,3
3320,624,1,46.2,1,1,1,111,3
3321,18,1,309.65,5,1,2,512,8
3322,172,2,696.68,3,2,3,323,8
3323,2,4,1529.0,5,3,4,534,12
3324,476,2,140.39000000000001,1,2,1,121,4
3325,265,1,211.5,2,1,1,211,4
3326,140,6,3734.6600000000003,3,4,5,345,12
3327,201,1,143.1,2,1,1,211,4
3328,64,4,1060.56,3,3,3,333,9
3329,35,4,916.98,4,3,3,433,10
3330,41,9,3887.15,4,5,5,455,14
3331,284,2,327.85,2,2,2,222,6
3332,417,1,898.87,1,1,3,113,5
3333,557,2,420.25,1,2,2,122,5
3334,9,12,3472.4100000000003,5,5,5,555,15
3335,143,4,839.64,3,3,3,333,9
3336,12,5,783.96,5,4,3,543,12
3337,556,5,658.02,1,4,3,143,8
3338,146,11,2485.26,3,5,4,354,12
3339,234,5,607.0,2,4,2,242,8
3340,540,1,293.79,1,1,2,112,4
3341,33,31,10195.97,4,5,5,455,14
3342,24,2,739.22,4,2,3,423,9
3343,12,1,471.40000000000003,5,1,2,512,8
3344,36,11,5234.0,4,5,5,455,14
3345,365,4,930.7,2,3,3,233,8
3346,201,3,310.85,2,3,2,232,7
3347,15,1,415.25,5,1,2,512,8
3348,390,1,321.91,2,1,2,212,5
3349,17,15,9371.71,5,5,5,555,15
3350,380,2,544.6,2,2,2,222,6
3351,213,3,192.55,2,3,1,231,6
3352,66,5,1726.58,3,4,4,344,11
3353,554,1,125.3,1,1,1,111,3
3354,212,10,1543.97,2,5,4,254,11
3355,283,1,162.3,2,1,1,211,4
3356,115,4,2263.3,3,3,4,334,10
3357,421,1,327.68,1,1,2,112,4
3358,435,2,1767.12,1,2,4,124,7
3359,15,8,1188.1200000000001,5,4,3,543,12
3360,19,41,13043.32,5,5,5,555,15
3361,66,1,449.12,3,1,2,312,6
3362,49,1,154.88,4,1,1,411,6
3363,458,2,208.62,1,2,1,121,4
3364,619,1,156.87,1,1,1,111,3
3365,16,4,775.96,5,3,3,533,11
3366,78,1,34.8,3,1,1,311,5
3367,19,4,1094.59,5,3,3,533,11
3368,134,1,196.88,3,1,1,311,5
3369,13,9,2499.81,5,5,4,554,14
3370,40,3,609.8100000000001,4,3,3,433,10
3371,235,3,44534.3,2,3,5,235,10
3372,3,18,6452.991,5,5,5,555,15
3373,461,11,1380.44,1,5,4,154,10
3374,40,9,3924.91,4,5,5,455,14
3375,305,1,79.2,2,1,1,211,4
3376,51,9,3037.61,4,5,5,455,14
3377,10,17,5993.12,5,5,5,555,15
3378,61,4,528.01,3,3,2,332,8
3379,66,6,2940.36,3,4,5,345,12
3380,25,1,205.25,4,1,1,411,6
3381,218,7,830.9300000000001,2,4,3,243,9
3382,631,2,13916.34,1,2,5,125,8
3383,443,1,143.05,1,1,1,111,3
3384,65,2,583.75,3,2,2,322,7
3385,32,2,1086.92,4,2,3,423,9
3386,88,8,4503.08,3,4,5,345,12
3387,667,1,370.63,1,1,2,112,4
3388,64,3,831.06,3,3,3,333,9
3389,116,34,15308.89,3,5,5,355,13
3390,7,46,88612.52,5,5,5,555,15
3391,613,1,321.45,1,1,2,112,4
3392,604,3,1006.54,1,3,3,133,7
3393,418,1,280.88,1,1,1,111,3
3394,6,2,774.52,5,2,3,523,10
3395,69,6,1288.34,3,4,4,344,11
3396,245,2,150.5,2,2,1,221,5
3397,133,1,241.62,3,1,1,311,5
3398,241,7,1762.61,2,4,4,244,10
3399,431,1,307.95,1,1,2,112,4
3400,463,2,124.08000000000001,1,2,1,121,4
3401,184,3,475.28000000000003,3,3,2,332,8
3402,25,3,345.46,4,3,2,432,9
3403,10,4,4014.1,5,3,5,535,13
3404,11,1,246.3,5,1,1,511,7
3405,468,2,848.3299999999999,1,2,3,123,6
3406,33,16,5969.93,4,5,5,455,14
3407,46,5,8501.62,4,4,5,445,13
3408,26,3,933.26,4,3,3,433,10
3409,509,1,221.82999999999998,1,1,1,111,3
3410,358,6,1962.01,2,4,4,244,10
3411,10,1,218.75,5,1,1,511,7
3412,44,5,3608.34,4,4,5,445,13
3413,400,2,933.84,2,2,3,223,7
3414,15,8,2399.57,5,4,4,544,13
3415,736,2,777.0,1,2,3,123,6
3416,150,8,1979.8700000000001,3,4,4,344,11
3417,1,17,5171.63,5,5,5,555,15
3418,113,6,2821.08,3,4,4,344,11
3419,493,3,1535.37,1,3,4,134,8
3420,76,4,1421.34,3,3,4,334,10
3421,107,7,1227.07,3,4,4,344,11
3422,46,3,1063.95,4,3,3,433,10
3423,143,1,451.42,3,1,2,312,6
3424,51,4,1929.66,4,3,4,434,11
3425,1,13,4206.39,5,5,5,555,15
3426,23,30,10148.93,4,5,5,455,14
3427,46,3,784.58,4,3,3,433,10
3428,50,5,1817.52,4,4,4,444,12
3429,306,21,17180.25,2,5,5,255,12
3430,36,7,1274.44,4,4,4,444,12
3431,79,8,2999.04,3,4,5,345,12
3432,22,7,3486.15,4,4,5,445,13
3433,107,12,5201.47,3,5,5,355,13
3434,208,2,1303.9099999999999,2,2,4,224,8
3435,17,6,2634.44,5,4,4,544,13
3436,64,5,2100.6,3,4,4,344,11
3437,542,2,144.14999999999998,1,2,1,121,4
3438,421,3,2766.4,1,3,4,134,8
3439,588,1,340.5,1,1,2,112,4
3440,49,10,3934.79,4,5,5,455,14
3441,320,1,206.98,2,1,1,211,4
3442,44,2,570.96,4,2,2,422,8
3443,3,6,1840.06,5,4,4,544,13
3444,372,3,3882.17,2,3,5,235,10
3445,453,2,890.94,1,2,3,123,6
3446,172,1,532.94,3,1,2,312,6
3447,56,4,2598.28,4,3,4,434,11
3448,73,28,3603.14,3,5,5,355,13
3449,375,1,1108.82,2,1,3,213,6
3450,99,2,636.14,3,2,3,323,8
3451,38,1,576.0,4,1,2,412,7
3452,58,3,794.64,4,3,3,433,10
3453,254,1,836.79,2,1,3,213,6
3454,738,1,80.4,1,1,1,111,3
3455,70,7,3764.39,3,4,5,345,12
3456,44,4,954.09,4,3,3,433,10
3457,50,1,137.37,4,1,1,411,6
3458,65,2,777.01,3,2,3,323,8
3459,11,34,73205.5,5,5,5,555,15
3460,33,3,1048.49,4,3,3,433,10
3461,59,2,355.56,4,2,2,422,8
3462,73,9,2742.41,3,5,4,354,12
3463,393,2,548.8,2,2,2,222,6
3464,304,1,118.95000000000002,2,1,1,211,4
3465,46,1,130.73999999999998,4,1,1,411,6
3466,18,11,4426.28,5,5,5,555,15
3467,385,1,107.01,2,1,1,211,4
3468,38,5,822.57,4,4,3,443,11
3469,622,1,137.99,1,1,1,111,3
3470,19,6,1006.75,5,4,3,543,12
3471,527,1,109.73,1,1,1,111,3
3472,187,3,257.26,3,3,1,331,7
3473,52,1,110.8,4,1,1,411,6
3474,4,21,5578.28,5,5,5,555,15
3475,137,6,1052.72,3,4,3,343,10
3476,4,52,32275.95,5,5,5,555,15
3477,19,2,570.48,5,2,2,522,9
3478,16,13,3552.41,5,5,5,555,15
3479,432,1,438.46,1,1,2,112,4
3480,41,17,2361.3,4,5,4,454,13
3481,12,12,4369.2,5,5,5,555,15
3482,8,13,2512.29,5,5,4,554,14
3483,26,5,355.1,4,4,2,442,10
3484,22,7,2180.76,4,4,4,444,12
3485,41,5,2241.42,4,4,4,444,12
3486,101,1,211.89,3,1,1,311,5
3487,5,31,8923.3,5,5,5,555,15
3488,583,1,94.53,1,1,1,111,3
3489,277,3,321.11,2,3,2,232,7
3490,33,4,857.46,4,3,3,433,10
3491,437,1,33.099999999999994,1,1,1,111,3
3492,15,4,729.25,5,3,3,533,11
3493,500,4,313.91999999999996,1,3,2,132,6
3494,64,21,11284.76,3,5,5,355,13
3495,646,1,108.52,1,1,1,111,3
3496,409,2,1449.1399999999999,2,2,4,224,8
3497,2,2,490.33,5,2,2,522,9
3498,562,2,330.77,1,2,2,122,5
3499,404,4,1137.8,2,3,3,233,8
3500,369,1,329.03000000000003,2,1,2,212,5
3501,312,5,501.39000000000004,2,4,2,242,8
3502,199,8,1124.66,2,4,3,243,9
3503,2,2,396.48,5,2,2,522,9
3504,432,2,244.60000000000002,1,2,1,121,4
3505,93,15,1951.82,3,5,4,354,12
3506,60,4,1052.8700000000001,3,3,3,333,9
3507,407,3,1027.15,2,3,3,233,8
3508,81,3,429.16,3,3,2,332,8
3509,157,8,1427.6,3,4,4,344,11
3510,395,5,535.65,2,4,2,242,8
3511,227,1,511.68,2,1,2,212,5
3512,669,1,128.2,1,1,1,111,3
3513,482,1,305.28000000000003,1,1,2,112,4
3514,253,2,258.25,2,2,1,221,5
3515,150,1,179.17,3,1,1,311,5
3516,194,2,208.59,2,2,1,221,5
3517,1,25,4996.45,5,5,5,555,15
3518,369,1,56.25,2,1,1,211,4
3519,24,4,886.5699999999999,4,3,3,433,10
3520,17,7,687.72,5,4,3,543,12
3521,380,1,145.01,2,1,1,211,4
3522,10,12,8939.84,5,5,5,555,15
3523,8,1,164.68,5,1,1,511,7
3524,543,1,114.69,1,1,1,111,3
3525,20,10,2530.19,4,5,4,454,13
3526,4,3,882.72,5,3,3,533,11
3527,491,2,758.62,1,2,3,123,6
3528,174,1,191.94,3,1,1,311,5
3529,1,15,2661.17,5,5,4,554,14
3530,624,8,1700.24,1,4,4,144,9
3531,178,9,1074.7,3,5,3,353,11
3532,534,1,6.300000000000001,1,1,1,111,3
3533,378,2,205.99,2,2,1,221,5
3534,402,1,364.45,2,1,2,212,5
3535,16,13,3145.2400000000002,5,5,5,555,15
3536,248,5,530.17,2,4,2,242,8
3537,191,3,582.88,2,3,2,232,7
3538,20,2,525.69,4,2,2,422,8
3539,154,9,569.14,3,5,2,352,10
3540,173,4,775.26,3,3,3,333,9
3541,373,1,369.5,2,1,2,212,5
3542,373,1,127.08,2,1,1,211,4
3543,731,1,102.82,1,1,1,111,3
3544,194,1,207.15,2,1,1,211,4
3545,542,1,134.44,1,1,1,111,3
3546,647,1,106.54,1,1,1,111,3
3547,656,1,293.53,1,1,2,112,4
3548,644,1,594.0,1,1,2,112,4
3549,67,1,426.63,3,1,2,312,6
3550,428,1,239.9,1,1,1,111,3
3551,4,8,2495.87,5,4,4,544,13
3552,21,3,1107.46,4,3,3,433,10
3553,418,2,2190.66,1,2,4,124,7
3554,239,2,416.86,2,2,2,222,6
3555,379,2,282.79,2,2,1,221,5
3556,64,1,145.35,3,1,1,311,5
3557,112,9,734.81,3,5,3,353,11
3558,90,16,9060.39,3,5,5,355,13
3559,311,1,35.8,2,1,1,211,4
3560,637,1,405.0,1,1,2,112,4
3561,134,1,337.44,3,1,2,312,6
3562,650,2,271.28999999999996,1,2,1,121,4
3563,277,4,2164.24,2,3,4,234,9
3564,365,4,646.27,2,4,3,243,9
3565,503,3,2304.18,1,3,4,134,8
3566,83,1,1708.24,3,1,4,314,8
3567,8,3,1509.0900000000001,5,3,4,534,12
3568,17,2,364.72,5,2,2,522,9
3569,32,10,7120.91,4,5,5,455,14
3570,9,3,1013.17,5,3,3,533,11
3571,34,4,781.91,4,4,3,443,11
3572,15,18,3440.3399999999997,5,5,5,555,15
3573,589,1,190.75,1,1,1,111,3
3574,24,22,8085.9800000000005,4,5,5,455,14
3575,551,2,617.6,1,2,3,123,6
3576,32,3,921.25,4,3,3,433,10
3577,74,4,462.12,3,4,2,342,9
3578,682,3,542.89,1,3,2,132,6
3579,374,4,410.95,2,4,2,242,8
3580,379,1,451.28999999999996,2,1,2,212,5
3581,449,1,289.48,1,1,2,112,4
3582,20,2,470.76,4,2,2,422,8
3583,663,1,269.21000000000004,1,1,1,111,3
3584,17,13,2771.94,5,5,4,554,14
3585,451,1,426.53000000000003,1,1,2,112,4
3586,23,12,2966.0,4,5,5,455,14
3587,388,1,404.55,2,1,2,212,5
3588,3,5,1127.05,5,4,3,543,12
3589,304,2,1017.32,2,2,3,223,7
3590,18,18,5902.83,5,5,5,555,15
3591,456,5,1769.33,1,4,4,144,9
3592,367,3,680.62,2,3,3,233,8
3593,39,7,3442.15,4,4,5,445,13
3594,84,1,371.01,3,1,2,312,6
3595,165,6,1694.41,3,4,4,344,11
3596,17,2,1054.73,5,2,3,523,10
3597,77,3,3279.42,3,3,5,335,11
3598,603,1,329.22,1,1,2,112,4
3599,89,7,6543.68,3,4,5,345,12
3600,25,21,9362.77,4,5,5,455,14
3601,605,1,324.51,1,1,2,112,4
3602,22,8,3110.37,4,4,5,445,13
3603,3,30,8393.02,5,5,5,555,15
3604,123,7,2715.28,3,4,4,344,11
3605,30,2,354.42,4,2,2,422,8
3606,12,8,1535.99,5,4,4,544,13
3607,19,3,738.89,5,3,3,533,11
3608,376,2,368.31,2,2,2,222,6
3609,44,7,1997.75,4,4,4,444,12
3610,534,1,150.55,1,1,1,111,3
3611,4,3,896.6,5,3,3,533,11
3612,9,7,2777.67,5,4,4,544,13
3613,55,3,1175.68,4,3,3,433,10
3614,414,1,694.54,1,1,3,113,5
3615,88,7,1386.4,3,4,4,344,11
3616,37,16,8274.14,4,5,5,455,14
3617,736,1,20.4,1,1,1,111,3
3618,3,3,12393.7,5,3,5,535,13
3619,381,1,583.39,2,1,2,212,5
3620,625,1,169.21,1,1,1,111,3
3621,30,10,5613.83,4,5,5,455,14
3622,475,5,2146.39,1,4,4,144,9
3623,12,10,2365.4900000000002,5,5,4,554,14
3624,211,2,332.82,2,2,2,222,6
3625,48,7,3053.06,4,4,5,445,13
3626,24,15,5339.13,4,5,5,455,14
3627,22,4,972.11,4,4,3,443,11
3628,246,11,1694.86,2,5,4,254,11
3629,8,29,5601.01,5,5,5,555,15
3630,35,5,2978.59,4,4,5,445,13
3631,4,84,56078.44,5,5,5,555,15
3632,38,5,1100.28,4,4,3,443,11
3633,4,3,704.55,5,3,3,533,11
3634,3,11,2083.4,5,5,4,554,14
3635,47,5,1545.58,4,4,4,444,12
3636,39,4,698.13,4,4,3,443,11
3637,47,27,17329.16,4,5,5,455,14
3638,17,3,851.01,5,3,3,533,11
3639,395,2,487.03,2,2,2,222,6
3640,260,1,602.63,2,1,2,212,5
3641,46,3,719.81,4,3,3,433,10
3642,12,3,483.99,5,3,2,532,10
3643,30,1,439.65999999999997,4,1,2,412,7
3644,43,1,236.09,4,1,1,411,6
3645,92,15,2048.36,3,5,4,354,12
3646,596,1,82.2,1,1,1,111,3
3647,39,107,117763.62,4,5,5,455,14
3648,310,1,331.24,2,1,2,212,5
3649,92,2,547.9,3,2,2,322,7
3650,456,6,1965.72,1,4,4,144,9
3651,6,27,10608.81,5,5,5,555,15
3652,196,6,911.3199999999999,2,4,3,243,9
3653,560,1,217.73,1,1,1,111,3
3654,87,4,2556.84,3,4,4,344,11
3655,270,5,1509.34,2,4,4,244,10
3656,8,3,471.78000000000003,5,3,2,532,10
3657,424,2,456.4,1,2,2,122,5
3658,65,7,2416.9,3,4,4,344,11
3659,31,3,3166.4,4,3,5,435,12
3660,22,8,2245.32,4,4,4,444,12
3661,38,8,1856.5900000000001,4,4,4,444,12
3662,435,1,340.84000000000003,1,1,2,112,4
3663,120,8,3434.9300000000003,3,4,5,345,12
3664,562,1,235.78,1,1,1,111,3
3665,682,1,107.14,1,1,1,111,3
3666,373,4,818.7900000000001,2,4,3,243,9
3667,40,6,1852.15,4,4,4,444,12
3668,174,3,300.7,3,3,2,332,8
3669,682,1,188.44,1,1,1,111,3
3670,54,1,362.06,4,1,2,412,7
3671,33,6,3634.84,4,4,5,445,13
3672,145,4,2111.88,3,4,4,344,11
3673,221,1,134.8,2,1,1,211,4
3674,45,1,650.75,4,1,3,413,8
3675,16,10,3854.85,5,5,5,555,15
3676,406,1,62.7,2,1,1,211,4
3677,66,12,3053.57,3,5,5,355,13
3678,401,3,541.95,2,3,2,232,7
3679,431,1,89.65,1,1,1,111,3
3680,10,8,2863.45,5,5,4,554,14
3681,260,1,335.32,2,1,2,212,5
3682,725,1,109.31,1,1,1,111,3
3683,365,8,1992.13,2,5,4,254,11
3684,17,5,1521.04,5,4,4,544,13
3685,563,3,3269.11,1,3,5,135,9
3686,594,1,115.73,1,1,1,111,3
3687,418,1,457.7,1,1,2,112,4
3688,22,2,852.15,4,2,3,423,9
3689,45,4,1076.8,4,4,3,443,11
3690,288,4,4180.09,2,4,5,245,11
3691,297,1,122.39999999999999,2,1,1,211,4
3692,390,1,252.5,2,1,1,211,4
3693,503,2,736.9300000000001,1,2,3,123,6
3694,3,10,2234.73,5,5,4,554,14
3695,626,1,2300.4,1,1,4,114,6
3696,284,2,362.99,2,2,2,222,6
3697,17,3,1352.0,5,3,4,534,12
3698,82,4,602.5600000000001,3,4,2,342,9
3699,56,8,4278.96,4,5,5,455,14
3700,670,1,106.75,1,1,1,111,3
3701,101,4,2351.42,3,4,4,344,11
3702,299,1,436.18,2,1,2,212,5
3703,23,12,2341.03,4,5,4,454,13
3704,59,10,2687.73,4,5,4,454,13
3705,389,5,1739.92,2,4,4,244,10
3706,576,2,1437.43,1,2,4,124,7
3707,386,2,263.49,2,2,1,221,5
3708,624,1,180.56,1,1,1,111,3
3709,155,2,315.06,3,2,2,322,7
3710,115,6,1587.94,3,4,4,344,11
3711,107,1,17.0,3,1,1,311,5
3712,12,11,3695.56,5,5,5,555,15
3713,456,1,447.05,1,1,2,112,4
3714,264,4,1584.97,2,4,4,244,10
3715,240,1,185.04999999999998,2,1,1,211,4
3716,88,14,4010.7,3,5,5,355,13
3717,50,7,1573.2,4,4,4,444,12
3718,463,1,582.64,1,1,2,112,4
3719,71,4,3229.16,3,4,5,345,12
3720,42,3,1842.14,4,3,4,434,11
3721,7,22,6191.71,5,5,5,555,15
3722,62,9,2774.46,3,5,4,354,12
3723,249,5,2386.19,2,4,4,244,10
3724,66,1,108.38,3,1,1,311,5
3725,18,7,3204.1600000000003,5,4,5,545,14
3726,85,4,2235.92,3,4,4,344,11
3727,219,3,939.48,2,3,3,233,8
3728,45,4,1781.59,4,4,4,444,12
3729,428,1,549.33,1,1,2,112,4
3730,143,4,195.73999999999998,3,4,1,341,8
3731,183,1,161.38,3,1,1,311,5
3732,171,1,135.75000000000003,3,1,1,311,5
3733,10,12,2553.8,5,5,4,554,14
3734,212,1,612.78,2,1,3,213,6
3735,190,3,654.4,2,3,3,233,8
3736,653,1,4376.25,1,1,5,115,7
3737,8,8,1720.81,5,5,4,554,14
3738,59,6,2967.51,4,4,5,445,13
3739,57,5,1450.04,4,4,4,444,12
3740,73,6,895.62,3,4,3,343,10
3741,52,1,307.78,4,1,2,412,7
3742,317,4,1772.49,2,4,4,244,10
3743,367,14,4292.35,2,5,5,255,12
3744,29,15,14644.6,4,5,5,455,14
3745,39,2,801.31,4,2,3,423,9
3746,18,11,3801.05,5,5,5,555,15
3747,407,3,1396.05,2,3,4,234,9
3748,422,4,987.48,1,4,3,143,8
3749,52,12,9957.42,4,5,5,455,14
3750,544,2,664.1999999999999,1,2,3,123,6
3751,4,56,22992.260000000002,5,5,5,555,15
3752,22,5,2145.34,4,4,4,444,12
3753,263,2,819.45,2,2,3,223,7
3754,60,4,946.8,3,4,3,343,10
3755,680,1,422.7,1,1,2,112,4
3756,379,3,910.35,2,3,3,233,8
3757,19,5,1111.15,5,4,3,543,12
3758,66,3,1433.46,3,3,4,334,10
3759,88,2,955.94,3,2,3,323,8
3760,250,1,535.34,2,1,2,212,5
3761,3,12,4555.08,5,5,5,555,15
3762,247,1,175.2,2,1,1,211,4
3763,9,19,6805.4400000000005,5,5,5,555,15
3764,157,4,946.38,3,4,3,343,10
3765,134,5,2398.91,3,4,4,344,11
3766,296,2,386.62,2,2,2,222,6
3767,5,3,422.22,5,3,2,532,10
3768,43,10,4002.17,4,5,5,455,14
3769,269,1,1829.04,2,1,4,214,7
3770,50,11,5133.49,4,5,5,455,14
3771,382,5,796.9,2,4,3,243,9
3772,9,20,6188.18,5,5,5,555,15
3773,16,3,656.69,5,3,3,533,11
3774,522,9,628.32,1,5,3,153,9
3775,282,4,1232.79,2,4,4,244,10
3776,65,2,1025.44,3,2,3,323,8
3777,2,43,12580.06,5,5,5,555,15
3778,252,1,37.4,2,1,1,211,4
3779,232,6,2407.98,2,4,4,244,10
3780,17,3,822.48,5,3,3,533,11
3781,505,1,79.9,1,1,1,111,3
3782,428,2,435.83,1,2,2,122,5
3783,414,5,1386.1200000000001,1,4,4,144,9
3784,11,66,10360.67,5,5,5,555,15
3785,8,4,1822.97,5,4,4,544,13
3786,51,20,6869.0,4,5,5,455,14
3787,59,1,73.2,4,1,1,411,6
3788,95,8,1884.55,3,5,4,354,12
3789,16,6,1418.32,5,4,4,544,13
3790,126,7,2246.75,3,4,4,344,11
3791,94,7,1836.44,3,4,4,344,11
3792,421,4,2052.69,1,4,4,144,9
3793,50,8,2247.31,4,5,4,454,13
3794,138,2,612.6,3,2,3,323,8
3795,61,1,215.83,3,1,1,311,5
3796,100,13,16249.87,3,5,5,355,13
3797,73,1,305.54,3,1,2,312,6
3798,72,9,9971.65,3,5,5,355,13
3799,67,4,1077.81,3,4,3,343,10
3800,64,6,1158.79,3,4,3,343,10
3801,17,3,644.72,5,3,3,533,11
3802,23,26,8718.43,4,5,5,455,14
3803,32,15,6911.4400000000005,4,5,5,455,14
3804,45,5,1087.66,4,4,3,443,11
3805,16,2,215.48,5,2,1,521,8
3806,40,8,2723.55,4,5,4,454,13
3807,3,24,15677.82,5,5,5,555,15
3808,736,1,351.3,1,1,2,112,4
3809,237,2,630.43,2,2,3,223,7
3810,375,1,308.59999999999997,2,1,2,212,5
3811,723,1,323.25,1,1,2,112,4
3812,489,1,93.3,1,1,1,111,3
3813,469,9,2016.71,1,5,4,154,10
3814,75,2,1030.0410000000002,3,2,3,323,8
3815,392,7,942.75,2,4,3,243,9
3816,4,12,5608.1,5,5,5,555,15
3817,3,5,2112.12,5,4,4,544,13
3818,361,9,2501.9900000000002,2,5,4,254,11
3819,59,6,943.84,4,4,3,443,11
3820,23,3,918.71,4,3,3,433,10
3821,31,7,1820.1100000000001,4,4,4,444,12
3822,55,13,2589.87,4,5,4,454,13
3823,25,1,394.38,4,1,2,412,7
3824,45,10,3440.45,4,5,5,455,14
3825,89,9,4146.78,3,5,5,355,13
3826,2,35,33750.97,5,5,5,555,15
3827,89,3,1090.59,3,3,3,333,9
3828,19,4,1293.71,5,4,4,544,13
3829,79,1,159.0,3,1,1,311,5
3830,171,4,2038.25,3,4,4,344,11
3831,81,1,242.35,3,1,1,311,5
3832,267,1,914.9300000000001,2,1,3,213,6
3833,235,2,304.25,2,2,2,222,6
3834,30,13,3968.67,4,5,5,455,14
3835,501,1,40.8,1,1,1,111,3
3836,37,9,2019.92,4,5,4,454,13
3837,318,2,1272.05,2,2,4,224,8
3838,375,2,1087.05,2,2,3,223,7
3839,57,5,1616.54,4,4,4,444,12
3840,45,15,2859.31,4,5,4,454,13
3841,203,5,672.1700000000001,2,4,3,243,9
3842,225,3,1027.22,2,3,3,233,8
3843,385,3,885.71,2,3,3,233,8
3844,87,6,2867.86,3,4,4,344,11
3845,190,2,542.03,2,2,2,222,6
3846,379,4,1074.47,2,4,3,243,9
3847,44,7,2712.97,4,4,4,444,12
3848,71,9,1818.31,3,5,4,354,12
3849,476,3,333.18,1,3,2,132,6
3850,41,9,2053.71,4,5,4,454,13
3851,78,1,432.2,3,1,2,312,6
3852,437,1,136.65,1,1,1,111,3
3853,423,1,63.66,1,1,1,111,3
3854,57,6,1492.2,4,4,4,444,12
3855,24,2,3718.8,4,2,5,425,11
3856,10,16,3992.86,5,5,5,555,15
3857,8,14,7404.65,5,5,5,555,15
3858,34,2,409.1,4,2,2,422,8
3859,212,2,1522.75,2,2,4,224,8
3860,24,3,1413.66,4,3,4,434,11
3861,460,2,821.35,1,2,3,123,6
3862,170,1,114.56,3,1,1,311,5
3863,62,1,152.94,3,1,1,311,5
3864,53,5,1800.07,4,4,4,444,12
3865,261,3,565.24,2,3,2,232,7
3866,512,1,128.31,1,1,1,111,3
3867,383,1,295.09000000000003,2,1,2,212,5
3868,67,7,7272.2,3,4,5,345,12
3869,378,3,967.44,2,3,3,233,8
3870,17,15,4530.0,5,5,5,555,15
3871,267,3,1629.37,2,3,4,234,9
3872,177,1,46.95,3,1,1,311,5
3873,45,15,11942.52,4,5,5,455,14
3874,410,3,340.94,2,3,2,232,7
3875,51,1,1035.45,4,1,3,413,8
3876,17,6,1041.16,5,4,3,543,12
3877,378,1,755.15,2,1,3,213,6
3878,423,1,348.16,1,1,2,112,4
3879,438,2,823.53,1,2,3,123,6
3880,9,12,6935.17,5,5,5,555,15
3881,74,14,1757.95,3,5,4,354,12
3882,591,1,186.66,1,1,1,111,3
3883,71,2,667.65,3,2,3,323,8
3884,438,1,717.57,1,1,3,113,5
3885,353,1,1141.24,2,1,3,213,6
3886,3,10,3397.82,5,5,5,555,15
3887,117,1,411.7,3,1,2,312,6
3888,648,2,318.34000000000003,1,2,2,122,5
3889,373,1,351.75,2,1,2,212,5
3890,197,3,2151.11,2,3,4,234,9
3891,177,3,2629.3900000000003,3,3,4,334,10
3892,734,1,188.69,1,1,1,111,3
3893,100,3,1117.84,3,3,3,333,9
3894,21,9,5698.28,4,5,5,455,14
3895,725,1,238.05,1,1,1,111,3
3896,72,3,3424.02,3,3,5,335,11
3897,340,3,1307.58,2,3,4,234,9
3898,6,8,4350.32,5,5,5,555,15
3899,31,3,1018.48,4,3,3,433,10
3900,646,1,176.9,1,1,1,111,3
3901,477,2,328.95,1,2,2,122,5
3902,170,5,1006.98,3,4,3,343,10
3903,470,1,129.85,1,1,1,111,3
3904,462,1,136.31,1,1,1,111,3
3905,465,4,1957.7,1,4,4,144,9
3906,682,1,117.72,1,1,1,111,3
3907,122,5,1253.76,3,4,4,344,11
3908,22,15,4279.2,4,5,5,455,14
3909,477,1,126.05000000000001,1,1,1,111,3
3910,10,4,1328.55,5,4,4,544,13
3911,626,4,1313.67,1,4,4,144,9
3912,269,1,301.9,2,1,2,212,5
3913,23,7,1085.7,4,4,3,443,11
3914,477,1,193.65,1,1,1,111,3
3915,430,3,1367.32,1,3,4,134,8
3916,737,1,107.33,1,1,1,111,3
3917,127,1,233.22,3,1,1,311,5
3918,26,7,7928.27,4,4,5,445,13
3919,695,1,381.66,1,1,2,112,4
3920,139,1,361.21999999999997,3,1,2,312,6
3921,214,7,1124.72,2,4,3,243,9
3922,429,3,1194.92,1,3,3,133,7
3923,38,7,5120.0,4,4,5,445,13
3924,106,2,706.57,3,2,3,323,8
3925,414,2,460.08,1,2,2,122,5
3926,18,2,616.26,5,2,3,523,10
3927,432,1,171.15,1,1,1,111,3
3928,3,2,274.15000000000003,5,2,1,521,8
3929,390,3,1491.4,2,3,4,234,9
3930,331,2,402.71,2,2,2,222,6
3931,64,13,5744.91,3,5,5,355,13
3932,120,5,2192.51,3,4,4,344,11
3933,35,1,328.15,4,1,2,412,7
3934,218,1,404.40000000000003,2,1,2,212,5
3935,172,6,5628.99,3,4,5,345,12
3936,72,7,604.5500000000001,3,4,2,342,9
3937,1,2,326.75,5,2,2,522,9
3938,196,2,353.66,2,2,2,222,6
3939,128,3,408.59000000000003,3,3,2,332,8
3940,47,12,3597.5,4,5,5,455,14
3941,6,24,4721.25,5,5,5,555,15
3942,14,16,10159.64,5,5,5,555,15
3943,563,1,310.83,1,1,2,112,4
3944,428,4,1664.92,1,4,4,144,9
3945,18,7,625.38,5,4,3,543,12
3946,432,6,2037.7,1,4,4,144,9
3947,28,11,2000.01,4,5,4,454,13
3948,8,22,26626.8,5,5,5,555,15
3949,492,1,263.73,1,1,1,111,3
3950,552,7,2753.52,1,4,4,144,9
3951,421,4,3517.69,1,4,5,145,10
3952,37,1,151.05,4,1,1,411,6
3953,157,1,214.79999999999998,3,1,1,311,5
3954,284,1,94.05,2,1,1,211,4
3955,107,3,1496.24,3,3,4,334,10
3956,25,7,3850.79,4,4,5,445,13
3957,75,4,322.41,3,4,2,342,9
3958,16,3,614.12,5,3,3,533,11
3959,158,4,842.42,3,4,3,343,10
3960,44,2,1178.79,4,2,3,423,9
3961,385,1,224.51,2,1,1,211,4
3962,11,11,3442.96,5,5,5,555,15
3963,32,8,1744.42,4,5,4,454,13
3964,291,1,53.5,2,1,1,211,4
3965,21,9,2253.89,4,5,4,454,13
3966,333,13,3330.0299999999997,2,5,5,255,12
3967,18,2,494.44,5,2,2,522,9
3968,4,38,9795.460000000001,5,5,5,555,15
3969,63,5,1119.46,3,4,3,343,10
3970,375,1,416.35,2,1,2,212,5
3971,198,6,415.87,2,4,2,242,8
3972,33,4,868.37,4,4,3,443,11
3973,1,5,2919.65,5,4,5,545,14
3974,7,16,2697.75,5,5,4,554,14
3975,5,6,3450.41,5,4,5,545,14
3976,10,4,891.21,5,4,3,543,12
3977,32,6,922.16,4,4,3,443,11
3978,53,1,109.36000000000001,4,1,1,411,6
3979,12,2,705.79,5,2,3,523,10
3980,18,15,3167.34,5,5,5,555,15
3981,19,4,1548.1299999999999,5,4,4,544,13
3982,37,3,1350.48,4,3,4,434,11
3983,2,3,621.44,5,3,3,533,11
3984,18,7,2656.56,5,4,4,544,13
3985,82,4,1301.91,3,4,4,344,11
3986,449,1,157.2,1,1,1,111,3
3987,33,5,1290.31,4,4,4,444,12
3988,382,2,309.49,2,2,2,222,6
3989,66,5,1723.4,3,4,4,344,11
3990,470,2,104.0,1,2,1,121,4
3991,9,2,974.96,5,2,3,523,10
3992,267,2,1308.48,2,2,4,224,8
3993,247,3,362.95,2,3,2,232,7
3994,4,4,2157.4,5,4,4,544,13
3995,61,1,1743.1499999999999,3,1,4,314,8
3996,396,2,247.85,2,2,1,221,5
3997,408,2,353.1,2,2,2,222,6
3998,75,7,2896.69,3,4,4,344,11
3999,90,4,1358.95,3,4,4,344,11
4000,60,5,881.35,3,4,3,343,10
4001,29,3,1068.16,4,3,3,433,10
4002,323,5,882.46,2,4,3,243,9
4003,654,1,186.05,1,1,1,111,3
4004,53,4,1382.07,4,4,4,444,12
4005,537,3,467.5,1,3,2,132,6
4006,401,4,1052.26,2,4,3,243,9
4007,270,3,756.7,2,3,3,233,8
4008,2,23,5297.77,5,5,5,555,15
4009,57,5,1555.34,4,4,4,444,12
4010,61,14,3518.41,3,5,5,355,13
4011,476,1,137.8,1,1,1,111,3
4012,628,1,123.13,1,1,1,111,3
4013,154,2,1705.8,3,2,4,324,9
4014,19,3,630.22,5,3,3,533,11
4015,95,9,3059.85,3,5,5,355,13
4016,1,23,6849.15,5,5,5,555,15
4017,265,2,293.45,2,2,2,222,6
4018,312,1,177.5,2,1,1,211,4
4019,70,1,443.05,3,1,2,312,6
4020,302,2,167.25,2,2,1,221,5
4021,19,3,528.36,5,3,2,532,10
4022,13,14,2761.65,5,5,4,554,14
4023,591,1,231.93,1,1,1,111,3
4024,36,12,5652.74,4,5,5,455,14
4025,734,1,130.32,1,1,1,111,3
4026,19,4,756.39,5,4,3,543,12
4027,54,5,593.19,4,4,2,442,10
4028,57,2,522.03,4,2,2,422,8
4029,22,5,551.21,4,4,2,442,10
4030,44,3,696.76,4,3,3,433,10
4031,27,9,2957.88,4,5,5,455,14
4032,493,1,35.7,1,1,1,111,3
4033,45,5,1028.74,4,4,3,443,11
4034,113,8,1463.7,3,5,4,354,12
4035,396,1,75.0,2,1,1,211,4
4036,376,3,526.27,2,3,2,232,7
4037,17,109,61920.87,5,5,5,555,15
4038,25,1,346.12,4,1,2,412,7
4039,191,2,443.06,2,2,2,222,6
4040,302,1,302.7,2,1,2,212,5
4041,2,10,1863.76,5,5,4,554,14
4042,263,2,241.06,2,2,1,221,5
4043,414,3,638.49,1,3,3,133,7
4044,106,1,284.55,3,1,1,311,5
4045,57,7,1117.94,4,4,3,443,11
4046,213,3,623.28,2,3,3,233,8
4047,64,1,287.4,3,1,2,312,6
4048,28,2,384.52,4,2,2,422,8
4049,29,12,2673.69,4,5,4,454,13
4050,512,3,1003.0699999999999,1,3,3,133,7
4051,668,3,319.14,1,3,2,132,6
4052,381,2,301.25,2,2,2,222,6
4053,6,5,798.35,5,4,3,543,12
4054,722,1,310.70000000000005,1,1,2,112,4
4055,8,6,3856.9700000000003,5,4,5,545,14
4056,67,5,1019.13,3,4,3,343,10
4057,2,5,891.98,5,4,3,543,12
4058,521,1,162.24,1,1,1,111,3
4059,46,17,3625.88,4,5,5,455,14
4060,34,4,583.16,4,4,2,442,10
4061,1,2,168472.5,5,2,5,525,12
4062,136,3,727.1,3,3,3,333,9
4063,198,2,361.12,2,2,2,222,6
4064,198,2,707.69,2,2,3,223,7
4065,150,3,1505.73,3,3,4,334,10
4066,88,3,1013.15,3,3,3,333,9
4067,631,2,332.17,1,2,2,122,5
4068,531,2,251.71,1,2,1,121,4
4069,45,4,30.950000000000003,4,4,1,441,9
4070,64,11,3995.57,3,5,5,355,13
4071,99,13,6000.94,3,5,5,355,13
4072,218,1,208.36,2,1,1,211,4
4073,3,30,5690.89,5,5,5,555,15
4074,730,1,71.78999999999999,1,1,1,111,3
4075,28,3,811.23,4,3,3,433,10
4076,178,3,1545.83,3,3,4,334,10
4077,74,3,136.0,3,3,1,331,7
4078,21,4,1422.4,4,4,4,444,12
4079,20,3,1298.66,4,3,4,434,11
4080,421,2,746.24,1,2,3,123,6
4081,34,15,3767.09,4,5,5,455,14
4082,509,7,2869.16,1,4,4,144,9
4083,74,3,787.52,3,3,3,333,9
4084,24,5,803.9,4,4,3,443,11
4085,52,11,2416.85,4,5,4,454,13
4086,275,4,1189.98,2,4,3,243,9
4087,434,2,789.6,1,2,3,123,6
4088,165,4,470.83,3,4,2,342,9
4089,7,7,1810.65,5,4,4,544,13
4090,88,4,544.3,3,4,2,342,9
4091,432,1,350.35,1,1,2,112,4
4092,64,11,4094.37,3,5,5,355,13
4093,25,3,331.0,4,3,2,432,9
4094,10,2,300.83,5,2,2,522,9
4095,76,1,769.29,3,1,3,313,7
4096,682,1,453.38,1,1,2,112,4
4097,16,1,220.62,5,1,1,511,7
4098,192,1,139.35,2,1,1,211,4
4099,174,2,404.3,3,2,2,322,7
4100,77,5,2287.19,3,4,4,344,11
4101,538,1,134.36,1,1,1,111,3
4102,577,2,209.4,1,2,1,121,4
4103,33,3,498.8,4,3,2,432,9
4104,380,2,303.7,2,2,2,222,6
4105,436,1,205.41000000000003,1,1,1,111,3
4106,47,2,1533.16,4,2,4,424,10
4107,541,1,385.56,1,1,2,112,4
4108,80,7,2132.09,3,4,4,344,11
4109,297,1,826.53,2,1,3,213,6
4110,3,3,648.26,5,3,3,533,11
4111,9,6,2330.77,5,4,4,544,13
4112,50,23,6695.28,4,5,5,455,14
4113,161,2,100.97,3,2,1,321,6
4114,360,8,2578.34,2,5,4,254,11
4115,5,9,843.9100000000001,5,5,3,553,13
4116,383,1,1191.23,2,1,3,213,6
4117,620,2,258.55,1,2,1,121,4
4118,107,11,3614.34,3,5,5,355,13
4119,25,1,465.88,4,1,2,412,7
4120,32,1,777.6,4,1,3,413,8
4121,20,2,90.30000000000001,4,2,1,421,7
4122,572,1,142.71,1,1,1,111,3
4123,630,1,240.95,1,1,1,111,3
4124,297,1,363.7,2,1,2,212,5
4125,372,6,1777.5,2,4,4,244,10
4126,22,6,1760.49,4,4,4,444,12
4127,5,4,874.59,5,4,3,543,12
4128,52,10,3179.06,4,5,5,455,14
4129,30,1,101.69999999999999,4,1,1,411,6
4130,277,1,162.7,2,1,1,211,4
4131,61,4,959.37,3,4,3,343,10
4132,25,4,439.06,4,4,2,442,10
4133,186,6,2148.38,3,4,4,344,11
4134,415,3,1140.11,1,3,3,133,7
4135,436,2,433.36,1,2,2,122,5
4136,2,28,11916.33,5,5,5,555,15
4137,446,2,306.19,1,2,2,122,5
4138,2,48,24151.3,5,5,5,555,15
4139,172,2,717.21,3,2,3,323,8
4140,81,2,1232.94,3,2,4,324,9
4141,4,1,244.41,5,1,1,511,7
4142,190,4,1986.8,2,4,4,244,10
4143,668,1,48.349999999999994,1,1,1,111,3
4144,22,11,2298.33,4,5,4,454,13
4145,18,5,8756.64,5,4,5,545,14
4146,19,3,1082.81,5,3,3,533,11
4147,642,1,635.9,1,1,3,113,5
4148,5,3,972.04,5,3,3,533,11
4149,110,1,548.12,3,1,2,312,6
4150,641,1,23.35,1,1,1,111,3
4151,541,3,395.07,1,3,2,132,6
4152,3,10,3289.66,5,5,5,555,15
4153,414,1,205.75,1,1,1,111,3
4154,735,1,424.03,1,1,2,112,4
4155,54,2,257.32,4,2,1,421,7
4156,592,1,292.21,1,1,2,112,4
4157,520,4,376.70000000000005,1,4,2,142,7
4158,165,2,689.82,3,2,3,323,8
4159,291,5,5307.07,2,4,5,245,11
4160,546,1,104.25999999999999,1,1,1,111,3
4161,599,1,30.15,1,1,1,111,3
4162,10,34,12781.8,5,5,5,555,15
4163,109,18,8813.58,3,5,5,355,13
4164,96,7,2237.12,3,4,4,344,11
4165,243,2,379.73,2,2,2,222,6
4166,163,33,16584.01,3,5,5,355,13
4167,42,8,2841.72,4,5,4,454,13
4168,35,6,1915.68,4,4,4,444,12
4169,67,17,8012.58,3,5,5,355,13
4170,24,2,281.85,4,2,1,421,7
4171,1,38,13304.11,5,5,5,555,15
4172,397,1,175.0,2,1,1,211,4
4173,27,8,3048.38,4,5,5,455,14
4174,6,2,511.12,5,2,2,522,9
4175,477,1,223.85999999999999,1,1,1,111,3
4176,54,6,4412.56,4,4,5,445,13
4177,569,1,87.8,1,1,1,111,3
4178,364,4,773.05,2,4,3,243,9
4179,15,5,614.66,5,4,3,543,12
4180,194,2,865.6,2,2,3,223,7
4181,428,2,1020.9000000000001,1,2,3,123,6
4182,3,5,1455.23,5,4,4,544,13
4183,15,20,7434.31,5,5,5,555,15
4184,27,10,4248.74,4,5,5,455,14
4185,127,3,1009.6,3,3,3,333,9
4186,85,2,663.61,3,2,3,323,8
4187,71,3,1301.78,3,3,4,334,10
4188,420,2,540.87,1,2,2,122,5
4189,667,1,380.0,1,1,2,112,4
4190,626,1,156.6,1,1,1,111,3
4191,426,1,295.05,1,1,2,112,4
4192,183,1,105.84,3,1,1,311,5
4193,113,1,313.62,3,1,2,312,6
4194,374,2,297.95,2,2,2,222,6
4195,80,5,3156.17,3,4,5,345,12
4196,594,2,341.59,1,2,2,122,5
4197,249,3,1462.78,2,3,4,234,9
4198,232,1,225.15,2,1,1,211,4
4199,386,4,1361.28,2,4,4,244,10
4200,71,4,612.36,3,4,3,343,10
4201,401,2,605.9,2,2,2,222,6
4202,69,1,213.5,3,1,1,311,5
4203,4,28,7807.91,5,5,5,555,15
4204,51,8,1071.1399999999999,4,5,3,453,12
4205,75,1,181.09,3,1,1,311,5
4206,61,5,1757.75,3,4,4,344,11
4207,16,4,458.98,5,4,2,542,11
4208,4,1,90.04,5,1,1,511,7
4209,286,1,145.04999999999998,2,1,1,211,4
4210,386,1,172.8,2,1,1,211,4
4211,4,13,2153.41,5,5,4,554,14
4212,41,3,677.0,4,3,3,433,10
4213,36,2,763.33,4,2,3,423,9
4214,75,2,482.47,3,2,2,322,7
4215,563,2,432.45,1,2,2,122,5
4216,724,1,60.48,1,1,1,111,3
4217,404,2,357.66,2,2,2,222,6
4218,18,25,5706.87,5,5,5,555,15
4219,454,2,1286.6200000000001,1,2,4,124,7
4220,15,7,5493.46,5,4,5,545,14
4221,219,1,75.66,2,1,1,211,4
4222,186,6,1785.13,3,4,4,344,11
4223,33,9,3245.43,4,5,5,455,14
4224,70,1,618.59,3,1,3,313,7
4225,183,3,1179.79,3,3,3,333,9
4226,626,1,291.5,1,1,2,112,4
4227,15,2,500.42,5,2,2,522,9
4228,236,1,151.85,2,1,1,211,4
4229,31,5,2647.59,4,4,4,444,12
4230,264,4,1938.33,2,4,4,244,10
4231,4,6,1758.93,5,4,4,544,13
4232,52,4,813.48,4,4,3,443,11
4233,544,1,225.4,1,1,1,111,3
4234,246,4,1015.24,2,4,3,243,9
4235,81,2,810.5699999999999,3,2,3,323,8
4236,275,5,1654.03,2,4,4,244,10
4237,1,17,4413.1,5,5,5,555,15
4238,79,1,322.8,3,1,2,312,6
4239,30,7,2318.1,4,4,4,444,12
4240,74,2,408.63,3,2,2,322,7
4241,407,1,106.80000000000001,2,1,1,211,4
4242,482,7,1892.52,1,4,4,144,9
4243,486,2,406.4,1,2,2,122,5
4244,17,6,2883.1,5,4,4,544,13
4245,223,6,1649.81,2,4,4,244,10
4246,407,1,473.0,2,1,2,212,5
4247,438,4,3802.04,1,4,5,145,10
4248,32,4,1154.47,4,4,3,443,11
4249,23,15,2380.13,4,5,4,454,13
4250,31,4,1747.98,4,4,4,444,12
4251,398,1,179.4,2,1,1,211,4
4252,106,2,554.5,3,2,2,322,7
4253,5,3,1077.45,5,3,3,533,11
4254,246,2,923.11,2,2,3,223,7
4255,178,2,833.78,3,2,3,323,8
4256,736,1,160.39,1,1,1,111,3
4257,449,1,678.8,1,1,3,113,5
4258,170,4,541.9,3,4,2,342,9
4259,43,3,672.8,4,3,3,433,10
4260,520,1,306.58000000000004,1,1,2,112,4
4261,72,7,1916.11,3,4,4,344,11
4262,587,1,136.2,1,1,1,111,3
4263,59,16,17550.39,4,5,5,455,14
4264,16,2,1212.66,5,2,3,523,10
4265,141,8,1484.07,3,5,4,354,12
4266,18,13,6423.26,5,5,5,555,15
4267,22,30,16833.170000000002,4,5,5,455,14
4268,10,4,874.43,5,4,3,543,12
4269,368,6,690.83,2,4,3,243,9
4270,189,1,39.12,3,1,1,311,5
4271,16,7,1879.55,5,4,4,544,13
4272,540,4,932.76,1,4,3,143,8
4273,394,1,151.05,2,1,1,211,4
4274,729,1,165.0,1,2,1,121,4
4275,569,1,109.2,1,2,1,121,4
4276,362,1,135.39999999999998,2,2,1,221,5
4277,19,2,217.71,5,2,1,521,8
4278,68,2,567.1800000000001,3,2,2,322,7
4279,15,13,862.42,5,5,3,553,13
4280,24,3,1348.88,4,3,4,434,11
4281,17,20,8030.150000000001,5,5,5,555,15
4282,28,3,1692.27,4,3,4,434,11
4283,2,20,8134.9400000000005,5,5,5,555,15
4284,679,1,171.13,1,2,1,121,4
4285,55,2,304.24,4,2,2,422,8
4286,442,2,608.86,1,2,2,122,5
4287,34,6,2361.9,4,4,4,444,12
4288,411,2,880.62,1,2,3,123,6
4289,3,12,3109.99,5,5,5,555,15
4290,366,3,663.31,2,3,3,233,8
4291,43,3,821.45,4,3,3,433,10
4292,73,7,1921.84,3,4,4,344,11
4293,5,5,1028.0,5,4,3,543,12
4294,534,1,320.25,1,2,2,122,5
4295,4,55,147142.77,5,5,5,555,15
4296,61,2,324.24,3,2,2,322,7
4297,47,16,4881.07,4,5,5,455,14
4298,391,1,157.63,2,2,1,221,5
4299,1,4,1260.86,5,4,4,544,13
4300,76,2,422.59999999999997,3,2,2,322,7
4301,72,4,353.03,3,4,2,342,9
4302,418,2,178.83,1,2,1,121,4
4303,256,4,1914.6999999999998,2,4,4,244,10
4304,69,5,1179.48,3,4,3,343,10
4305,723,1,98.30000000000001,1,2,1,121,4
4306,562,2,191.9,1,2,1,121,4
4307,135,4,657.9000000000001,3,4,3,343,10
4308,241,1,112.75,2,2,1,221,5
4309,227,2,1998.0,2,2,4,224,8
4310,380,7,994.6,2,4,3,243,9
4311,9,25,8830.77,5,5,5,555,15
4312,9,26,9916.73,5,5,5,555,15
4313,415,4,1110.83,1,4,3,143,8
4314,618,2,664.16,1,2,3,123,6
4315,1,42,43515.051,5,5,5,555,15
4316,37,3,531.35,4,3,2,432,9
4317,400,4,533.41,2,4,2,242,8
4318,46,1,656.63,4,2,3,423,9
4319,85,14,9056.01,3,5,5,355,13
4320,19,22,5921.35,5,5,5,555,15
4321,3,9,2868.48,5,5,4,554,14
4322,9,13,4232.87,5,5,5,555,15
4323,19,32,14115.56,5,5,5,555,15
4324,219,4,1497.33,2,4,4,244,10
4325,78,2,625.52,3,2,3,323,8
4326,267,3,2149.6800000000003,2,3,4,234,9
4327,24,14,6663.68,4,5,5,455,14
4328,369,5,3006.08,2,4,5,245,11
4329,15,14,3513.62,5,5,5,555,15
4330,26,3,758.74,4,3,3,433,10
4331,262,1,292.47,2,2,2,222,6
4332,17,22,8189.56,5,5,5,555,15
4333,91,4,1231.36,3,4,4,344,11
4334,405,1,147.35,2,2,1,221,5
4335,302,14,1688.26,2,5,4,254,11
4336,26,7,2063.88,4,4,4,444,12
4337,364,4,1377.77,2,4,4,244,10
4338,46,4,1048.28,4,4,3,443,11
4339,38,21,7205.33,4,5,5,455,14
4340,52,3,743.11,4,3,3,433,10
4341,648,1,170.3,1,2,1,121,4
4342,32,4,4387.64,4,4,5,445,13
4343,530,1,259.68,1,2,1,121,4
4344,52,3,646.76,4,3,3,433,10
4345,79,14,6217.41,3,5,5,355,13
4346,506,5,2956.56,1,4,5,145,10
4347,53,2,835.1999999999999,4,2,3,423,9
4348,298,1,3.75,2,2,1,221,5
4349,177,2,786.43,3,2,3,323,8
4350,395,1,226.91,2,2,1,221,5
4351,625,1,173.06,1,2,1,121,4
4352,47,14,2799.87,4,5,4,454,13
4353,29,14,4212.15,4,5,5,455,14
4354,11,7,1291.91,5,4,4,544,13
4355,87,17,7180.7,3,5,5,355,13
4356,5,42,18046.75,5,5,5,555,15
4357,38,2,836.06,4,2,3,423,9
4358,18,14,3637.33,5,5,5,555,15
4359,591,2,4157.88,1,2,5,125,8
4360,45,5,623.93,4,4,3,443,11
4361,31,1,1764.72,4,2,4,424,10
4362,373,1,207.5,2,2,1,221,5
4363,58,1,223.92000000000002,4,2,1,421,7
4364,372,29,65500.07,2,5,5,255,12
4365,114,7,2864.68,3,4,4,344,11
4366,215,7,1312.3700000000001,2,4,4,244,10
4367,319,2,270.48,2,2,1,221,5
4368,65,1,369.34000000000003,3,2,2,322,7
4369,8,3,789.79,5,3,3,533,11
4370,430,1,228.0,1,2,1,121,4
4371,97,1,316.62,3,2,2,322,7
4372,20,3,1207.24,4,3,3,433,10
4373,199,2,964.6999999999999,2,2,3,223,7
4374,4,13,2790.9500000000003,5,5,4,554,14
4375,294,2,454.75,2,2,2,222,6
4376,273,2,1145.6,2,2,3,223,7
4377,31,15,8056.76,4,5,5,455,14
4378,48,9,1698.57,4,5,4,454,13
4379,260,4,1117.05,2,4,3,243,9
4380,58,9,1778.93,4,5,4,454,13
4381,33,10,3949.6,4,5,5,455,14
4382,423,3,3698.0499999999997,1,3,5,135,9
4383,57,3,421.24,4,3,2,432,9
4384,68,8,1567.48,3,5,4,354,12
4385,10,16,2820.84,5,5,4,554,14
4386,60,2,592.51,3,2,2,322,7
4387,80,5,1292.18,3,4,4,344,11
4388,74,2,245.94,3,2,1,321,6
4389,2,53,32809.03,5,5,5,555,15
4390,100,3,596.4,3,3,2,332,8
4391,372,2,623.0,2,2,3,223,7
4392,10,38,9636.12,5,5,5,555,15
4393,437,1,391.95,1,2,2,122,5
4394,20,5,892.33,4,4,3,443,11
4395,410,1,533.78,2,2,2,222,6
4396,394,1,51.839999999999996,2,2,1,221,5
4397,398,4,1017.53,2,4,3,243,9
4398,123,5,1928.93,3,4,4,344,11
4399,8,1,80.8,5,2,1,521,8
4400,4,6,1545.6200000000001,5,4,4,544,13
4401,29,15,3957.63,4,5,5,455,14
4402,282,5,623.46,2,4,3,243,9
4403,57,1,243.84,4,2,1,421,7
4404,1,15,2052.7,5,5,4,554,14
4405,365,3,2062.41,2,3,4,234,9
4406,89,1,305.62,3,2,2,322,7
4407,393,5,1802.02,2,4,4,244,10
4408,554,3,841.16,1,3,3,133,7
4409,432,2,452.78000000000003,1,2,2,122,5
4410,11,1,1162.65,5,2,3,523,10
4411,163,4,1594.23,3,4,4,344,11
4412,679,2,582.61,1,2,2,122,5
4413,65,1,332.3,3,2,2,322,7
4414,23,3,536.99,4,3,2,432,9
4415,174,5,1091.34,3,4,3,343,10
4416,103,4,762.16,3,4,3,343,10
4417,143,6,2123.88,3,4,4,344,11
4418,99,2,288.42,3,2,2,322,7
4419,23,9,1727.43,4,5,4,454,13
4420,192,2,842.0400000000001,2,2,3,223,7
4421,5,2,547.07,5,2,2,522,9
4422,361,4,2392.0,2,4,4,244,10
4423,8,10,1652.18,5,5,4,554,14
4424,14,36,11924.85,5,5,5,555,15
4425,454,2,406.02,1,2,2,122,5
4426,103,4,417.06,3,4,2,342,9
4427,3,13,2560.7,5,5,4,554,14
4428,11,11,3349.57,5,5,5,555,15
4429,465,2,182.59,1,2,1,121,4
4430,96,1,497.61,3,2,2,322,7
4431,382,1,113.35,2,2,1,221,5
4432,686,1,181.39,1,2,1,121,4
4433,227,7,2243.09,2,4,4,244,10
4434,16,3,686.24,5,3,3,533,11
4435,39,5,1826.89,4,4,4,444,12
4436,51,1,341.7,4,2,2,422,8
4437,393,5,392.13,2,4,2,242,8
4438,93,2,128.5,3,2,1,321,6
4439,157,2,513.32,3,2,2,322,7
4440,39,4,1207.5,4,4,3,443,11
4441,565,1,91.8,1,2,1,121,4
4442,184,5,417.61,3,4,2,342,9
4443,1,6,2409.04,5,4,4,544,13
4444,228,2,898.96,2,3,3,233,8
4445,128,6,1456.66,3,4,4,344,11
4446,40,4,782.37,4,4,3,443,11
4447,31,11,3170.98,4,5,5,455,14
4448,197,4,1159.61,2,4,3,243,9
4449,9,44,21758.25,5,5,5,555,15
4450,603,2,139.85,1,3,1,131,5
4451,37,12,4006.06,4,5,5,455,14
4452,101,3,1264.19,3,3,4,334,10
4453,43,35,19571.43,4,5,5,455,14
4454,563,2,614.34,1,3,3,133,7
4455,618,1,253.88,1,2,1,121,4
4456,50,3,842.41,4,3,3,433,10
4457,43,2,614.89,4,3,3,433,10
4458,53,4,1411.62,4,4,4,444,12
4459,187,1,124.57,3,2,1,321,6
4460,334,1,332.41,2,2,2,222,6
4461,4,3,342.45,5,3,2,532,10
4462,10,2,144.91000000000003,5,3,1,531,9
4463,417,2,1408.96,1,3,4,134,8
4464,24,2,328.4,4,3,2,432,9
4465,15,3,358.49,5,3,2,532,10
4466,443,1,352.8,1,2,2,122,5
4467,369,10,4292.59,2,5,5,255,12
4468,145,7,1932.41,3,4,4,344,11
4469,453,3,1610.62,1,3,4,134,8
4470,60,5,946.59,3,4,3,343,10
4471,547,4,662.33,1,4,3,143,8
4472,31,3,834.27,4,3,3,433,10
4473,434,2,409.25,1,3,2,132,6
4474,402,1,130.95,2,2,1,221,5
4475,141,3,207.73999999999998,3,3,1,331,7
4476,690,1,76.74000000000001,1,2,1,121,4
4477,394,3,384.56,2,3,2,232,7
4478,23,4,817.12,4,4,3,443,11
4479,469,1,450.15999999999997,1,2,2,122,5
4480,22,6,2812.34,4,4,4,444,12
4481,77,6,1213.13,3,4,3,343,10
4482,5,12,14617.39,5,5,5,555,15
4483,379,1,209.89000000000001,2,2,1,221,5
4484,67,11,4234.53,3,5,5,355,13
4485,404,1,136.01,2,2,1,221,5
4486,12,6,846.62,5,4,3,543,12
4487,84,1,13.3,3,2,1,321,6
4488,31,8,1813.21,4,5,4,454,13
4489,67,1,432.0,3,2,2,322,7
4490,67,3,705.12,3,3,3,333,9
4491,187,19,2246.06,3,5,4,354,12
4492,38,4,1070.97,4,4,3,443,11
4493,15,4,684.6,5,4,3,543,12
4494,456,1,134.0,1,2,1,121,4
4495,35,3,658.17,4,3,3,433,10
4496,401,3,434.2,2,3,2,232,7
4497,195,6,2526.65,2,4,4,244,10
4498,477,3,285.41,1,3,1,131,5
4499,2,11,1727.94,5,5,4,554,14
4500,1,7,754.75,5,4,3,543,12
4501,367,2,249.89000000000001,2,3,1,231,6
4502,502,3,1306.96,1,3,4,134,8
4503,65,5,1102.9,3,4,3,343,10
4504,555,1,103.95,1,2,1,121,4
4505,299,2,289.78,2,3,2,232,7
4506,26,5,885.21,4,4,3,443,11
4507,8,8,1695.77,5,5,4,554,14
4508,17,3,887.11,5,3,3,533,11
4509,729,1,204.26,1,2,1,121,4
4510,116,1,1706.88,3,2,4,324,9
4511,29,3,1041.75,4,3,3,433,10
4512,4,21,4675.36,5,5,5,555,15
4513,5,17,4706.77,5,5,5,555,15
4514,82,7,1410.92,3,4,4,344,11
4515,29,9,1470.89,4,5,4,454,13
4516,722,1,252.59,1,2,1,121,4
4517,72,1,379.14,3,2,2,322,7
4518,4,8,1508.96,5,5,4,554,14
4519,636,2,255.25,1,3,1,131,5
4520,29,15,4460.51,4,5,5,455,14
4521,290,3,423.90999999999997,2,3,2,232,7
4522,36,1,183.76,4,2,1,421,7
4523,9,11,1543.18,5,5,4,554,14
4524,24,4,902.02,4,4,3,443,11
4525,277,2,1851.88,2,3,4,234,9
4526,50,16,3206.54,4,5,5,455,14
4527,156,24,4909.66,3,5,5,355,13
4528,411,1,355.45,1,2,2,122,5
4529,61,3,409.21,3,3,2,332,8
4530,573,1,611.08,1,2,3,123,6
4531,12,32,13157.130000000001,5,5,5,555,15
4532,21,3,829.89,4,3,3,433,10
4533,540,1,125.65,1,2,1,121,4
4534,371,5,1169.6100000000001,2,4,3,243,9
4535,116,3,543.05,3,3,2,332,8
4536,80,29,3897.5299999999997,3,5,5,355,13
4537,4,7,1295.39,5,4,4,544,13
4538,26,3,378.89,4,3,2,432,9
4539,5,23,5032.22,5,5,5,555,15
4540,53,3,412.55,4,3,2,432,9
4541,1,9,3099.3,5,5,5,555,15
4542,55,6,2083.14,4,4,4,444,12
4543,382,3,530.86,2,3,2,232,7
4544,26,2,548.29,4,3,2,432,9
4545,499,1,196.25,1,2,1,121,4
4546,9,9,6995.360000000001,5,5,5,555,15
4547,489,3,433.85,1,3,2,132,6
4548,52,8,6427.66,4,5,5,455,14
4549,612,1,33.0,1,2,1,121,4
4550,13,9,1904.99,5,5,4,554,14
4551,212,5,1299.49,2,4,4,244,10
4552,610,1,101.36,1,2,1,121,4
4553,22,33,8548.16,4,5,5,455,14
4554,383,5,1222.04,2,4,4,244,10
4555,236,5,955.21,2,4,3,243,9
4556,139,7,868.77,3,4,3,343,10
4557,4,6,1286.27,5,4,4,544,13
4558,57,10,3541.77,4,5,5,455,14
4559,135,3,1277.75,3,3,4,334,10
4560,109,5,795.83,3,4,3,343,10
4561,30,1,20.8,4,2,1,421,7
4562,1,20,6081.88,5,5,5,555,15
4563,185,6,1120.31,3,4,3,343,10
4564,18,1,308.74,5,2,2,522,9
4565,239,2,416.64,2,3,2,232,7
4566,435,1,778.49,1,2,3,123,6
4567,87,1,117.35000000000001,3,2,1,321,6
4568,39,8,1990.88,4,5,4,454,13
4569,116,3,794.56,3,3,3,333,9
4570,410,1,251.04,2,2,1,221,5
4571,187,1,110.55000000000001,3,2,1,321,6
4572,733,2,207.85,1,3,1,131,5
4573,227,1,201.19,2,2,1,221,5
4574,8,7,2154.97,5,4,4,544,13
4575,189,1,319.02,3,2,2,322,7
4576,4,2,439.43,5,3,2,532,10
4577,39,3,650.41,4,3,3,433,10
4578,626,1,71.4,1,2,1,121,4
4579,38,1,357.21,4,2,2,422,8
4580,383,2,749.0,2,3,3,233,8
4581,386,1,127.0,2,2,1,221,5
4582,523,2,365.5,1,3,2,132,6
4583,423,3,926.12,1,3,3,133,7
4584,267,1,251.51999999999998,2,2,1,221,5
4585,395,4,496.0,2,4,2,242,8
4586,78,3,768.88,3,3,3,333,9
4587,4,9,2859.74,5,5,4,554,14
4588,255,3,1422.8300000000002,2,3,4,234,9
4589,61,1,384.06,3,2,2,322,7
4590,13,11,3490.5299999999997,5,5,5,555,15
4591,88,9,10350.53,3,5,5,355,13
4592,17,23,10923.16,5,5,5,555,15
4593,30,11,4888.75,4,5,5,455,14
4594,3,11,2521.4,5,5,4,554,14
4595,5,2,382.67,5,3,2,532,10
4596,7,6,1133.25,5,4,3,543,12
4597,219,2,344.0,2,3,2,232,7
4598,421,1,1041.21,1,2,3,123,6
4599,11,13,5476.5,5,5,5,555,15
4600,464,2,1950.9499999999998,1,3,4,134,8
4601,30,9,2123.61,4,5,4,454,13
4602,288,3,702.0,2,3,3,233,8
4603,150,5,402.0,3,4,2,342,9
4604,23,2,484.82,4,3,2,432,9
4605,396,2,406.3,2,3,2,232,7
4606,1,19,6640.8,5,5,5,555,15
4607,86,7,2571.55,3,4,4,344,11
4608,402,4,828.21,2,4,3,243,9
4609,46,4,2324.36,4,4,4,444,12
4610,471,2,622.36,1,3,3,133,7
4611,5,8,1635.27,5,5,4,554,14
4612,51,7,1120.1,4,4,3,443,11
4613,429,1,81.36,1,2,1,121,4
4614,551,1,242.06,1,2,1,121,4
4615,18,1,195.36,5,2,1,521,8
4616,30,3,671.7,4,3,3,433,10
4617,725,1,360.61,1,2,2,122,5
4618,8,3,583.4300000000001,5,3,2,532,10
4619,29,3,1838.6100000000001,4,3,4,434,11
4620,577,1,552.4,1,2,2,122,5
4621,3,29,12576.99,5,5,5,555,15
4622,41,6,2287.7,4,4,4,444,12
4623,11,11,3602.29,5,5,5,555,15
4624,542,2,935.62,1,3,3,133,7
4625,442,6,1182.22,1,4,3,143,8
4626,31,2,260.0,4,3,1,431,8
4627,417,3,800.18,1,3,3,133,7
4628,45,3,95.85,4,3,1,431,8
4629,61,5,1349.67,3,4,4,344,11
4630,185,3,175.82999999999998,3,3,1,331,7
4631,79,9,1310.63,3,5,4,354,12
4632,581,3,1593.83,1,3,4,134,8
4633,111,7,2137.3,3,4,4,344,11
4634,64,1,146.87,3,2,1,321,6
4635,12,6,2773.85,5,4,4,544,13
4636,548,8,2984.32,1,5,5,155,11
4637,86,4,1332.79,3,4,4,344,11
4638,16,5,1276.42,5,4,4,544,13
4639,246,4,613.59,2,4,3,243,9
4640,383,1,176.9,2,2,1,221,5
4641,88,1,1267.32,3,2,4,324,9
4642,30,2,743.17,4,3,3,433,10
4643,604,1,1954.99,1,2,4,124,7
4644,138,2,463.25,3,3,2,332,8
4645,27,6,1655.2,4,4,4,444,12
4646,3,5,1036.58,5,4,3,543,12
4647,32,8,2593.65,4,5,4,454,13
4648,25,12,11962.3,4,5,5,455,14
4649,113,5,827.6800000000001,3,4,3,343,10
4650,157,5,1906.07,3,4,4,344,11
4651,85,6,2289.23,3,4,4,344,11
4652,118,7,2071.68,3,4,4,344,11
4653,3,19,9942.53,5,5,5,555,15
4654,96,11,4648.59,3,5,5,355,13
4655,194,4,706.49,2,4,3,243,9
4656,28,1,399.09,4,2,2,422,8
4657,131,1,498.48,3,2,2,322,7
4658,28,5,1356.33,4,4,4,444,12
4659,446,1,232.85,1,2,1,121,4
4660,738,1,128.60000000000002,1,2,1,121,4
4661,596,1,294.74,1,2,2,122,5
4662,82,3,1179.89,3,3,3,333,9
4663,30,9,4864.57,4,5,5,455,14
4664,266,1,234.24,2,2,1,221,5
4665,74,11,5232.2300000000005,3,5,5,355,13
4666,314,6,889.75,2,4,3,243,9
4667,21,13,3638.53,4,5,5,455,14
4668,59,3,855.45,4,3,3,433,10
4669,638,2,194.7,1,3,1,131,5
4670,726,1,228.34,1,2,1,121,4
4671,725,3,454.54,1,3,2,132,6
4672,12,47,8987.68,5,5,5,555,15
4673,28,14,5517.2300000000005,4,5,5,455,14
4674,114,2,437.42,3,3,2,332,8
4675,28,13,3793.71,4,5,5,455,14
4676,625,1,273.35,1,2,1,121,4
4677,18,4,1446.09,5,4,4,544,13
4678,563,1,203.05,1,2,1,121,4
4679,18,10,2236.63,5,5,4,554,14
4680,36,6,1242.75,4,4,4,444,12
4681,578,1,306.0,1,2,2,122,5
4682,36,2,378.2,4,3,2,432,9
4683,78,1,118.80000000000001,3,2,1,321,6
4684,22,7,957.53,4,4,3,443,11
4685,25,6,949.39,4,4,3,443,11
4686,33,6,4732.03,4,4,5,445,13
4687,109,9,4049.79,3,5,5,355,13
4688,35,3,5001.21,4,3,5,435,12
4689,123,28,7847.67,3,5,5,355,13
4690,7,6,2050.08,5,4,4,544,13
4691,738,1,221.53,1,2,1,121,4
4692,28,4,1991.01,4,4,4,444,12
4693,386,1,128.45,2,2,1,221,5
4694,4,13,3080.1800000000003,5,5,5,555,15
4695,3,19,7495.75,5,5,5,555,15
4696,50,11,5511.41,4,5,5,455,14
4697,593,1,235.88,1,2,1,121,4
4698,322,2,402.20000000000005,2,3,2,232,7
4699,23,7,2572.25,4,4,4,444,12
4700,15,11,3697.93,5,5,5,555,15
4701,2,9,1143.36,5,5,3,553,13
4702,382,3,591.0699999999999,2,3,2,232,7
4703,533,1,582.17,1,2,2,122,5
4704,18,2,971.74,5,3,3,533,11
4705,10,7,2507.05,5,4,4,544,13
4706,262,1,25.5,2,2,1,221,5
4707,722,1,424.3,1,2,2,122,5
4708,424,1,474.03,1,2,2,122,5
4709,159,2,665.78,3,3,3,333,9
4710,389,1,481.58,2,2,2,222,6
4711,33,10,16052.72,4,5,5,455,14
4712,664,1,174.95,1,2,1,121,4
4713,29,8,1291.71,4,5,4,454,13
4714,165,3,499.9,3,3,2,332,8
4715,47,2,459.58,4,3,2,432,9
4716,503,1,197.57,1,2,1,121,4
4717,574,6,2305.59,1,4,4,144,9
4718,6,8,801.12,5,5,3,553,13
4719,8,7,2761.4900000000002,5,4,4,544,13
4720,648,1,389.78,1,2,2,122,5
4721,288,1,116.19999999999999,2,2,1,221,5
4722,318,1,157.02,2,2,1,221,5
4723,3,2,606.91,5,3,2,532,10
4724,233,1,307.46,2,2,2,222,6
4725,403,1,314.74,2,2,2,222,6
4726,119,4,570.5,3,4,2,342,9
4727,162,3,977.17,3,3,3,333,9
4728,185,1,294.24,3,2,2,322,7
4729,50,1,230.5,4,2,1,421,7
4730,152,9,2016.43,3,5,4,354,12
4731,429,5,1155.0300000000002,1,4,3,143,8
4732,335,1,157.09,2,2,1,221,5
4733,520,1,31.85,1,2,1,121,4
4734,5,5,2463.17,5,4,4,544,13
4735,452,2,1220.9099999999999,1,3,4,134,8
4736,16,12,14622.33,5,5,5,555,15
4737,107,3,625.3,3,3,3,333,9
4738,16,10,1722.18,5,5,4,554,14
4739,662,1,231.68,1,2,1,121,4
4740,416,6,1099.81,1,4,3,143,8
4741,276,7,4417.27,2,4,5,245,11
4742,16,25,19566.76,5,5,5,555,15
4743,247,1,454.12,2,2,2,222,6
4744,418,4,727.58,1,4,3,143,8
4745,239,4,1275.25,2,4,4,244,10
4746,417,2,880.97,1,3,3,133,7
4747,1,2,984.57,5,3,3,533,11
4748,513,4,3120.91,1,4,5,145,10
4749,106,13,5852.64,3,5,5,355,13
4750,23,9,3199.95,4,5,5,455,14
4751,52,1,124.88,4,2,1,421,7
4752,451,1,143.10000000000002,1,2,1,121,4
4753,377,6,1357.95,2,4,4,244,10
4754,735,1,231.90000000000003,1,2,1,121,4
4755,195,4,2016.5,2,4,4,244,10
4756,24,1,213.78,4,2,1,421,7
4757,75,1,329.34,3,2,2,322,7
4758,18,7,892.46,5,4,3,543,12
4759,492,1,591.87,1,2,2,122,5
4760,8,19,5151.9,5,5,5,555,15
4761,32,5,1980.0,4,4,4,444,12
4762,22,5,2099.59,4,4,4,444,12
4763,31,17,10209.16,4,5,5,455,14
4764,444,1,856.01,1,2,3,123,6
4765,29,10,1715.46,4,5,4,454,13
4766,22,4,699.78,4,4,3,443,11
4767,33,7,2467.35,4,4,4,444,12
4768,284,6,1794.32,2,4,4,244,10
4769,39,2,206.34,4,3,1,431,8
4770,380,3,867.11,2,3,3,233,8
4771,499,1,400.2,1,2,2,122,5
4772,58,3,1156.73,4,3,3,433,10
4773,374,2,178.68,2,3,1,231,6
4774,289,2,384.59,2,3,2,232,7
4775,79,3,956.5699999999999,3,3,3,333,9
4776,5,8,3766.6,5,5,5,555,15
4777,218,1,59.9,2,2,1,221,5
4778,44,4,1443.69,4,4,4,444,12
4779,202,3,902.3199999999999,2,3,3,233,8
4780,505,1,119.5,1,2,1,121,4
4781,731,1,432.96,1,2,2,122,5
4782,178,6,1507.26,3,4,4,344,11
4783,56,11,2236.77,4,5,4,454,13
4784,57,3,309.85,4,3,2,432,9
4785,423,2,321.3,1,3,2,132,6
4786,8,6,3347.31,5,4,5,545,14
4787,569,2,198.41000000000003,1,3,1,131,5
4788,592,3,229.46,1,3,1,131,5
4789,47,2,144.0,4,3,1,431,8
4790,227,2,467.71,2,3,2,232,7
4791,11,13,4592.93,5,5,5,555,15
4792,106,5,953.63,3,4,3,343,10
4793,59,7,1726.57,4,4,4,444,12
4794,28,15,4310.34,4,5,5,455,14
4795,536,1,75.28,1,2,1,121,4
4796,36,9,2310.04,4,5,4,454,13
4797,274,3,812.5,2,3,3,233,8
4798,655,1,562.98,1,2,2,122,5
4799,428,1,327.75,1,2,2,122,5
4800,30,1,1013.01,4,2,3,423,9
4801,24,3,692.22,4,3,3,433,10
4802,582,1,135.04000000000002,1,2,1,121,4
4803,387,4,356.71,2,4,2,242,8
4804,54,4,1143.1,4,4,3,443,11
4805,421,1,160.65,1,2,1,121,4
4806,36,10,5564.09,4,5,5,455,14
4807,175,9,5504.6900000000005,3,5,5,355,13
4808,54,3,999.35,4,3,3,433,10
4809,53,1,204.24,4,2,1,421,7
4810,652,1,292.62,1,2,2,122,5
4811,396,1,111.15,2,2,1,221,5
4812,649,3,595.7,1,3,2,132,6
4813,393,1,251.72,2,2,1,221,5
4814,27,13,3773.35,4,5,5,455,14
4815,253,3,794.41,2,3,3,233,8
4816,40,13,4869.400000000001,4,5,5,455,14
4817,60,6,1059.1200000000001,3,4,3,343,10
4818,464,1,186.15,1,2,1,121,4
4819,554,1,63.6,1,2,1,121,4
4820,234,2,210.1,2,3,1,231,6
4821,4,18,3891.39,5,5,5,555,15
4822,32,2,259.13,4,3,1,431,8
4823,24,21,4457.31,4,5,5,455,14
4824,7,5,976.62,5,4,3,543,12
4825,65,6,1579.51,3,4,4,344,11
4826,310,3,558.04,2,3,2,232,7
4827,501,1,100.86,1,2,1,121,4
4828,582,1,131.15,1,2,1,121,4
4829,309,3,895.47,2,3,3,233,8
4830,19,12,1878.93,5,5,4,554,14
4831,16,13,2820.03,5,5,4,554,14
4832,96,2,318.76,3,3,2,332,8
4833,264,18,9388.49,2,5,5,255,12
4834,12,25,7064.8,5,5,5,555,15
4835,3,2,417.77,5,3,2,532,10
4836,35,3,560.86,4,3,2,432,9
4837,183,1,149.89000000000001,3,2,1,321,6
4838,25,8,1562.98,4,5,4,454,13
4839,13,12,1929.26,5,5,4,554,14
4840,11,4,994.13,5,4,3,543,12
4841,3,32,7331.67,5,5,5,555,15
4842,313,4,1189.45,2,4,3,243,9
4843,596,1,130.6,1,2,1,121,4
4844,385,12,2736.64,2,5,4,254,11
4845,108,5,2889.28,3,4,4,344,11
4846,1,69,20203.58,5,5,5,555,15
4847,53,5,1826.04,4,4,4,444,12
4848,205,2,371.63,2,3,2,232,7
4849,547,2,38.92,1,3,1,131,5
4850,15,1,280.09000000000003,5,2,1,521,8
4851,120,2,500.54,3,3,2,332,8
4852,429,1,68.03,1,2,1,121,4
4853,4,2,381.97,5,3,2,532,10
4854,363,3,798.98,2,3,3,233,8
4855,117,2,348.91,3,3,2,332,8
4856,18,1,178.26,5,2,1,521,8
4857,5,3,469.48,5,3,2,532,10
4858,41,4,781.7,4,4,3,443,11
4859,107,5,498.93,3,4,2,342,9
4860,436,2,189.78,1,3,1,131,5
4861,397,2,417.3,2,3,2,232,7
4862,148,6,1452.39,3,4,4,344,11
4863,411,1,120.95,1,2,1,121,4
4864,510,1,221.59,1,2,1,121,4
4865,52,11,2488.76,4,5,4,454,13
4866,208,1,63.440000000000005,2,2,1,221,5
4867,424,1,268.28,1,2,1,121,4
4868,139,2,550.01,3,3,2,332,8
4869,2,5,501.71999999999997,5,4,2,542,11
4870,127,2,317.2,3,3,2,332,8
4871,108,11,1733.8899999999999,3,5,4,354,12
4872,386,1,491.81,2,2,2,222,6
4873,469,2,601.4499999999999,1,3,2,132,6
4874,736,1,204.3,1,2,1,121,4
4875,42,4,2148.63,4,4,4,444,12
4876,424,1,141.12,1,2,1,121,4
4877,35,2,573.22,4,3,2,432,9
4878,383,1,114.1,2,2,1,221,5
4879,402,1,502.49,2,2,2,222,6
4880,228,2,1065.3500000000001,2,3,3,233,8
4881,241,2,271.24,2,3,1,231,6
4882,58,1,187.82999999999998,4,2,1,421,7
4883,438,1,118.85999999999999,1,2,1,121,4
4884,374,6,797.8499999999999,2,4,3,243,9
4885,130,5,2308.54,3,4,4,344,11
4886,379,1,188.46,2,2,1,221,5
4887,60,8,2788.06,3,5,4,354,12
4888,628,2,407.94,1,3,2,132,6
4889,22,3,389.18,4,3,2,432,9
4890,26,21,3826.86,4,5,5,455,14
4891,9,11,2468.43,5,5,4,554,14
4892,32,9,2041.8,4,5,4,454,13
4893,4,8,1487.96,5,5,4,554,14
4894,308,1,550.8000000000001,2,2,2,222,6
4895,472,2,271.75,1,3,1,131,5
4896,8,17,3750.63,5,5,5,555,15
4897,669,2,467.78999999999996,1,3,2,132,6
4898,29,3,547.0,4,3,2,432,9
4899,730,1,338.13,1,2,2,122,5
4900,17,1,128.18,5,2,1,521,8
4901,101,5,954.26,3,4,3,343,10
4902,12,6,993.23,5,4,3,543,12
4903,391,2,393.64,2,3,2,232,7
4904,21,2,294.39,4,3,2,432,9
4905,15,5,1135.63,5,4,3,543,12
4906,361,1,250.04,2,2,1,221,5
4907,534,1,111.5,1,2,1,121,4
4908,649,1,2135.46,1,2,4,124,7
4909,11,21,9782.35,5,5,5,555,15
4910,395,11,3999.8900000000003,2,5,5,255,12
4911,393,2,4511.76,2,3,5,235,10
4912,95,3,320.39,3,3,2,332,8
4913,387,2,1025.1,2,3,3,233,8
4914,78,6,3566.56,3,4,5,345,12
4915,139,3,644.3,3,3,3,333,9
4916,31,1,2328.84,4,2,4,424,10
4917,25,17,4904.43,4,5,5,455,14
4918,2,43,9599.58,5,5,5,555,15
4919,420,1,124.45,1,2,1,121,4
4920,46,3,2600.34,4,3,4,434,11
4921,725,1,157.32999999999998,1,2,1,121,4
4922,669,1,29.1,1,2,1,121,4
4923,100,6,2444.85,3,4,4,344,11
4924,8,6,1665.21,5,4,4,544,13
4925,376,5,922.59,2,4,3,243,9
4926,15,12,1551.04,5,5,4,554,14
4927,18,12,2171.07,5,5,4,554,14
4928,280,3,609.5699999999999,2,3,3,233,8
4929,408,2,312.35,2,3,2,232,7
4930,410,2,152.35,2,3,1,231,6
4931,673,1,104.7,1,2,1,121,4
4932,14,5,998.53,5,4,3,543,12
4933,23,4,423.8,4,4,2,442,10
4934,124,1,175.2,3,2,1,321,6
4935,528,5,838.27,1,4,3,143,8
4936,86,1,494.25,3,2,2,322,7
4937,302,3,635.15,2,3,3,233,8
4938,384,2,497.04,2,3,2,232,7
4939,472,1,81.12,1,2,1,121,4
4940,151,4,1981.06,3,4,4,344,11
4941,17,17,11889.33,5,5,5,555,15
4942,94,3,302.36,3,3,2,332,8
4943,30,18,19617.95,4,5,5,455,14
4944,157,5,1272.21,3,4,4,344,11
4945,380,4,1227.54,2,4,4,244,10
4946,355,6,1259.94,2,4,4,244,10
4947,46,2,457.36,4,3,2,432,9
4948,15,10,1586.6299999999999,5,5,4,554,14
4949,4,26,4998.61,5,5,5,555,15
4950,86,1,228.96,3,2,1,321,6
4951,15,9,2442.29,5,5,4,554,14
4952,179,5,772.41,3,4,3,343,10
4953,8,7,1893.701,5,4,4,544,13
4954,36,12,1988.23,4,5,4,454,13
4955,696,1,36.25,1,2,1,121,4
4956,129,4,3242.0,3,4,5,345,12
4957,51,4,3133.96,4,4,5,445,13
4958,386,1,273.31,2,2,1,221,5
4959,312,5,946.47,2,4,3,243,9
4960,24,2,384.39,4,3,2,432,9
4961,303,5,861.01,2,4,3,243,9
4962,11,2,284.46,5,3,1,531,9
4963,17,6,1200.51,5,4,3,543,12
4964,49,5,871.79,4,4,3,443,11
4965,239,7,1024.04,2,4,3,243,9
4966,395,3,920.46,2,3,3,233,8
4967,1,28,11972.92,5,5,5,555,15
4968,13,15,8184.49,5,5,5,555,15
4969,432,2,1077.24,1,3,3,133,7
4970,238,1,167.55,2,2,1,221,5
4971,23,14,2758.29,4,5,4,454,13
4972,456,1,979.1999999999999,1,2,3,123,6
4973,73,4,446.18,3,4,2,342,9
4974,17,6,655.37,5,4,3,543,12
4975,41,28,4347.31,4,5,5,455,14
4976,40,7,1167.5,4,4,3,443,11
4977,219,3,727.11,2,3,3,233,8
4978,199,4,660.55,2,4,3,243,9
4979,71,4,453.64,3,4,2,342,9
4980,24,78,17644.27,4,5,5,455,14
4981,374,1,10.95,2,2,1,221,5
4982,11,1,389.71999999999997,5,2,2,522,9
4983,434,3,645.0,1,3,3,133,7
4984,9,38,36398.65,5,5,5,555,15
4985,65,8,902.28,3,5,3,353,11
4986,4,2,304.09,5,3,2,532,10
4987,19,3,507.55,5,3,2,532,10
4988,15,1,256.11,5,2,1,521,8
4989,8,7,2812.77,5,4,4,544,13
4990,20,2,746.81,4,3,3,433,10
4991,78,11,2675.37,3,5,4,354,12
4992,1,61,57215.33,5,5,5,555,15
4993,421,1,149.3,1,2,1,121,4
4994,164,2,508.8,3,3,2,332,8
4995,307,3,585.92,2,3,2,232,7
4996,411,2,381.15,1,3,2,132,6
4997,219,1,203.86999999999998,2,2,1,221,5
4998,508,1,97.5,1,2,1,121,4
4999,39,14,8409.6,4,5,5,455,14
5000,22,3,1198.28,4,3,3,433,10
5001,115,3,653.38,3,3,3,333,9
5002,126,8,4623.28,3,5,5,355,13
5003,541,1,114.85,1,2,1,121,4
5004,5,23,4635.5599999999995,5,5,5,555,15
5005,36,2,382.87,4,3,2,432,9
5006,4,23,47781.12,5,5,5,555,15
5007,1,3,1031.41,5,3,3,533,11
5008,333,13,4186.95,2,5,5,255,12
5009,412,1,552.9,1,2,2,122,5
5010,163,3,316.09000000000003,3,3,2,332,8
5011,185,10,7793.51,3,5,5,355,13
5012,16,5,1214.72,5,4,3,543,12
5013,12,5,1425.38,5,4,4,544,13
5014,3,16,4220.22,5,5,5,555,15
5015,405,2,560.14,2,3,2,232,7
5016,44,6,2249.52,4,4,4,444,12
5017,80,1,507.84,3,2,2,322,7
5018,30,22,17298.45,4,5,5,455,14
5019,549,1,164.18,1,2,1,121,4
5020,42,3,670.0600000000001,4,3,3,433,10
5021,11,18,6126.25,5,5,5,555,15
5022,50,6,953.58,4,4,3,443,11
5023,386,3,1059.41,2,3,3,233,8
5024,16,11,3594.76,5,5,5,555,15
5025,46,3,1118.95,4,3,3,433,10
5026,19,2,759.17,5,3,3,533,11
5027,8,13,8077.77,5,5,5,555,15
5028,72,1,100.8,3,2,1,321,6
5029,1,45,31466.760000000002,5,5,5,555,15
5030,128,5,1357.46,3,4,4,344,11
5031,33,4,622.57,4,4,3,443,11
5032,313,1,403.3,2,2,2,222,6
5033,18,9,1728.99,5,5,4,554,14
5034,88,2,569.96,3,3,2,332,8
5035,2,7,2373.82,5,4,4,544,13
5036,411,1,331.35,1,2,2,122,5
5037,2,5,534.06,5,4,2,542,11
5038,530,1,369.68,1,2,2,122,5
5039,254,5,1422.77,2,4,4,244,10
5040,656,1,325.74,1,2,2,122,5
5041,157,4,323.58,3,4,2,342,9
5042,732,1,293.35,1,2,2,122,5
5043,37,15,4620.3,4,5,5,455,14
5044,220,1,534.24,2,2,2,222,6
5045,148,3,2940.04,3,3,5,335,11
5046,177,2,120.9,3,3,1,331,7
5047,40,2,541.53,4,3,2,432,9
5048,497,46,14523.67,1,5,5,155,11
5049,2,13,4868.15,5,5,5,555,15
5050,8,51,244784.25,5,5,5,555,15
5051,1,7,1721.4,5,4,4,544,13
5052,18,2,486.71999999999997,5,3,2,532,10
5053,192,10,1547.94,2,5,4,254,11
5054,204,1,131.7,2,2,1,221,5
5055,365,2,975.5600000000001,2,3,3,233,8
5056,127,14,5984.8099999999995,3,5,5,355,13
5057,15,2,529.58,5,3,2,532,10
5058,43,2,657.3,4,3,3,433,10
5059,94,16,2157.9700000000003,3,5,4,354,12
5060,23,3,735.82,4,3,3,433,10
5061,60,2,675.69,3,3,3,333,9
5062,16,7,2535.26,5,4,4,544,13
5063,158,3,907.14,3,3,3,333,9
5064,426,7,2542.79,1,4,4,144,9
5065,10,2,763.28,5,3,3,533,11
5066,395,1,102.6,2,2,1,221,5
5067,10,3,194.8,5,3,1,531,9
5068,16,17,5051.25,5,5,5,555,15
5069,45,11,2626.47,4,5,4,454,13
5070,475,1,321.65000000000003,1,2,2,122,5
5071,191,4,922.35,2,4,3,243,9
5072,409,2,607.0,2,3,2,232,7
5073,600,1,1047.0,1,2,3,123,6
5074,79,1,194.37,3,2,1,321,6
5075,396,2,489.86,2,3,2,232,7
5076,613,2,1144.3,1,3,3,133,7
5077,408,2,1272.8,2,3,4,234,9
5078,633,1,389.26000000000005,1,2,2,122,5
5079,78,2,882.23,3,3,3,333,9
5080,4,4,1255.59,5,4,4,544,13
5081,487,2,775.64,1,3,3,133,7
5082,65,4,591.73,3,4,2,342,9
5083,576,2,209.57,1,3,1,131,5
5084,261,1,396.87,2,2,2,222,6
5085,728,1,160.55,1,2,1,121,4
5086,641,1,336.5,1,2,2,122,5
5087,59,2,376.64,4,3,2,432,9
5088,1,9,2750.5,5,5,4,554,14
5089,1,17,5653.67,5,5,5,555,15
5090,248,3,1122.42,2,3,3,233,8
5091,385,1,100.91000000000001,2,2,1,221,5
5092,502,1,54.699999999999996,1,2,1,121,4
5093,8,3,806.72,5,3,3,533,11
5094,359,4,1412.89,2,4,4,244,10
5095,390,2,287.25,2,3,2,232,7
5096,76,1,272.22,3,2,1,321,6
5097,290,2,1341.39,2,3,4,234,9
5098,17,3,1138.0,5,3,3,533,11
5099,221,2,288.6,2,3,2,232,7
5100,9,4,689.1,5,4,3,543,12
5101,3,2,558.96,5,3,2,532,10
5102,206,18,9490.17,2,5,5,255,12
5103,162,5,2435.48,3,4,4,344,11
5104,76,1,302.2,3,2,2,322,7
5105,262,2,605.58,2,3,2,232,7
5106,281,8,4579.23,2,5,5,255,12
5107,58,8,6083.64,4,5,5,455,14
5108,25,2,514.56,4,3,2,432,9
5109,3,60,172132.87,5,5,5,555,15
5110,29,18,5467.820000000001,4,5,5,455,14
5111,72,3,1158.8,3,3,3,333,9
5112,128,2,522.0,3,3,2,332,8
5113,31,9,1602.51,4,5,4,454,13
5114,15,6,947.5,5,4,3,543,12
5115,309,1,153.94,2,2,1,221,5
5116,426,2,329.42,1,3,2,132,6
5117,17,15,4774.17,5,5,5,555,15
5118,54,1,546.81,4,2,2,422,8
5119,30,5,1278.06,4,4,4,444,12
5120,2,5,1070.71,5,4,3,543,12
5121,11,4,652.74,5,4,3,543,12
5122,361,3,539.14,2,3,2,232,7
5123,360,3,1161.9,2,3,3,233,8
5124,5,12,3939.24,5,5,5,555,15
5125,54,4,939.37,4,4,3,443,11
5126,1,8,3628.5,5,5,5,555,15
5127,610,2,1240.25,1,3,4,134,8
5128,1,12,2791.69,5,5,4,554,14
5129,190,3,1266.82,2,3,4,234,9
5130,386,1,65.34,2,2,1,221,5
5131,435,1,34.8,1,2,1,121,4
5132,54,5,1668.83,4,4,4,444,12
5133,280,1,164.4,2,2,1,221,5
5134,177,3,364.83,3,3,2,332,8
5135,30,2,887.67,4,3,3,433,10
5136,26,1,98.42,4,2,1,421,7
5137,618,4,1176.84,1,4,3,143,8
5138,25,6,1590.6000000000001,4,4,4,444,12
5139,510,1,119.86,1,2,1,121,4
5140,270,3,340.85,2,3,2,232,7
5141,550,1,120.05,1,2,1,121,4
5142,390,3,944.82,2,3,3,233,8
5143,43,6,1409.8600000000001,4,4,4,444,12
5144,376,2,727.85,2,3,3,233,8
5145,234,4,731.26,2,4,3,243,9
5146,24,2,148.86,4,3,1,431,8
5147,197,9,2506.64,2,5,4,254,11
5148,359,1,290.34,2,2,2,222,6
5149,60,12,2786.77,3,5,4,354,12
5150,130,4,3757.6,3,4,5,345,12
5151,1,5,1952.45,5,4,4,544,13
5152,20,5,1045.74,4,4,3,443,11
5153,206,2,300.67,2,3,2,232,7
5154,14,4,575.46,5,4,2,542,11
5155,393,1,259.17,2,2,1,221,5
5156,513,1,167.62,1,2,1,121,4
5157,95,8,1895.8,3,5,4,354,12
5158,19,4,703.02,5,4,3,543,12
5159,14,7,1122.38,5,4,3,543,12
5160,578,2,392.38,1,3,2,132,6
5161,24,3,454.01,4,3,2,432,9
5162,587,1,131.83,1,2,1,121,4
5163,8,2,869.77,5,3,3,533,11
5164,7,9,4838.08,5,5,5,555,15
5165,633,1,374.45,1,2,2,122,5
5166,332,1,344.14,2,2,2,222,6
5167,382,1,100.0,2,2,1,221,5
5168,50,5,1630.91,4,4,4,444,12
5169,71,10,652.21,3,5,3,353,11
5170,29,3,380.6,4,3,2,432,9
5171,243,1,185.65,2,2,1,221,5
5172,667,1,171.7,1,2,1,121,4
5173,8,41,8711.95,5,5,5,555,15
5174,645,2,348.75,1,3,2,132,6
5175,218,7,1047.33,2,4,3,243,9
5176,5,4,753.28,5,4,3,543,12
5177,253,5,541.02,2,4,2,242,8
5178,1,43,17951.17,5,5,5,555,15
5179,236,5,1446.95,2,4,4,244,10
5180,560,1,135.95,1,2,1,121,4
5181,7,6,5309.42,5,4,5,545,14
5182,109,7,2064.71,3,4,4,344,11
5183,619,1,167.4,1,2,1,121,4
5184,628,1,176.71,1,2,1,121,4
5185,100,7,2939.55,3,4,5,345,12
5186,60,18,13837.94,3,5,5,355,13
5187,2,3,1468.02,5,3,4,534,12
5188,73,8,2339.32,3,5,4,354,12
5189,739,1,148.3,1,2,1,121,4
5190,4,11,8092.32,5,5,5,555,15
5191,85,4,2497.88,3,4,4,344,11
5192,12,2,386.69,5,3,2,532,10
5193,23,13,4491.46,4,5,5,455,14
5194,214,5,3484.09,2,4,5,245,11
5195,381,1,409.98,2,2,2,222,6
5196,478,1,52.05,1,2,1,121,4
5197,18,1,161.67000000000002,5,2,1,521,8
5198,239,2,413.08,2,3,2,232,7
5199,2,14,7354.43,5,5,5,555,15
5200,78,4,1788.38,3,4,4,344,11
5201,217,6,942.38,2,4,3,243,9
5202,590,1,160.75,1,2,1,121,4
5203,737,1,87.30000000000001,1,2,1,121,4
5204,376,1,333.81,2,2,2,222,6
5205,33,4,488.06,4,4,2,442,10
5206,41,11,1887.8999999999999,4,5,4,454,13
5207,540,5,1511.94,1,4,4,144,9
5208,7,28,8337.53,5,5,5,555,15
5209,53,18,5394.86,4,5,5,455,14
5210,23,14,4544.55,4,5,5,455,14
5211,57,1,386.32,4,2,2,422,8
5212,130,6,721.8,3,4,3,343,10
5213,174,4,734.4,3,4,3,343,10
5214,559,1,385.19,1,2,2,122,5
5215,6,11,4001.64,5,5,5,555,15
5216,312,1,214.37,2,2,1,221,5
5217,60,1,81.44,3,2,1,321,6
5218,21,6,3175.12,4,4,5,445,13
5219,598,2,1130.21,1,3,3,133,7
5220,33,7,2365.77,4,4,4,444,12
5221,15,4,1568.63,5,4,4,544,13
5222,18,8,5978.9,5,5,5,555,15
5223,603,1,254.0,1,2,1,121,4
5224,479,1,296.36,1,2,2,122,5
5225,81,1,75.75,3,2,1,321,6
5226,6,10,2455.52,5,5,4,554,14
5227,170,2,503.59999999999997,3,3,2,332,8
5228,2,7,998.49,5,4,3,543,12
5229,31,7,2057.39,4,4,4,444,12
5230,36,9,2358.59,4,5,4,454,13
5231,424,3,1265.58,1,3,4,134,8
5232,19,1,285.56,5,2,1,521,8
5233,31,2,547.0600000000001,4,3,2,432,9
5234,647,2,842.4,1,3,3,133,7
5235,276,6,615.17,2,4,3,243,9
5236,87,6,3168.94,3,4,5,345,12
5237,120,5,1824.49,3,4,4,344,11
5238,373,2,439.7,2,3,2,232,7
5239,1,20,6028.6,5,5,5,555,15
5240,219,12,3898.79,2,5,5,255,12
5241,65,3,331.65999999999997,3,3,2,332,8
5242,61,5,2216.37,3,4,4,344,11
5243,138,3,1578.89,3,3,4,334,10
5244,21,1,166.08,4,2,1,421,7
5245,12,16,5703.52,5,5,5,555,15
5246,25,12,4867.72,4,5,5,455,14
5247,37,4,1207.56,4,4,3,443,11
5248,277,1,117.55,2,2,1,221,5
5249,11,9,2976.38,5,5,5,555,15
5250,73,5,1674.69,3,4,4,344,11
5251,430,1,126.0,1,2,1,121,4
5252,26,2,595.42,4,3,2,432,9
5253,17,14,3586.9900000000002,5,5,5,555,15
5254,141,2,342.22,3,3,2,332,8
5255,662,2,412.92,1,3,2,132,6
5256,26,17,5175.83,4,5,5,455,14
5257,19,4,1166.23,5,4,3,543,12
5258,493,1,563.1,1,2,2,122,5
5259,4,5,2047.8,5,4,4,544,13
5260,66,9,3950.7,3,5,5,355,13
5261,1,2,347.75,5,3,2,532,10
5262,43,10,6142.35,4,5,5,455,14
5263,228,1,205.7,2,2,1,221,5
5264,16,5,2009.16,5,4,4,544,13
5265,50,7,5778.63,4,4,5,445,13
5266,2,13,4173.88,5,5,5,555,15
5267,74,2,551.04,3,3,2,332,8
5268,1,70,37642.48,5,5,5,555,15
5269,4,10,2448.64,5,5,4,554,14
5270,2,54,35058.46,5,5,5,555,15
5271,264,2,599.76,2,3,2,232,7
5272,53,7,3577.61,4,4,5,445,13
5273,24,3,497.45,4,3,2,432,9
5274,597,5,731.2,1,4,3,143,8
5275,10,11,4065.28,5,5,5,555,15
5276,386,3,819.01,2,3,3,233,8
5277,44,1,239.41,4,2,1,421,7
5278,17,12,5454.95,5,5,5,555,15
5279,7,9,8296.81,5,5,5,555,15
5280,421,1,432.68,1,2,2,122,5
5281,394,1,304.2,2,2,2,222,6
5282,388,2,317.08,2,3,2,232,7
5283,30,20,6963.8,4,5,5,455,14
5284,358,4,637.5500000000001,2,4,3,243,9
5285,127,12,2975.8,3,5,5,355,13
5286,137,1,200.47,3,2,1,321,6
5287,142,3,1695.97,3,3,4,334,10
5288,132,5,1746.04,3,4,4,344,11
5289,38,27,7679.59,4,5,5,455,14
5290,236,1,338.95,2,2,2,222,6
5291,261,1,154.95,2,2,1,221,5
5292,477,2,442.0,1,3,2,132,6
5293,17,14,6679.97,5,5,5,555,15
5294,253,1,417.95,2,2,2,222,6
5295,30,6,3144.04,4,4,5,445,13
5296,35,4,1094.84,4,4,3,443,11
5297,169,2,885.19,3,3,3,333,9
5298,3,11,2083.9,5,5,4,554,14
5299,4,31,20272.15,5,5,5,555,15
5300,185,8,609.3000000000001,3,5,3,353,11
5301,188,4,884.1800000000001,3,4,3,343,10
5302,170,5,671.01,3,4,3,343,10
5303,424,1,293.5,1,2,2,122,5
5304,11,2,385.1,5,3,2,532,10
5305,45,1,522.91,4,2,2,422,8
5306,382,4,1198.09,2,4,3,243,9
5307,321,5,1410.18,2,4,4,244,10
5308,201,2,489.59999999999997,2,3,2,232,7
5309,23,24,15956.97,4,5,5,455,14
5310,421,1,376.92,1,2,2,122,5
5311,232,2,439.18,2,3,2,232,7
5312,38,15,5396.04,4,5,5,455,14
5313,26,10,2666.91,4,5,4,454,13
5314,659,1,307.21000000000004,1,2,2,122,5
5315,96,5,3520.2200000000003,3,4,5,345,12
5316,127,7,3378.4000000000005,3,4,5,345,12
5317,71,3,1033.0,3,3,3,333,9
5318,16,11,3439.08,5,5,5,555,15
5319,395,7,1092.06,2,4,3,243,9
5320,15,1,1060.25,5,2,3,523,10
5321,4,5,4238.76,5,4,5,545,14
5322,596,1,438.65000000000003,1,2,2,122,5
5323,3,20,7773.8,5,5,5,555,15
5324,79,6,1708.99,3,4,4,344,11
5325,373,8,2166.42,2,5,4,254,11
5326,39,2,692.19,4,3,3,433,10
5327,54,6,1442.32,4,4,4,444,12
5328,2,26,16790.33,5,5,5,555,15
5329,9,3,377.44,5,3,2,532,10
5330,9,2,168.24,5,3,1,531,9
5331,19,13,4183.56,5,5,5,555,15
5332,12,18,7730.59,5,5,5,555,15
5333,389,6,426.9,2,4,2,242,8
5334,407,2,101.1,2,3,1,231,6
5335,113,11,2098.48,3,5,4,354,12
5336,448,1,229.2,1,2,1,121,4
5337,4,7,2649.14,5,4,4,544,13
5338,478,2,600.34,1,3,2,132,6
5339,240,4,904.1800000000001,2,4,3,243,9
5340,113,1,71.4,3,2,1,321,6
5341,527,1,358.15,1,2,2,122,5
5342,178,3,1026.18,3,3,3,333,9
5343,5,9,1710.45,5,5,4,554,14
5344,421,1,157.85999999999999,1,2,1,121,4
5345,359,1,80.64,2,2,1,221,5
5346,464,4,382.06,1,4,2,142,7
5347,1,13,4451.22,5,5,5,555,15
5348,376,3,728.75,2,3,3,233,8
5349,1,56,9074.05,5,5,5,555,15
5350,19,12,4964.03,5,5,5,555,15
5351,17,5,1261.88,5,4,4,544,13
5352,22,6,746.39,4,4,3,443,11
5353,33,1,712.78,4,2,3,423,9
5354,456,1,129.75,1,2,1,121,4
5355,263,4,86.15,2,4,1,241,7
5356,51,5,1513.57,4,4,4,444,12
5357,159,4,524.0,3,4,2,342,9
5358,381,2,299.61,2,3,2,232,7
5359,15,2,413.05,5,3,2,532,10
5360,8,7,3292.73,5,4,5,545,14
5361,13,17,7053.38,5,5,5,555,15
5362,199,5,1143.27,2,4,3,243,9
5363,57,4,387.41,4,4,2,442,10
5364,11,3,360.75,5,3,2,532,10
5365,514,2,575.37,1,3,2,132,6
5366,97,9,3273.83,3,5,5,355,13
5367,255,1,56.4,2,2,1,221,5
5368,387,2,330.56,2,3,2,232,7
5369,25,3,647.56,4,3,3,433,10
5370,662,1,197.70000000000002,1,2,1,121,4
5371,21,3,650.32,4,3,3,433,10
5372,667,3,346.56,1,3,2,132,6
5373,159,2,188.02,3,3,1,331,7
5374,383,2,679.02,2,3,3,233,8
5375,72,3,376.96,3,3,2,332,8
5376,550,1,112.86,1,2,1,121,4
5377,53,3,403.38,4,3,2,432,9
5378,85,2,266.85,3,3,1,331,7
5379,153,4,1817.54,3,4,4,344,11
5380,74,2,1117.9,3,3,3,333,9
5381,281,2,397.15,2,3,2,232,7
5382,27,20,2779.41,4,5,4,454,13
5383,30,1,106.1,4,2,1,421,7
5384,467,2,368.35,1,3,2,132,6
5385,25,1,300.34,4,2,2,422,8
5386,687,2,147.3,1,3,1,131,5
5387,180,2,342.83,3,3,2,332,8
5388,40,7,1236.39,4,4,4,444,12
5389,22,8,1971.87,4,5,4,454,13
5390,582,1,178.07,1,2,1,121,4
5391,22,20,6246.93,4,5,5,455,14
5392,37,9,1187.21,4,5,3,453,12
5393,451,3,770.03,1,3,3,133,7
5394,82,10,4946.22,3,5,5,355,13
5395,392,1,184.66,2,2,1,221,5
5396,376,3,383.78000000000003,2,3,2,232,7
5397,74,2,927.03,3,3,3,333,9
5398,11,1,546.04,5,2,2,522,9
5399,395,3,437.87,2,3,2,232,7
5400,549,4,262.64,1,4,1,141,6
5401,16,20,10085.89,5,5,5,555,15
5402,669,2,373.16,1,3,2,132,6
5403,4,47,9519.8,5,5,5,555,15
5404,13,7,911.99,5,4,3,543,12
5405,14,5,1698.07,5,4,4,544,13
5406,375,2,1609.37,2,3,4,234,9
5407,393,1,591.96,2,2,2,222,6
5408,37,6,96.11,4,4,1,441,9
5409,4,6,788.15,5,4,3,543,12
5410,738,1,124.78,1,2,1,121,4
5411,72,12,6021.05,3,5,5,355,13
5412,374,1,180.60999999999999,2,2,1,221,5
5413,406,1,334.62,2,2,2,222,6
5414,420,5,2162.93,1,4,4,144,9
5415,421,2,449.25,1,3,2,132,6
5416,51,1,298.4,4,2,2,422,8
5417,599,4,701.96,1,4,3,143,8
5418,374,1,133.34,2,2,1,221,5
5419,5,6,2376.17,5,4,4,544,13
5420,23,4,1820.09,4,4,4,444,12
5421,299,5,4756.74,2,4,5,245,11
5422,2,3,398.7,5,3,2,532,10
5423,33,1,35.400000000000006,4,2,1,421,7
5424,50,1,155.37,4,2,1,421,7
5425,723,1,338.46000000000004,1,2,2,122,5
5426,415,2,689.6700000000001,1,3,3,133,7
5427,3,3,342.24,5,3,2,532,10
5428,47,1,110.21000000000001,4,2,1,421,7
5429,42,8,1541.23,4,5,4,454,13
5430,27,13,5604.64,4,5,5,455,14
5431,42,1,318.15,4,2,2,422,8
5432,444,1,175.9,1,2,1,121,4
5433,2,211,68545.25,5,5,5,555,15
5434,602,1,430.69,1,2,2,122,5
5435,303,2,320.4,2,3,2,232,7
5436,107,1,51.559999999999995,3,2,1,321,6
5437,555,4,596.09,1,4,2,142,7
5438,85,1,2033.1,3,2,4,324,9
5439,516,2,129.69,1,3,1,131,5
5440,81,30,3559.11,3,5,5,355,13
5441,218,8,1063.76,2,5,3,253,10
5442,372,155,51208.87,2,5,5,255,12
5443,422,6,1552.35,1,4,4,144,9
5444,12,5,657.8100000000001,5,4,3,543,12
5445,407,3,1596.29,2,3,4,234,9
5446,185,6,1068.5,3,4,3,343,10
5447,373,1,208.97,2,2,1,221,5
5448,2,4,1418.03,5,4,4,544,13
5449,4,24,27347.04,5,5,5,555,15
5450,6,30,12518.65,5,5,5,555,15
5451,305,1,141.92000000000002,2,2,1,221,5
5452,369,4,717.39,2,4,3,243,9
5453,3,18,5088.29,5,5,5,555,15
5454,324,4,1254.89,2,4,4,244,10
5455,59,12,5360.48,4,5,5,455,14
5456,13,5,876.57,5,4,3,543,12
5457,31,46,26312.190000000002,4,5,5,455,14
5458,143,3,1134.95,3,3,3,333,9
5459,30,15,1582.0500000000002,4,5,4,454,13
5460,386,1,227.15,2,2,1,221,5
5461,107,7,813.64,3,4,3,343,10
5462,2,13,2753.29,5,5,4,554,14
5463,205,5,1068.95,2,4,3,243,9
5464,382,1,235.87,2,2,1,221,5
5465,80,18,6265.33,3,5,5,355,13
5466,185,6,683.46,3,4,3,343,10
5467,688,1,167.1,1,2,1,121,4
5468,400,3,3424.02,2,3,5,235,10
5469,170,1,237.61,3,2,1,321,6
5470,44,3,1378.93,4,3,4,434,11
5471,174,1,178.51999999999998,3,2,1,321,6
5472,365,3,824.9200000000001,2,3,3,233,8
5473,304,1,133.35000000000002,2,2,1,221,5
5474,379,2,291.56,2,3,2,232,7
5475,3,7,988.42,5,4,3,543,12
5476,4,20,2698.47,5,5,4,554,14
5477,12,1,156.34,5,2,1,521,8
5478,32,6,1572.55,4,4,4,444,12
5479,129,1,111.35,3,2,1,321,6
5480,21,25,1807.44,4,5,4,454,13
5481,212,7,746.42,2,4,3,243,9
5482,323,2,586.89,2,3,2,232,7
5483,162,1,203.85999999999999,3,2,1,321,6
5484,56,3,244.1,4,3,1,431,8
5485,225,1,107.21,2,2,1,221,5
5486,72,18,2304.58,3,5,4,354,12
5487,44,1,95.45,4,2,1,421,7
5488,23,1,256.32,4,2,1,421,7
5489,173,9,2099.89,3,5,4,354,12
5490,85,4,299.18,3,4,2,342,9
5491,159,1,154.55,3,2,1,321,6
5492,190,2,112.19999999999999,2,3,1,231,6
5493,29,3,260.08,4,3,1,431,8
5494,547,1,216.39999999999998,1,2,1,121,4
5495,394,1,381.09000000000003,2,2,2,222,6
5496,21,1,181.07,4,2,1,421,7
5497,71,13,2178.87,3,5,4,354,12
5498,247,1,72.9,2,2,1,221,5
5499,641,1,291.76,1,2,2,122,5
5500,374,5,1142.47,2,4,3,243,9
5501,737,1,110.05,1,2,1,121,4
5502,726,1,261.7,1,2,1,121,4
5503,9,1,366.23,5,2,2,522,9
5504,310,6,374.55,2,4,2,242,8
5505,59,14,3429.29,4,5,5,455,14
5506,4,1,329.36,5,2,2,522,9
5507,551,1,225.78,1,2,1,121,4
5508,629,2,43.87,1,3,1,131,5
5509,45,3,335.03,4,3,2,432,9
5510,501,3,396.39,1,3,2,132,6
5511,88,2,1840.32,3,3,4,334,10
5512,4,54,23581.78,5,5,5,555,15
5513,64,10,2394.36,3,5,4,354,12
5514,543,1,170.4,1,2,1,121,4
5515,282,3,497.0,2,3,2,232,7
5516,12,8,3257.7000000000003,5,5,5,555,15
5517,373,1,244.08,2,2,1,221,5
5518,133,5,1035.49,3,4,3,343,10
5519,722,1,294.0,1,2,2,122,5
5520,45,3,341.24,4,3,2,432,9
5521,11,12,3082.1,5,5,5,555,15
5522,36,13,4275.22,4,5,5,455,14
5523,134,14,3402.24,3,5,5,355,13
5524,29,3,1331.57,4,3,4,434,11
5525,632,1,114.69,1,2,1,121,4
5526,52,3,1049.15,4,3,3,433,10
5527,138,7,686.14,3,4,3,343,10
5528,5,1,380.13,5,2,2,522,9
5529,9,7,4301.22,5,4,5,545,14
5530,420,1,144.29,1,2,1,121,4
5531,160,1,99.14,3,2,1,321,6
5532,49,16,30306.79,4,5,5,455,14
5533,131,4,1433.28,3,4,4,344,11
5534,8,1,77.50000000000001,5,2,1,521,8
5535,423,1,74.99,1,2,1,121,4
5536,697,3,360.35,1,3,2,132,6
5537,233,2,149.57999999999998,2,3,1,231,6
5538,37,1,176.68,4,2,1,421,7
5539,147,1,358.56000000000006,3,2,2,322,7
5540,1,118,117314.08,5,5,5,555,15
5541,72,7,1166.29,3,4,3,343,10
5542,40,4,1340.5800000000002,4,4,4,444,12
5543,378,4,788.46,2,4,3,243,9
5544,540,1,159.17000000000002,1,2,1,121,4
5545,5,19,3804.38,5,5,5,555,15
5546,199,6,949.9,2,4,3,243,9
5547,249,1,12.75,2,2,1,221,5
5548,66,1,111.68,3,2,1,321,6
5549,117,2,973.88,3,3,3,333,9
5550,592,1,140.75,1,2,1,121,4
5551,171,3,135.08,3,3,1,331,7
5552,21,100,2866.74,4,5,4,454,13
5553,142,4,666.96,3,4,3,343,10
5554,471,4,643.16,1,4,3,143,8
5555,32,2,463.21,4,3,2,432,9
5556,38,29,7006.65,4,5,5,455,14
5557,38,10,1963.92,4,5,4,454,13
5558,372,2,223.42,2,3,1,231,6
5559,374,4,590.4399999999999,2,4,2,242,8
5560,166,20,2354.29,3,5,4,354,12
5561,211,1,562.79,2,2,2,222,6
5562,548,1,161.94,1,2,1,121,4
5563,242,1,135.19,2,2,1,221,5
5564,52,1,337.04,4,2,2,422,8
5565,25,6,1739.09,4,4,4,444,12
5566,15,24,6696.33,5,5,5,555,15
5567,372,1,321.79,2,2,2,222,6
5568,29,2,1511.45,4,3,4,434,11
5569,365,4,1159.99,2,4,3,243,9
5570,36,4,732.41,4,4,3,443,11
5571,166,4,1012.72,3,4,3,343,10
5572,411,1,239.12,1,2,1,121,4
5573,681,1,138.18,1,2,1,121,4
5574,395,1,171.71,2,2,1,221,5
5575,145,5,1152.19,3,4,3,343,10
5576,22,1,631.35,4,2,3,423,9
5577,56,1,20.8,4,2,1,421,7
5578,185,5,965.4399999999999,3,4,3,343,10
5579,12,14,489.54,5,5,2,552,12
5580,379,1,207.32999999999998,2,2,1,221,5
5581,237,6,1527.6100000000001,2,4,4,244,10
5582,225,3,300.3,2,3,2,232,7
5583,389,1,252.88,2,2,1,221,5
5584,617,1,225.99,1,2,1,121,4
5585,122,11,2270.0299999999997,3,5,4,354,12
5586,282,3,495.48,2,3,2,232,7
5587,380,3,482.33,2,3,2,232,7
5588,74,8,1962.46,3,5,4,354,12
5589,380,3,639.24,2,3,3,233,8
5590,37,3,528.46,4,3,2,432,9
5591,564,1,124.25,1,2,1,121,4
5592,12,6,924.14,5,4,3,543,12
5593,376,4,244.37,2,4,1,241,7
5594,376,1,353.51,2,2,2,222,6
5595,362,1,157.92,2,2,1,221,5
5596,4,2,226.47,5,3,1,531,9
5597,23,4,969.51,4,4,3,443,11
5598,393,1,215.22,2,2,1,221,5
5599,70,23,19759.079999999998,3,5,5,355,13
5600,235,8,2144.23,2,5,4,254,11
5601,257,1,174.8,2,2,1,221,5
5602,373,2,410.79,2,3,2,232,7
5603,723,1,115.3,1,2,1,121,4
5604,155,2,187.29,3,3,1,331,7
5605,28,1,162.22,4,2,1,421,7
5606,4,1,120.03,5,2,1,521,8
5607,32,7,1954.56,4,4,4,444,12
5608,81,4,688.0,3,4,3,343,10
5609,108,4,297.99,3,4,2,342,9
5610,52,1,38.45,4,2,1,421,7
5611,544,1,190.48000000000002,1,2,1,121,4
5612,510,2,216.41,1,3,1,131,5
5613,36,5,1507.25,4,4,4,444,12
5614,153,2,389.78,3,3,2,332,8
5615,380,6,1177.72,2,4,3,243,9
5616,501,2,2074.07,1,3,4,134,8
5617,99,1,115.31,3,2,1,321,6
5618,583,1,192.05,1,2,1,121,4
5619,642,1,433.77,1,2,2,122,5
5620,4,2,230.64999999999998,5,3,1,531,9
5621,379,1,451.3,2,2,2,222,6
5622,334,1,73.5,2,2,1,221,5
5623,65,1,93.82000000000001,3,2,1,321,6
5624,22,3,754.2,4,3,3,433,10
5625,36,5,1260.23,4,4,4,444,12
5626,32,11,1545.49,4,5,4,454,13
5627,154,15,167.42,3,5,1,351,9
5628,556,1,141.48,1,2,1,121,4
5629,374,4,548.22,2,4,2,242,8
5630,19,2,357.20000000000005,5,3,2,532,10
5631,12,38,8018.7699999999995,5,5,5,555,15
5632,54,2,281.15,4,3,1,431,8
5633,25,3,529.29,4,3,2,432,9
5634,4,18,3505.61,5,5,5,555,15
5635,45,1,178.34,4,2,1,421,7
5636,650,1,189.63,1,2,1,121,4
5637,381,2,326.09,2,3,2,232,7
5638,203,3,394.93,2,3,2,232,7
5639,437,2,500.92,1,3,2,132,6
5640,359,2,412.06,2,3,2,232,7
5641,634,7,2282.28,1,4,4,144,9
5642,565,1,10877.18,1,2,5,125,8
5643,71,3,571.07,3,3,2,332,8
5644,393,1,176.5,2,2,1,221,5
5645,7,14,10142.64,5,5,5,555,15
5646,288,2,554.6,2,3,2,232,7
5647,393,3,1188.46,2,3,3,233,8
5648,10,3,774.06,5,3,3,533,11
5649,23,3,306.46,4,3,2,432,9
5650,408,2,1185.46,2,3,3,233,8
5651,22,28,6083.81,4,5,5,455,14
5652,173,6,1632.67,3,4,4,344,11
5653,391,2,186.60000000000002,2,3,1,231,6
5654,133,11,4481.83,3,5,5,355,13
5655,6,29,5866.63,5,5,5,555,15
5656,75,3,1440.4,3,3,4,334,10
5657,40,1,396.33,4,2,2,422,8
5658,289,1,101.69999999999999,2,2,1,221,5
5659,26,11,4464.92,4,5,5,455,14
5660,669,1,314.1,1,2,2,122,5
5661,258,6,1169.68,2,4,3,243,9
5662,186,1,247.44,3,2,1,321,6
5663,114,12,3859.82,3,5,5,355,13
5664,374,2,1019.44,2,3,3,233,8
5665,23,20,5783.29,4,5,5,455,14
5666,380,1,151.49,2,2,1,221,5
5667,8,18,4078.79,5,5,5,555,15
5668,217,4,725.53,2,4,3,243,9
5669,45,5,4203.93,4,4,5,445,13
5670,19,2,1231.5,5,3,4,534,12
5671,36,3,343.45,4,3,2,432,9
5672,26,1,680.84,4,2,3,423,9
5673,398,1,463.53,2,2,2,222,6
5674,16,3,795.2299999999999,5,3,3,533,11
5675,330,4,1341.8500000000001,2,4,4,244,10
5676,274,1,101.34,2,2,1,221,5
5677,98,17,14761.519999999999,3,5,5,355,13
5678,61,1,166.03,3,2,1,321,6
5679,447,1,428.45,1,2,2,122,5
5680,422,1,321.9,1,2,2,122,5
5681,593,1,360.85,1,2,2,122,5
5682,2,18,14693.72,5,5,5,555,15
5683,93,8,4452.71,3,5,5,355,13
5684,82,13,6391.52,3,5,5,355,13
5685,313,5,2303.09,2,4,4,244,10
5686,12,6,1657.87,5,4,4,544,13
5687,8,11,4627.92,5,5,5,555,15
5688,396,1,527.94,2,2,2,222,6
5689,127,1,168.31,3,2,1,321,6
5690,550,1,451.56,1,2,2,122,5
5691,11,5,622.01,5,4,3,543,12
5692,1,145,580987.04,5,5,5,555,15
5693,549,1,105.8,1,2,1,121,4
5694,37,1,754.64,4,2,3,423,9
5695,38,1,113.48000000000002,4,2,1,421,7
5696,330,6,1441.06,2,4,4,244,10
5697,442,1,165.88,1,2,1,121,4
5698,254,3,848.8100000000001,2,3,3,233,8
5699,2,38,9555.71,5,5,5,555,15
5700,20,2,392.28000000000003,4,3,2,432,9
5701,589,1,405.85,1,2,2,122,5
5702,12,4,773.36,5,4,3,543,12
5703,369,1,76.32000000000001,2,2,1,221,5
5704,290,1,220.1,2,2,1,221,5
5705,698,1,9.700000000000001,1,2,1,121,4
5706,68,13,2134.4900000000002,3,5,4,354,12
5707,26,1,315.65,4,2,2,422,8
5708,11,29,6221.02,5,5,5,555,15
5709,368,1,180.7,2,2,1,221,5
5710,214,1,111.15,2,2,1,221,5
5711,149,2,653.3,3,3,3,333,9
5712,8,6,1793.06,5,4,4,544,13
5713,24,3,666.64,4,3,3,433,10
5714,472,1,102.65,1,2,1,121,4
5715,30,4,1131.75,4,4,3,443,11
5716,61,1,200.92000000000002,3,2,1,321,6
5717,19,4,556.13,5,4,2,542,11
5718,537,1,399.29,1,2,2,122,5
5719,243,1,112.55000000000001,2,2,1,221,5
5720,15,3,1059.39,5,3,3,533,11
5721,632,1,222.95999999999998,1,2,1,121,4
5722,504,1,220.13,1,2,1,121,4
5723,212,1,931.4999999999999,2,2,3,223,7
5724,598,2,445.0,1,3,2,132,6
5725,29,10,1249.6200000000001,4,5,4,454,13
5726,63,5,1631.3600000000001,3,4,4,344,11
5727,551,2,145.99,1,3,1,131,5
5728,295,1,152.65,2,2,1,221,5
5729,18,6,8438.34,5,4,5,545,14
5730,474,1,536.41,1,2,2,122,5
5731,402,2,882.47,2,3,3,233,8
5732,157,2,1019.52,3,3,3,333,9
5733,117,2,1000.16,3,3,3,333,9
5734,8,19,4892.95,5,5,5,555,15
5735,13,11,5609.74,5,5,5,555,15
5736,141,2,160.35000000000002,3,3,1,331,7
5737,46,2,179.33999999999997,4,3,1,431,8
5738,647,1,112.85000000000001,1,2,1,121,4
5739,51,7,1553.96,4,4,4,444,12
5740,32,3,566.58,4,3,2,432,9
5741,135,6,1879.44,3,4,4,344,11
5742,646,1,426.69,1,2,2,122,5
5743,659,1,246.22,1,2,1,121,4
5744,3,5,932.6,5,4,3,543,12
5745,75,3,371.62,3,3,2,332,8
5746,13,2,675.64,5,3,3,533,11
5747,571,1,213.9,1,2,1,121,4
5748,9,2,453.4,5,3,2,532,10
5749,301,1,530.15,2,2,2,222,6
5750,57,3,1003.88,4,3,3,433,10
5751,15,6,1803.1000000000001,5,4,4,544,13
5752,732,1,371.51,1,2,2,122,5
5753,584,1,728.84,1,2,3,123,6
5754,37,1,399.65000000000003,4,2,2,422,8
5755,177,1,302.46000000000004,3,2,2,322,7
5756,624,1,175.5,1,2,1,121,4
5757,23,3,1384.8600000000001,4,3,4,434,11
5758,176,16,3435.5,3,5,5,355,13
5759,61,1,202.65,3,2,1,321,6
5760,33,9,2878.0,4,5,4,454,13
5761,59,9,2437.31,4,5,4,454,13
5762,15,52,17467.24,5,5,5,555,15
5763,87,5,2696.36,3,4,4,344,11
5764,7,2,162.5,5,3,1,531,9
5765,676,1,176.1,1,2,1,121,4
5766,358,1,476.35,2,2,2,222,6
5767,31,9,2216.32,4,5,4,454,13
5768,129,11,6103.74,3,5,5,355,13
5769,9,8,2547.55,5,5,4,554,14
5770,5,6,1843.75,5,4,4,544,13
5771,24,5,1188.34,4,4,3,443,11
5772,463,1,291.13,1,2,2,122,5
5773,227,2,632.07,2,3,3,233,8
5774,15,1,49.8,5,2,1,521,8
5775,249,1,304.25,2,2,2,222,6
5776,723,1,329.58,1,2,2,122,5
5777,632,1,724.89,1,2,3,123,6
5778,15,6,3280.59,5,4,5,545,14
5779,78,3,1403.73,3,3,4,334,10
5780,192,5,745.62,2,4,3,243,9
5781,262,2,529.4,2,3,2,232,7
5782,72,1,957.97,3,2,3,323,8
5783,165,3,1207.35,3,3,3,333,9
5784,82,6,4162.04,3,4,5,345,12
5785,387,1,101.16,2,2,1,221,5
5786,95,4,1457.19,3,4,4,344,11
5787,576,1,230.1,1,2,1,121,4
5788,4,17,5425.56,5,5,5,555,15
5789,684,1,344.75,1,2,2,122,5
5790,106,1,150.35,3,2,1,321,6
5791,723,1,447.53000000000003,1,2,2,122,5
5792,200,3,1396.99,2,3,4,234,9
5793,157,4,492.52,3,4,2,342,9
5794,71,3,1975.35,3,3,4,334,10
5795,36,2,517.36,4,3,2,432,9
5796,553,1,314.65999999999997,1,2,2,122,5
5797,499,1,544.47,1,2,2,122,5
5798,566,1,360.08,1,2,2,122,5
5799,29,1,139.10000000000002,4,2,1,421,7
5800,2,7,2768.83,5,4,4,544,13
5801,26,5,600.07,4,4,2,442,10
5802,326,2,514.37,2,3,2,232,7
5803,237,1,232.48000000000002,2,2,1,221,5
5804,531,4,1780.34,1,4,4,144,9
5805,89,5,2232.4900000000002,3,4,4,344,11
5806,31,1,481.75,4,2,2,422,8
5807,29,4,945.04,4,4,3,443,11
5808,211,4,1121.84,2,4,3,243,9
5809,3,17,3352.7000000000003,5,5,5,555,15
5810,227,6,1921.76,2,4,4,244,10
5811,22,6,1424.94,4,4,4,444,12
5812,93,1,443.0,3,2,2,322,7
5813,5,26,14000.85,5,5,5,555,15
5814,264,1,158.95000000000002,2,2,1,221,5
5815,3,26,13014.8,5,5,5,555,15
5816,44,26,11878.88,4,5,5,455,14
5817,218,2,388.75,2,3,2,232,7
5818,57,2,779.9,4,3,3,433,10
5819,12,28,10150.51,5,5,5,555,15
5820,9,9,4291.06,5,5,5,555,15
5821,192,28,6854.17,2,5,5,255,12
5822,82,4,592.97,3,4,2,342,9
5823,326,1,440.0,2,2,2,222,6
5824,552,1,179.6,1,2,1,121,4
5825,72,3,1796.48,3,3,4,334,10
5826,30,12,1795.3500000000001,4,5,4,454,13
5827,3,5,987.1,5,4,3,543,12
5828,515,1,270.92,1,2,1,121,4
5829,219,6,1712.26,2,4,4,244,10
5830,46,1,422.58,4,2,2,422,8
5831,10,21,2986.9900000000002,5,5,5,555,15
5832,72,8,3605.21,3,5,5,355,13
5833,414,1,515.78,1,2,2,122,5
5834,431,2,568.64,1,3,2,132,6
5835,7,20,6324.9800000000005,5,5,5,555,15
5836,24,3,758.8199999999999,4,3,3,433,10
5837,415,3,839.73,1,3,3,133,7
5838,123,2,804.02,3,3,3,333,9
5839,17,1,95.34,5,2,1,521,8
5840,310,1,349.27,2,2,2,222,6
5841,87,9,26278.86,3,5,5,355,13
5842,51,7,1533.69,4,4,4,444,12
5843,643,1,317.88,1,2,2,122,5
5844,581,1,267.9,1,2,1,121,4
5845,89,2,303.15,3,3,2,332,8
5846,388,1,110.7,2,2,1,221,5
5847,39,12,4600.15,4,5,5,455,14
5848,464,6,2059.67,1,4,4,144,9
5849,25,7,3941.9,4,4,5,445,13
5850,173,23,9947.26,3,5,5,355,13
5851,43,2,324.24,4,3,2,432,9
5852,140,3,577.54,3,3,2,332,8
5853,26,3,1213.1599999999999,4,3,3,433,10
5854,499,1,603.25,1,2,2,122,5
5855,72,2,801.51,3,3,3,333,9
5856,434,1,251.1,1,2,1,121,4
5857,673,1,269.37,1,2,1,121,4
5858,134,6,1490.23,3,4,4,344,11
5859,366,1,168.6,2,2,1,221,5
5860,38,3,444.55,4,3,2,432,9
5861,610,2,680.85,1,3,3,133,7
5862,3,9,4385.9800000000005,5,5,5,555,15
5863,2,4,357.0,5,4,2,542,11
5864,30,1,175.92,4,2,1,421,7
5865,578,2,741.85,1,3,3,133,7
5866,44,6,1656.52,4,4,4,444,12
5867,58,5,1180.05,4,4,3,443,11
5868,74,2,414.20000000000005,3,3,2,332,8
5869,519,1,231.33999999999997,1,2,1,121,4
5870,278,2,488.15000000000003,2,3,2,232,7
5871,181,2,201.14,3,3,1,331,7
5872,8,2,178.05,5,3,1,531,9
5873,4,22,2664.9,5,5,4,554,14
5874,432,1,461.68,1,2,2,122,5
5875,661,1,427.0,1,2,2,122,5
5876,477,2,1296.43,1,3,4,134,8
5877,43,7,4182.99,4,4,5,445,13
