Customer ID,Recency,Frequency,Monetary,Cluster,Segment,Churn
12346.0,164,11,372.86,0,Lost Customers,1
12347.0,2,2,1275.95,1,Champions,0
12348.0,73,1,180.4,1,Champions,0
12349.0,42,2,1814.09,1,Champions,0
12351.0,10,1,288.18,1,Champions,0
12352.0,10,2,331.05,1,Champions,0
12353.0,43,1,317.76,1,Champions,0
12355.0,202,1,437.11,0,Lost Customers,1
12356.0,15,3,1274.82,1,Champions,0
12357.0,23,1,4688.72,1,Champions,0
12358.0,10,3,1448.91,1,Champions,0
12359.0,60,6,1835.46,1,Champions,0
12360.0,27,3,1228.27,1,Champions,0
12361.0,97,3,276.35,1,Champions,1
12368.0,263,1,556.5,0,Lost Customers,1
12369.0,48,3,1326.63,1,Champions,0
12370.0,259,3,474.92,0,Lost Customers,1
12371.0,44,3,1819.42,1,Champions,0
12373.0,259,2,581.75,0,Lost Customers,1
12374.0,56,2,1732.89,1,Champions,0
12376.0,24,2,143.15,1,Champions,0
12377.0,16,2,1496.32,1,Champions,0
12378.0,197,1,1182.77,0,Lost Customers,1
12379.0,57,2,673.0799999999999,1,Champions,0
12380.0,100,4,3890.88,1,Champions,1
12385.0,14,1,1489.1,1,Champions,0
12386.0,1,1,215.7,1,Champions,0
12387.0,50,1,110.03999999999999,1,Champions,0
12388.0,80,2,1120.45,1,Champions,0
12389.0,37,3,1209.43,1,Champions,0
12391.0,99,4,1618.13,1,Champions,1
12392.0,226,1,196.95000000000002,0,Lost Customers,1
12393.0,17,2,783.2,1,Champions,0
12395.0,6,4,1471.44,1,Champions,0
12396.0,309,1,900.58,0,Lost Customers,1
12399.0,20,3,584.73,1,Champions,0
12400.0,49,1,205.25,1,Champions,0
12402.0,27,5,928.55,1,Champions,0
12403.0,156,1,67.5,0,Lost Customers,1
12406.0,34,3,2122.66,1,Champions,0
12408.0,20,3,926.14,1,Champions,0
12409.0,55,3,4099.9800000000005,1,Champions,0
12410.0,137,1,240.38,1,Champions,1
12411.0,44,1,287.2,1,Champions,0
12412.0,37,3,1095.61,1,Champions,0
12413.0,37,1,122.85000000000001,1,Champions,0
12414.0,98,1,74.88,1,Champions,1
12415.0,10,4,3734.55,1,Champions,0
12416.0,291,1,202.56,0,Lost Customers,1
12417.0,45,11,2037.4,1,Champions,0
12418.0,48,3,1264.3,1,Champions,0
12419.0,20,2,269.75,1,Champions,0
12421.0,50,2,218.60999999999999,1,Champions,0
12422.0,29,9,1874.74,1,Champions,0
12423.0,22,2,667.08,1,Champions,0
12424.0,57,2,1224.13,1,Champions,0
12425.0,83,1,906.61,1,Champions,0
12426.0,297,1,690.48,0,Lost Customers,1
12427.0,6,1,249.5,1,Champions,0
12429.0,0,5,2196.79,1,Champions,0
12431.0,8,11,3650.67,1,Champions,0
12433.0,1,4,5529.55,1,Champions,0
12434.0,16,1,287.34000000000003,1,Champions,0
12435.0,31,3,2685.88,1,Champions,0
12437.0,30,20,6180.26,2,At Risk,0
12439.0,317,2,1081.18,0,Lost Customers,1
12440.0,97,2,699.4,1,Champions,1
12441.0,1,1,155.55,1,Champions,0
12443.0,367,1,281.66,0,Lost Customers,1
12445.0,55,1,301.58000000000004,1,Champions,0
12449.0,73,1,61.199999999999996,1,Champions,0
12450.0,34,3,464.82,1,Champions,0
12451.0,98,3,3148.14,1,Champions,1
12455.0,80,4,2239.37,1,Champions,0
12457.0,70,1,334.1,1,Champions,0
12458.0,62,2,680.68,1,Champions,0
12459.0,240,1,343.35,0,Lost Customers,1
12460.0,91,1,236.95,1,Champions,1
12467.0,58,1,132.8,1,Champions,0
12468.0,161,3,1889.44,0,Lost Customers,1
12469.0,157,1,1021.3000000000001,0,Lost Customers,1
12470.0,324,1,183.25,0,Lost Customers,1
12471.0,9,43,13742.84,2,At Risk,0
12472.0,4,13,10007.74,2,At Risk,0
12474.0,13,11,4358.12,2,At Risk,0
12475.0,44,1,376.36,1,Champions,0
12476.0,32,6,5737.11,1,Champions,0
12477.0,34,3,5878.87,1,Champions,0
12480.0,34,3,1443.1200000000001,1,Champions,0
12481.0,0,5,3701.93,1,Champions,0
12482.0,235,13,1389.32,0,Lost Customers,1
12483.0,13,10,1719.6000000000001,1,Champions,0
12484.0,118,5,1285.2,1,Champions,1
12485.0,164,1,612.3000000000001,0,Lost Customers,1
12486.0,66,1,792.9000000000001,1,Champions,0
12487.0,365,1,76.5,0,Lost Customers,1
12490.0,13,10,3583.71,1,Champions,0
12492.0,38,1,350.15,1,Champions,0
12494.0,0,3,450.1,1,Champions,0
12495.0,275,1,277.4,0,Lost Customers,1
12496.0,255,2,45.34,0,Lost Customers,1
12497.0,35,2,1057.04,1,Champions,0
12499.0,195,1,337.56,0,Lost Customers,1
12500.0,70,7,1196.99,1,Champions,0
12504.0,52,2,129.0,1,Champions,0
12505.0,43,1,683.6,1,Champions,0
12507.0,219,1,409.85,0,Lost Customers,1
12510.0,94,5,2079.26,1,Champions,1
12511.0,63,1,2662.93,1,Champions,0
12514.0,276,1,580.08,0,Lost Customers,1
12516.0,65,2,969.6,1,Champions,0
12519.0,111,1,335.78,1,Champions,1
12523.0,9,12,2156.81,1,Champions,0
12524.0,23,6,2088.61,1,Champions,0
12525.0,133,3,814.08,1,Champions,1
12527.0,129,2,266.8,1,Champions,1
12529.0,163,1,296.58,0,Lost Customers,1
12530.0,50,5,1291.81,1,Champions,0
12531.0,321,1,1584.83,0,Lost Customers,1
12533.0,262,2,1116.79,0,Lost Customers,1
12537.0,43,1,602.99,1,Champions,0
12538.0,13,1,241.65,1,Champions,0
12539.0,85,3,4064.5,1,Champions,0
12540.0,13,15,5916.2300000000005,2,At Risk,0
12542.0,119,2,407.31,1,Champions,1
12543.0,83,1,656.8,1,Champions,0
12547.0,135,1,147.78,1,Champions,1
12549.0,210,5,944.72,0,Lost Customers,1
12553.0,20,2,667.07,1,Champions,0
12554.0,83,1,364.6,1,Champions,0
12557.0,67,1,491.34000000000003,1,Champions,0
12562.0,20,2,784.5,1,Champions,0
12563.0,43,1,221.24,1,Champions,0
12567.0,2,7,3110.94,1,Champions,0
12568.0,279,1,30.7,0,Lost Customers,1
12573.0,16,4,527.47,1,Champions,0
12575.0,92,2,556.0699999999999,1,Champions,1
12576.0,27,3,736.94,1,Champions,0
12577.0,16,5,900.76,1,Champions,0
12578.0,20,2,1235.14,1,Champions,0
12580.0,211,1,576.9,0,Lost Customers,1
12582.0,57,2,1171.79,1,Champions,0
12583.0,8,13,6033.04,2,At Risk,0
12586.0,9,3,1435.68,1,Champions,0
12588.0,34,2,451.08,1,Champions,0
12589.0,56,4,2292.73,1,Champions,0
12591.0,25,2,669.45,1,Champions,0
12592.0,154,2,918.84,0,Lost Customers,1
12594.0,13,5,1358.49,1,Champions,0
12595.0,139,1,220.8,0,Lost Customers,1
12598.0,98,3,1234.46,1,Champions,1
12599.0,16,6,1003.68,1,Champions,0
12600.0,6,12,2108.6600000000003,1,Champions,0
12601.0,39,1,60.3,1,Champions,0
12605.0,11,3,1117.0,1,Champions,0
12608.0,39,1,159.95,1,Champions,0
12609.0,9,6,1873.8600000000001,1,Champions,0
12613.0,23,5,2916.01,1,Champions,0
12615.0,48,4,2814.02,1,Champions,0
12616.0,23,1,342.0,1,Champions,0
12619.0,195,1,127.39,0,Lost Customers,1
12621.0,0,16,6259.34,2,At Risk,0
12623.0,51,6,2920.82,1,Champions,0
12625.0,144,2,2026.12,1,Champions,1
12629.0,20,2,651.62,1,Champions,0
12631.0,91,5,2642.07,1,Champions,1
12632.0,155,2,687.76,0,Lost Customers,1
12633.0,17,3,3006.73,1,Champions,0
12634.0,183,1,360.0,0,Lost Customers,1
12635.0,27,2,1075.43,1,Champions,0
12637.0,13,4,2110.05,1,Champions,0
12638.0,274,1,93.3,0,Lost Customers,1
12639.0,69,2,686.37,1,Champions,0
12644.0,65,3,1352.8700000000001,1,Champions,0
12645.0,44,4,1577.16,1,Champions,0
12647.0,2,23,7826.38,2,At Risk,0
12648.0,72,3,643.45,1,Champions,0
12649.0,17,4,1235.24,1,Champions,0
12651.0,13,3,263.75,1,Champions,0
12652.0,69,1,97.05000000000001,1,Champions,0
12653.0,161,1,1471.28,0,Lost Customers,1
12655.0,58,1,213.5,1,Champions,0
12656.0,60,3,1806.31,1,Champions,0
12661.0,71,1,162.0,1,Champions,0
12662.0,8,10,2755.4900000000002,1,Champions,0
12663.0,259,2,106.2,0,Lost Customers,1
12664.0,149,2,360.0,0,Lost Customers,1
12665.0,52,2,214.6,1,Champions,0
12666.0,29,1,1214.52,1,Champions,0
12668.0,13,5,6237.26,1,Champions,0
12670.0,20,2,533.0400000000001,1,Champions,0
12671.0,241,1,1726.3600000000001,0,Lost Customers,1
12672.0,230,1,171.20000000000002,0,Lost Customers,1
12673.0,36,1,525.7,1,Champions,0
12675.0,213,1,706.35,0,Lost Customers,1
12676.0,43,4,1030.98,1,Champions,0
12677.0,190,2,359.1,0,Lost Customers,1
12678.0,10,6,3031.84,1,Champions,0
12681.0,2,23,14149.14,2,At Risk,0
12682.0,0,22,9742.28,2,At Risk,0
12683.0,0,8,3553.61,1,Champions,0
12686.0,6,1,71.14,1,Champions,0
12687.0,115,1,1775.99,1,Champions,1
12691.0,55,1,116.6,1,Champions,0
12692.0,272,1,110.95,0,Lost Customers,1
12693.0,31,3,654.95,1,Champions,0
12694.0,56,1,829.43,1,Champions,0
12695.0,163,3,743.07,0,Lost Customers,1
12696.0,69,2,724.95,1,Champions,0
12698.0,225,1,218.45,0,Lost Customers,1
12699.0,52,1,512.7,1,Champions,0
12701.0,164,4,1482.38,0,Lost Customers,1
12703.0,268,3,605.78,0,Lost Customers,1
12705.0,18,5,4678.31,1,Champions,0
12708.0,3,9,2125.92,1,Champions,0
12709.0,1,16,9999.72,2,At Risk,0
12711.0,246,2,1107.45,0,Lost Customers,1
12712.0,0,10,2310.4700000000003,1,Champions,0
12714.0,23,7,7872.8,2,At Risk,0
12717.0,225,1,227.93,0,Lost Customers,1
12720.0,4,5,2035.7,1,Champions,0
12721.0,20,2,1113.75,1,Champions,0
12724.0,18,3,1002.0,1,Champions,0
12725.0,6,3,1534.0,1,Champions,0
12726.0,22,4,814.86,1,Champions,0
12727.0,77,3,1383.8300000000002,1,Champions,0
12728.0,18,1,186.89000000000001,1,Champions,0
12730.0,156,1,684.3000000000001,0,Lost Customers,1
12731.0,77,4,3523.6,1,Champions,0
12733.0,24,3,1620.67,1,Champions,0
12734.0,9,2,260.75,1,Champions,0
12738.0,7,1,127.4,1,Champions,0
12739.0,29,1,716.05,1,Champions,0
12741.0,168,1,236.07,0,Lost Customers,1
12742.0,260,1,1080.56,0,Lost Customers,1
12744.0,94,4,2830.58,1,Champions,1
12745.0,121,2,538.13,1,Champions,1
12746.0,175,1,254.55,0,Lost Customers,1
12747.0,4,16,3868.18,2,At Risk,0
12748.0,0,130,14597.96,3,Loyal Customers,0
12749.0,34,4,1923.78,1,Champions,0
12751.0,79,1,263.02,1,Champions,0
12755.0,20,9,867.3000000000001,1,Champions,0
12758.0,94,5,5426.03,1,Champions,1
12759.0,21,5,3018.92,1,Champions,0
12760.0,90,1,317.8,1,Champions,0
12761.0,99,1,559.95,1,Champions,1
12763.0,4,1,320.08,1,Champions,0
12765.0,107,6,1121.3799999999999,1,Champions,1
12766.0,1,3,2303.7000000000003,1,Champions,0
12767.0,10,1,825.98,1,Champions,0
12768.0,85,1,150.45000000000002,1,Champions,0
12770.0,91,1,628.2,1,Champions,1
12771.0,120,1,186.5,1,Champions,1
12773.0,199,1,30.29,0,Lost Customers,1
12774.0,170,1,83.7,0,Lost Customers,1
12775.0,23,2,262.52,1,Champions,0
12776.0,302,1,27.5,0,Lost Customers,1
12777.0,92,1,386.1,1,Champions,1
12778.0,31,3,740.32,1,Champions,0
12779.0,6,7,2661.0099999999998,1,Champions,0
12780.0,233,1,242.28,0,Lost Customers,1
12782.0,9,6,1858.6200000000001,1,Champions,0
12784.0,164,1,943.1800000000001,0,Lost Customers,1
12785.0,170,2,510.45,0,Lost Customers,1
12786.0,244,1,548.5,0,Lost Customers,1
12787.0,48,1,380.52,1,Champions,0
12788.0,98,4,384.9,1,Champions,1
12789.0,147,2,148.5,0,Lost Customers,1
12790.0,45,1,158.33,1,Champions,0
12791.0,235,3,378.42999999999995,0,Lost Customers,1
12792.0,169,1,337.82,0,Lost Customers,1
12793.0,6,2,387.85,1,Champions,0
12796.0,263,1,351.0,0,Lost Customers,1
12797.0,0,2,435.43,1,Champions,0
12798.0,56,1,43.49,1,Champions,0
12799.0,164,1,202.4,0,Lost Customers,1
12800.0,105,2,500.25,1,Champions,1
12801.0,135,1,739.75,1,Champions,1
12802.0,79,4,1588.91,1,Champions,0
12803.0,28,1,897.81,1,Champions,0
12804.0,100,2,287.57,1,Champions,1
12805.0,16,4,1230.95,1,Champions,0
12806.0,207,2,1187.56,0,Lost Customers,1
12807.0,18,1,193.6,1,Champions,0
12808.0,3,3,394.45,1,Champions,0
12809.0,200,2,804.83,0,Lost Customers,1
12810.0,169,2,470.43,0,Lost Customers,1
12811.0,13,2,435.05,1,Champions,0
12813.0,136,3,1028.0,1,Champions,1
12817.0,34,2,444.94,1,Champions,0
12819.0,93,1,369.28000000000003,1,Champions,1
12820.0,32,7,1505.19,1,Champions,0
12821.0,246,1,128.07999999999998,0,Lost Customers,1
12823.0,161,4,762.0,0,Lost Customers,1
12825.0,156,2,260.28,0,Lost Customers,1
12826.0,0,6,1386.08,1,Champions,0
12829.0,185,1,25.8,0,Lost Customers,1
12831.0,98,2,190.4,1,Champions,1
12835.0,62,41,5639.12,2,At Risk,0
12836.0,24,11,2764.12,1,Champions,0
12837.0,204,1,386.51,0,Lost Customers,1
12838.0,8,9,2078.79,1,Champions,0
12839.0,2,12,4189.73,2,At Risk,0
12840.0,72,3,1028.54,1,Champions,0
12841.0,4,17,3328.86,2,At Risk,0
12842.0,39,2,391.0,1,Champions,0
12843.0,17,18,2176.98,2,At Risk,0
12844.0,77,2,280.84000000000003,1,Champions,0
12847.0,22,1,623.66,1,Champions,0
12848.0,310,1,154.3,0,Lost Customers,1
12849.0,16,4,1743.78,1,Champions,0
12851.0,112,1,110.7,1,Champions,1
12853.0,62,5,1319.2,1,Champions,0
12854.0,196,4,1480.32,0,Lost Customers,1
12855.0,7,4,386.04,1,Champions,0
12857.0,71,4,1712.55,1,Champions,0
12858.0,18,1,127.32,1,Champions,0
12859.0,93,1,521.4,1,Champions,1
12860.0,328,1,41.47,0,Lost Customers,1
12861.0,254,1,55.49999999999999,0,Lost Customers,1
12862.0,60,2,844.27,1,Champions,0
12863.0,14,5,1166.05,1,Champions,0
12864.0,143,1,0.95,0,Lost Customers,1
12865.0,13,2,1579.58,1,Champions,0
12866.0,109,2,586.93,1,Champions,1
12867.0,32,6,3736.73,1,Champions,0
12868.0,8,3,640.0,1,Champions,0
12869.0,316,1,312.17,0,Lost Customers,1
12870.0,10,3,1323.14,1,Champions,0
12871.0,74,1,114.19999999999999,1,Champions,0
12872.0,0,11,2870.65,1,Champions,0
12873.0,32,2,1417.3,1,Champions,0
12874.0,20,2,746.54,1,Champions,0
12876.0,29,2,1542.56,1,Champions,0
12877.0,36,8,1361.43,1,Champions,0
12880.0,16,2,613.73,1,Champions,0
12887.0,18,1,194.70000000000002,1,Champions,0
12889.0,16,4,344.06,1,Champions,0
12890.0,22,1,312.35,1,Champions,0
12892.0,31,1,246.47000000000003,1,Champions,0
12894.0,210,1,111.9,0,Lost Customers,1
12897.0,16,2,239.75,1,Champions,0
12898.0,294,1,143.57,0,Lost Customers,1
12899.0,48,1,243.85,1,Champions,0
12900.0,57,1,302.08,1,Champions,0
12903.0,63,1,833.53,1,Champions,0
12905.0,211,2,755.14,0,Lost Customers,1
12907.0,30,2,403.71000000000004,1,Champions,0
12909.0,59,3,799.16,1,Champions,0
12910.0,14,5,2203.6,1,Champions,0
12911.0,186,1,1366.49,0,Lost Customers,1
12913.0,3,6,1103.5,1,Champions,0
12914.0,35,1,81.06,1,Champions,0
12915.0,7,3,620.55,1,Champions,0
12916.0,77,3,1192.3,1,Champions,0
12917.0,35,4,820.2,1,Champions,0
12920.0,206,3,317.56,0,Lost Customers,1
12921.0,1,39,16485.2,2,At Risk,0
12923.0,25,2,466.95,1,Champions,0
12924.0,28,8,731.82,1,Champions,0
12925.0,227,1,25.2,0,Lost Customers,1
12926.0,46,4,1443.93,1,Champions,0
12927.0,29,1,180.35999999999999,1,Champions,0
12928.0,13,7,2105.15,1,Champions,0
12931.0,184,12,2064.24,0,Lost Customers,1
12932.0,174,8,1309.28,0,Lost Customers,1
12933.0,15,5,879.88,1,Champions,0
12934.0,371,1,101.7,0,Lost Customers,1
12935.0,10,8,1895.1100000000001,1,Champions,0
12937.0,98,5,1476.77,1,Champions,1
12939.0,24,2,162.72,1,Champions,0
12941.0,359,1,295.65,0,Lost Customers,1
12942.0,0,1,207.75,1,Champions,0
12943.0,193,2,224.5,0,Lost Customers,1
12945.0,291,1,437.16,0,Lost Customers,1
12946.0,71,1,293.8,1,Champions,0
12947.0,8,1,264.24,1,Champions,0
12948.0,365,2,216.0,0,Lost Customers,1
12949.0,17,14,10507.78,2,At Risk,0
12951.0,21,9,2121.75,1,Champions,0
12953.0,157,1,433.66,0,Lost Customers,1
12954.0,273,1,136.95,0,Lost Customers,1
12956.0,319,3,399.90000000000003,0,Lost Customers,1
12957.0,176,5,4255.150000000001,0,Lost Customers,1
12958.0,35,2,378.94,1,Champions,0
12959.0,119,1,94.2,1,Champions,1
12960.0,48,4,1190.07,1,Champions,0
12961.0,14,1,198.07,1,Champions,0
12963.0,0,5,1646.37,1,Champions,0
12964.0,72,1,132.24,1,Champions,0
12967.0,6,2,1556.22,1,Champions,0
12969.0,237,1,109.7,0,Lost Customers,1
12970.0,15,6,902.88,1,Champions,0
12971.0,1,30,2982.3300000000004,2,At Risk,0
12972.0,48,4,937.4000000000001,1,Champions,0
12973.0,48,1,70.05000000000001,1,Champions,0
12974.0,200,1,264.15,0,Lost Customers,1
12975.0,71,6,1710.77,1,Champions,0
12976.0,13,7,2132.3,1,Champions,0
12977.0,136,3,310.99,1,Champions,1
12978.0,20,5,2418.05,1,Champions,0
12979.0,364,1,374.19,0,Lost Customers,1
12980.0,50,6,1197.3600000000001,1,Champions,0
12982.0,29,7,2141.38,1,Champions,0
12983.0,233,1,345.48,0,Lost Customers,1
12986.0,63,10,1808.17,1,Champions,0
12987.0,55,3,547.46,1,Champions,0
12989.0,132,8,1108.2,1,Champions,1
12990.0,52,4,546.0,1,Champions,0
12991.0,24,1,161.2,1,Champions,0
12992.0,360,1,93.35000000000001,0,Lost Customers,1
12993.0,80,4,768.75,1,Champions,0
12996.0,10,1,246.95000000000002,1,Champions,0
12997.0,29,4,858.36,1,Champions,0
12998.0,127,3,702.34,1,Champions,1
13000.0,360,1,465.8,0,Lost Customers,1
13001.0,39,20,11032.45,2,At Risk,0
13002.0,51,2,293.18,1,Champions,0
13004.0,21,18,5534.08,2,At Risk,0
13005.0,66,2,353.83,1,Champions,0
13007.0,214,1,116.1,0,Lost Customers,1
13008.0,32,2,331.66,1,Champions,0
13009.0,307,1,234.0,0,Lost Customers,1
13010.0,9,2,288.12,1,Champions,0
13011.0,7,1,50.550000000000004,1,Champions,0
13012.0,64,3,1209.98,1,Champions,0
13013.0,6,16,6738.76,2,At Risk,0
13014.0,67,1,1695.34,1,Champions,0
13015.0,73,6,2287.77,1,Champions,0
13018.0,48,7,2061.42,1,Champions,0
13019.0,14,6,1204.45,1,Champions,0
13020.0,197,2,618.96,0,Lost Customers,1
13021.0,9,8,2033.98,1,Champions,0
13022.0,64,1,50.3,1,Champions,0
13023.0,163,1,410.66,0,Lost Customers,1
13024.0,105,2,468.02,1,Champions,1
13025.0,366,1,233.39,0,Lost Customers,1
13026.0,123,4,656.8000000000001,1,Champions,1
13029.0,9,2,81.0,1,Champions,0
13030.0,3,1,308.63,1,Champions,0
13031.0,42,5,2958.84,1,Champions,0
13032.0,27,7,1454.28,1,Champions,0
13033.0,64,1,30.0,1,Champions,0
13034.0,4,2,279.91,1,Champions,0
13035.0,66,1,300.0,1,Champions,0
13036.0,319,1,49.0,0,Lost Customers,1
13037.0,34,9,2809.79,1,Champions,0
13039.0,219,4,800.73,0,Lost Customers,1
13041.0,85,4,799.13,1,Champions,0
13042.0,233,3,1340.15,0,Lost Customers,1
13044.0,127,10,3442.15,1,Champions,1
13045.0,36,2,493.69,1,Champions,0
13046.0,91,1,319.94,1,Champions,1
13047.0,8,16,4329.82,2,At Risk,0
13048.0,71,5,2122.76,1,Champions,0
13049.0,24,2,362.76,1,Champions,0
13050.0,1,18,5630.14,2,At Risk,0
13051.0,213,1,80.8,0,Lost Customers,1
13052.0,55,6,2529.28,1,Champions,0
13053.0,256,1,127.65,0,Lost Customers,1
13055.0,64,1,1018.53,1,Champions,0
13056.0,186,1,148.82999999999998,0,Lost Customers,1
13057.0,165,3,434.94,0,Lost Customers,1
13059.0,48,9,1747.17,1,Champions,0
13063.0,115,1,188.4,1,Champions,1
13064.0,185,2,398.0,0,Lost Customers,1
13065.0,8,5,965.25,1,Champions,0
13067.0,44,2,363.2,1,Champions,0
13069.0,4,15,3414.48,2,At Risk,0
13070.0,94,3,522.9,1,Champions,1
13071.0,247,1,78.22,0,Lost Customers,1
13073.0,46,2,347.33,1,Champions,0
13074.0,146,3,481.5,0,Lost Customers,1
13076.0,92,1,135.4,1,Champions,1
13077.0,1,8,2162.19,1,Champions,0
13078.0,1,32,12998.75,2,At Risk,0
13079.0,52,1,199.08,1,Champions,0
13080.0,36,3,202.75,1,Champions,0
13081.0,6,18,24198.71,2,At Risk,0
13082.0,59,8,1039.56,1,Champions,0
13083.0,60,1,10.08,1,Champions,0
13085.0,314,6,1916.4,0,Lost Customers,1
13086.0,17,1,429.38,1,Champions,0
13087.0,361,1,228.44,0,Lost Customers,1
13088.0,52,1,197.86,1,Champions,0
13089.0,3,90,38999.57,3,Loyal Customers,0
13090.0,0,9,2300.07,1,Champions,0
13091.0,364,1,469.46000000000004,0,Lost Customers,1
13092.0,49,7,1191.0,1,Champions,0
13093.0,8,46,26221.579999999998,2,At Risk,0
13094.0,24,1,145.8,1,Champions,0
13097.0,23,17,6317.62,2,At Risk,0
13101.0,133,3,537.51,1,Champions,1
13102.0,0,14,4478.56,2,At Risk,0
13103.0,72,2,465.70000000000005,1,Champions,0
13104.0,50,3,289.98,1,Champions,0
13106.0,48,1,172.4,1,Champions,0
13107.0,48,5,2152.21,1,Champions,0
13108.0,7,2,619.6999999999999,1,Champions,0
13109.0,186,1,311.91,0,Lost Customers,1
13110.0,72,5,1204.25,1,Champions,0
13111.0,353,1,311.8,0,Lost Customers,1
13112.0,176,1,20.6,0,Lost Customers,1
13113.0,1,14,3566.83,2,At Risk,0
13114.0,365,1,195.73000000000002,0,Lost Customers,1
13115.0,14,6,3027.43,1,Champions,0
13117.0,0,12,1556.94,1,Champions,0
13118.0,11,4,985.07,1,Champions,0
13119.0,303,1,134.9,0,Lost Customers,1
13123.0,107,2,457.0,1,Champions,1
13124.0,20,1,783.74,1,Champions,0
13125.0,158,1,113.17,0,Lost Customers,1
13126.0,1,7,1768.98,1,Champions,0
13128.0,266,1,263.5,0,Lost Customers,1
13129.0,87,2,201.75,1,Champions,0
13131.0,53,4,1699.3700000000001,1,Champions,0
13133.0,94,1,65.15,1,Champions,1
13134.0,37,2,541.85,1,Champions,0
13135.0,126,1,231.0,1,Champions,1
13136.0,10,8,3526.05,1,Champions,0
13137.0,21,8,3673.57,1,Champions,0
13138.0,7,2,492.1,1,Champions,0
13139.0,72,1,2255.66,1,Champions,0
13140.0,1,3,655.41,1,Champions,0
13141.0,20,12,4848.64,2,At Risk,0
13143.0,219,1,402.58,0,Lost Customers,1
13144.0,66,1,24.4,1,Champions,0
13145.0,151,2,204.0,0,Lost Customers,1
13148.0,24,14,4175.47,2,At Risk,0
13150.0,119,3,49.550000000000004,1,Champions,1
13151.0,260,2,977.2900000000001,0,Lost Customers,1
13152.0,52,7,1956.68,1,Champions,0
13154.0,34,3,1362.75,1,Champions,0
13155.0,3,3,755.72,1,Champions,0
13156.0,20,3,1433.75,1,Champions,0
13157.0,44,5,3281.5,1,Champions,0
13158.0,23,1,307.12,1,Champions,0
13161.0,135,1,313.98,1,Champions,1
13162.0,15,11,5366.42,2,At Risk,0
13163.0,245,1,17.65,0,Lost Customers,1
13164.0,204,2,127.4,0,Lost Customers,1
13165.0,48,1,51.36,1,Champions,0
13166.0,49,1,341.90999999999997,1,Champions,0
13167.0,25,1,318.7,1,Champions,0
13168.0,177,1,481.44,0,Lost Customers,1
13169.0,197,1,107.30000000000001,0,Lost Customers,1
13173.0,2,10,1859.71,1,Champions,0
13174.0,4,9,5977.89,2,At Risk,0
13175.0,217,2,669.15,0,Lost Customers,1
13177.0,65,1,229.75,1,Champions,0
13178.0,32,10,8118.59,2,At Risk,0
13179.0,253,1,572.3100000000001,0,Lost Customers,1
13180.0,242,1,86.10000000000001,0,Lost Customers,1
13181.0,16,1,359.69,1,Champions,0
13183.0,29,6,603.4,1,Champions,0
13187.0,259,3,72.7,0,Lost Customers,1
13190.0,179,3,274.5,0,Lost Customers,1
13191.0,293,1,163.27,0,Lost Customers,1
13192.0,170,4,1495.49,0,Lost Customers,1
13194.0,56,1,289.2,1,Champions,0
13195.0,49,1,126.78,1,Champions,0
13196.0,78,3,1056.41,1,Champions,0
13197.0,244,1,293.11,0,Lost Customers,1
13198.0,22,2,1421.36,1,Champions,0
13199.0,1,23,2571.3,2,At Risk,0
13201.0,137,4,1197.61,1,Champions,1
13202.0,29,7,1353.15,1,Champions,0
13203.0,21,6,1631.67,1,Champions,0
13204.0,366,1,878.76,0,Lost Customers,1
13206.0,35,13,7087.86,2,At Risk,0
13207.0,86,2,285.6,1,Champions,0
13208.0,84,3,609.23,1,Champions,0
13209.0,149,5,1048.6000000000001,0,Lost Customers,1
13211.0,32,6,799.64,1,Champions,0
13213.0,18,6,1675.25,1,Champions,0
13214.0,52,7,3058.71,1,Champions,0
13219.0,253,1,76.23,0,Lost Customers,1
13220.0,210,1,484.15,0,Lost Customers,1
13222.0,212,1,88.5,0,Lost Customers,1
13223.0,207,2,60.0,0,Lost Customers,1
13225.0,56,8,3705.5,1,Champions,0
13226.0,28,1,204.25,1,Champions,0
13230.0,0,17,2760.08,2,At Risk,0
13233.0,55,2,445.57,1,Champions,0
13234.0,307,2,322.36,0,Lost Customers,1
13237.0,22,1,623.1,1,Champions,0
13238.0,65,2,305.9,1,Champions,0
13239.0,72,4,947.14,1,Champions,0
13240.0,0,5,1008.37,1,Champions,0
13241.0,46,1,111.39,1,Champions,0
13242.0,86,4,429.0,1,Champions,0
13243.0,84,4,513.25,1,Champions,0
13245.0,67,1,538.8199999999999,1,Champions,0
13246.0,28,5,1283.78,1,Champions,0
13249.0,280,2,116.0,0,Lost Customers,1
13250.0,95,2,253.09,1,Champions,1
13251.0,37,1,252.26,1,Champions,0
13252.0,29,2,267.55,1,Champions,0
13253.0,65,2,1155.55,1,Champions,0
13254.0,11,1,44.45,1,Champions,0
13255.0,8,2,151.8,1,Champions,0
13257.0,71,1,81.95,1,Champions,0
13258.0,14,2,336.59999999999997,1,Champions,0
13259.0,32,8,918.85,1,Champions,0
13262.0,24,2,289.51,1,Champions,0
13263.0,28,4,1081.6200000000001,1,Champions,0
13264.0,77,1,672.96,1,Champions,0
13266.0,48,7,1903.36,1,Champions,0
13267.0,1,18,4695.66,2,At Risk,0
13269.0,4,13,2761.23,1,Champions,0
13274.0,44,1,289.75,1,Champions,0
13275.0,18,2,216.95000000000002,1,Champions,0
13276.0,32,3,1167.08,1,Champions,0
13277.0,15,3,264.9,1,Champions,0
13278.0,34,3,796.16,1,Champions,0
13280.0,14,4,1118.89,1,Champions,0
13281.0,74,1,344.55,1,Champions,0
13282.0,41,1,181.05,1,Champions,0
13283.0,202,2,258.40000000000003,0,Lost Customers,1
13285.0,235,2,561.73,0,Lost Customers,1
13286.0,235,1,567.41,0,Lost Customers,1
13287.0,238,3,750.89,0,Lost Customers,1
13288.0,144,2,189.4,0,Lost Customers,1
13289.0,358,1,236.25,0,Lost Customers,1
13291.0,49,10,2502.88,1,Champions,0
13292.0,50,3,359.17,1,Champions,0
13293.0,27,6,1083.79,1,Champions,0
13294.0,281,1,745.89,0,Lost Customers,1
13295.0,11,3,900.77,1,Champions,0
13296.0,58,5,684.3,1,Champions,0
13297.0,20,3,1004.83,1,Champions,0
13299.0,58,2,773.4000000000001,1,Champions,0
13300.0,23,2,734.22,1,Champions,0
13303.0,35,1,51.769999999999996,1,Champions,0
13304.0,90,3,779.09,1,Champions,0
13305.0,7,7,1410.24,1,Champions,0
13306.0,65,1,48.9,1,Champions,0
13307.0,122,2,232.84,1,Champions,1
13308.0,231,1,263.36,0,Lost Customers,1
13309.0,27,1,249.58,1,Champions,0
13310.0,15,2,409.17,1,Champions,0
13312.0,86,1,124.75,1,Champions,0
13313.0,114,6,1816.31,1,Champions,1
13315.0,324,1,299.82000000000005,0,Lost Customers,1
13316.0,27,6,1255.69,1,Champions,0
13317.0,20,13,3407.35,2,At Risk,0
13319.0,0,34,9600.0,2,At Risk,0
13320.0,69,2,679.4,1,Champions,0
13324.0,63,8,1136.0,1,Champions,0
13326.0,67,1,256.26,1,Champions,0
13327.0,0,13,5999.900000000001,2,At Risk,0
13329.0,1,7,1600.56,1,Champions,0
13330.0,90,3,1449.98,1,Champions,0
13331.0,36,1,165.5,1,Champions,0
13333.0,46,3,850.35,1,Champions,0
13334.0,171,2,2565.2,0,Lost Customers,1
13337.0,181,1,1230.59,0,Lost Customers,1
13338.0,176,3,1456.05,0,Lost Customers,1
13340.0,52,4,2482.7799999999997,1,Champions,0
13346.0,97,5,239.4,1,Champions,1
13357.0,129,4,2802.22,1,Champions,1
13359.0,38,1,543.8000000000001,1,Champions,0
13360.0,66,4,1304.29,1,Champions,0
13361.0,107,2,1450.5,1,Champions,1
13362.0,13,3,2134.57,1,Champions,0
13363.0,44,1,698.5,1,Champions,0
13367.0,66,1,359.4,1,Champions,0
13368.0,49,2,448.1,1,Champions,0
13369.0,0,1,238.38000000000002,1,Champions,0
13370.0,6,1,655.75,1,Champions,0
13371.0,140,2,1666.76,1,Champions,1
13373.0,50,3,3422.68,1,Champions,0
13374.0,49,2,372.8,1,Champions,0
13375.0,79,1,501.6,1,Champions,0
13377.0,31,2,1219.78,1,Champions,0
13380.0,67,1,62.4,1,Champions,0
13381.0,14,6,3745.36,1,Champions,0
13382.0,63,4,1164.59,1,Champions,0
13384.0,25,4,1843.86,1,Champions,0
13386.0,49,2,595.46,1,Champions,0
13387.0,52,1,176.12,1,Champions,0
13388.0,238,1,402.1,0,Lost Customers,1
13392.0,312,1,91.14,0,Lost Customers,1
13393.0,218,4,1046.31,0,Lost Customers,1
13394.0,14,11,3836.78,1,Champions,0
13395.0,35,2,703.67,1,Champions,0
13397.0,72,5,991.5,1,Champions,0
13398.0,83,1,193.1,1,Champions,0
13399.0,99,3,249.9,1,Champions,1
13400.0,217,1,303.15,0,Lost Customers,1
13402.0,7,3,899.98,1,Champions,0
13403.0,22,2,129.0,1,Champions,0
13405.0,116,3,432.8,1,Champions,1
13406.0,62,1,288.6,1,Champions,0
13407.0,234,2,1845.64,0,Lost Customers,1
13408.0,8,40,9822.630000000001,2,At Risk,0
13410.0,28,3,494.28000000000003,1,Champions,0
13412.0,255,1,390.34999999999997,0,Lost Customers,1
13413.0,274,5,146.63,0,Lost Customers,1
13414.0,98,3,567.48,1,Champions,1
13415.0,265,3,623.79,0,Lost Customers,1
13416.0,371,1,228.3,0,Lost Customers,1
13417.0,182,4,1028.66,0,Lost Customers,1
13418.0,7,15,4821.74,2,At Risk,0
13421.0,41,6,2003.85,1,Champions,0
13423.0,63,1,207.07999999999998,1,Champions,0
13424.0,84,1,572.77,1,Champions,0
13425.0,143,2,1657.21,1,Champions,1
13426.0,17,12,3814.7,2,At Risk,0
13427.0,112,3,413.98,1,Champions,1
13428.0,149,2,276.76,0,Lost Customers,1
13431.0,41,6,1443.64,1,Champions,0
13432.0,206,2,429.15,0,Lost Customers,1
13433.0,136,4,483.12,1,Champions,1
13434.0,20,3,691.98,1,Champions,0
13435.0,11,2,410.52,1,Champions,0
13438.0,182,1,46.5,0,Lost Customers,1
13439.0,23,2,577.45,1,Champions,0
13440.0,58,7,1221.6000000000001,1,Champions,0
13441.0,66,1,366.56,1,Champions,0
13442.0,302,3,279.02,0,Lost Customers,1
13443.0,83,5,979.63,1,Champions,0
13444.0,9,2,612.78,1,Champions,0
13445.0,261,1,201.0,0,Lost Customers,1
13446.0,65,11,3112.53,1,Champions,0
13448.0,8,8,4551.09,1,Champions,0
13450.0,9,7,1023.68,1,Champions,0
13451.0,16,6,4131.85,1,Champions,0
13453.0,37,1,379.31,1,Champions,0
13454.0,276,1,219.87,0,Lost Customers,1
13455.0,1,5,1469.29,1,Champions,0
13457.0,323,2,148.22,0,Lost Customers,1
13458.0,14,2,2139.3,1,Champions,0
13459.0,259,2,1047.49,0,Lost Customers,1
13461.0,42,3,804.6,1,Champions,0
13462.0,45,4,1002.35,1,Champions,0
13464.0,29,5,2153.81,1,Champions,0
13465.0,81,2,563.08,1,Champions,0
13466.0,43,4,647.3,1,Champions,0
13468.0,3,37,6698.93,2,At Risk,0
13469.0,288,1,62.5,0,Lost Customers,1
13472.0,98,2,585.28,1,Champions,1
13473.0,209,5,1199.5,0,Lost Customers,1
13474.0,78,2,344.93,1,Champions,0
13476.0,41,3,658.0500000000001,1,Champions,0
13477.0,90,5,1118.41,1,Champions,0
13478.0,104,5,1923.97,1,Champions,1
13479.0,87,2,530.52,1,Champions,0
13480.0,51,2,571.3000000000001,1,Champions,0
13481.0,9,6,1878.0800000000002,1,Champions,0
13482.0,262,1,151.45,0,Lost Customers,1
13484.0,18,2,446.27,1,Champions,0
13485.0,11,10,2169.57,1,Champions,0
13487.0,140,2,271.47,0,Lost Customers,1
13488.0,2,11,5043.32,2,At Risk,0
13490.0,289,1,66.19999999999999,0,Lost Customers,1
13491.0,7,18,3153.54,2,At Risk,0
13495.0,3,6,3125.07,1,Champions,0
13497.0,3,5,946.78,1,Champions,0
13498.0,365,1,217.55,0,Lost Customers,1
13500.0,36,1,229.88,1,Champions,0
13501.0,121,2,1401.19,1,Champions,1
13502.0,50,2,281.9,1,Champions,0
13503.0,114,4,1415.32,1,Champions,1
13506.0,4,4,1088.56,1,Champions,0
13508.0,277,1,165.64,0,Lost Customers,1
13509.0,142,1,60.0,0,Lost Customers,1
13510.0,10,6,2465.15,1,Champions,0
13511.0,311,1,236.81,0,Lost Customers,1
13512.0,22,3,442.28000000000003,1,Champions,0
13513.0,76,2,619.49,1,Champions,0
13514.0,63,3,584.4,1,Champions,0
13515.0,84,2,374.7,1,Champions,0
13516.0,52,1,246.25,1,Champions,0
13519.0,77,1,220.46,1,Champions,0
13520.0,6,6,2658.31,1,Champions,0
13523.0,1,2,986.87,1,Champions,0
13526.0,373,2,408.56,0,Lost Customers,1
13527.0,53,5,2230.83,1,Champions,0
13530.0,269,1,402.97999999999996,0,Lost Customers,1
13531.0,1,5,1073.17,1,Champions,0
13534.0,14,10,1809.42,1,Champions,0
13537.0,60,2,593.5,1,Champions,0
13538.0,31,5,1659.03,1,Champions,0
13539.0,55,4,816.1700000000001,1,Champions,0
13540.0,102,3,597.74,1,Champions,1
13541.0,62,2,500.25,1,Champions,0
13542.0,11,17,3820.34,2,At Risk,0
13543.0,269,2,1255.26,0,Lost Customers,1
13544.0,46,4,478.4,1,Champions,0
13545.0,25,2,352.33,1,Champions,0
13546.0,17,2,394.25,1,Champions,0
13547.0,43,1,157.13,1,Champions,0
13548.0,106,1,203.89000000000001,1,Champions,1
13549.0,22,1,87.6,1,Champions,0
13550.0,18,1,286.75,1,Champions,0
13551.0,301,1,152.39999999999998,0,Lost Customers,1
13552.0,63,10,2418.45,1,Champions,0
13553.0,309,1,447.52,0,Lost Customers,1
13554.0,15,7,1294.77,1,Champions,0
13555.0,13,8,3652.8,1,Champions,0
13556.0,64,2,186.9,1,Champions,0
13557.0,50,11,2346.92,1,Champions,0
13561.0,32,10,1517.47,1,Champions,0
13562.0,36,5,2923.8,1,Champions,0
13564.0,3,34,13383.39,2,At Risk,0
13565.0,46,1,174.57999999999998,1,Champions,0
13566.0,69,3,807.59,1,Champions,0
13567.0,63,4,1037.16,1,Champions,0
13569.0,2,3,497.55,1,Champions,0
13571.0,17,14,2286.89,1,Champions,0
13573.0,14,4,359.17,1,Champions,0
13574.0,46,1,321.75,1,Champions,0
13576.0,8,11,2160.71,1,Champions,0
13577.0,17,7,1761.62,1,Champions,0
13578.0,44,1,76.14,1,Champions,0
13579.0,4,4,977.6800000000001,1,Champions,0
13580.0,41,1,67.8,1,Champions,0
13581.0,49,1,162.53,1,Champions,0
13582.0,24,2,241.68,1,Champions,0
13583.0,314,1,664.0,0,Lost Customers,1
13584.0,133,2,201.3,1,Champions,1
13585.0,165,2,366.05,0,Lost Customers,1
13586.0,176,1,127.28,0,Lost Customers,1
13587.0,84,3,417.90000000000003,1,Champions,0
13589.0,84,4,534.29,1,Champions,0
13590.0,10,12,3523.84,1,Champions,0
13591.0,70,3,703.96,1,Champions,0
13593.0,22,9,3164.86,1,Champions,0
13594.0,120,1,85.35000000000001,1,Champions,1
13595.0,151,3,738.08,0,Lost Customers,1
13597.0,35,2,389.15,1,Champions,0
13598.0,130,4,585.67,1,Champions,1
13599.0,1,12,3491.14,1,Champions,0
13600.0,269,1,102.35000000000001,0,Lost Customers,1
13601.0,27,2,433.21999999999997,1,Champions,0
13602.0,16,3,596.28,1,Champions,0
13604.0,293,1,263.12,0,Lost Customers,1
13605.0,22,2,453.13,1,Champions,0
13607.0,37,1,400.3,1,Champions,0
13608.0,175,1,232.05,0,Lost Customers,1
13609.0,228,1,51.650000000000006,0,Lost Customers,1
13610.0,22,7,930.48,1,Champions,0
13611.0,9,7,2096.88,1,Champions,0
13612.0,267,1,772.89,0,Lost Customers,1
13613.0,87,5,1007.2,1,Champions,0
13614.0,28,2,517.63,1,Champions,0
13615.0,34,7,5072.79,1,Champions,0
13616.0,203,2,247.95,0,Lost Customers,1
13617.0,43,5,530.22,1,Champions,0
13619.0,179,2,189.49,0,Lost Customers,1
13620.0,163,1,52.34,0,Lost Customers,1
13622.0,331,1,611.66,0,Lost Customers,1
13623.0,15,5,1322.6100000000001,1,Champions,0
13624.0,23,1,293.37,1,Champions,0
13625.0,231,1,230.36,0,Lost Customers,1
13626.0,14,1,295.26,1,Champions,0
13627.0,123,2,508.23,1,Champions,1
13628.0,311,1,310.14,0,Lost Customers,1
13632.0,29,3,1466.28,1,Champions,0
13634.0,11,10,3192.3,1,Champions,0
13635.0,77,3,1848.23,1,Champions,0
13639.0,71,1,312.93,1,Champions,0
13640.0,246,1,405.0,0,Lost Customers,1
13641.0,275,4,616.75,0,Lost Customers,1
13642.0,67,3,146.3,1,Champions,0
13643.0,17,7,1437.53,1,Champions,0
13646.0,34,2,266.5,1,Champions,0
13647.0,129,3,971.78,1,Champions,1
13648.0,35,8,1715.82,1,Champions,0
13649.0,1,5,1147.6200000000001,1,Champions,0
13650.0,9,4,1324.7,1,Champions,0
13651.0,16,1,57.35,1,Champions,0
13652.0,3,3,1436.98,1,Champions,0
13653.0,122,1,152.2,1,Champions,1
13654.0,15,5,3195.73,1,Champions,0
13655.0,9,4,1084.79,1,Champions,0
13656.0,134,2,699.2,1,Champions,1
13658.0,18,4,2873.05,1,Champions,0
13659.0,51,10,2752.71,1,Champions,0
13660.0,35,1,253.04,1,Champions,0
13661.0,238,1,299.74,0,Lost Customers,1
13662.0,20,8,1163.55,1,Champions,0
13663.0,15,4,1632.14,1,Champions,0
13665.0,21,3,1483.6,1,Champions,0
13666.0,55,2,30.5,1,Champions,0
13668.0,18,13,4577.37,2,At Risk,0
13669.0,42,1,135.0,1,Champions,0
13671.0,29,1,172.6,1,Champions,0
13672.0,365,1,233.53000000000003,0,Lost Customers,1
13674.0,67,1,200.88,1,Champions,0
13676.0,174,2,153.15,0,Lost Customers,1
13677.0,39,2,277.07,1,Champions,0
13679.0,128,3,281.26,1,Champions,1
13680.0,106,8,4481.21,1,Champions,1
13683.0,92,1,258.6,1,Champions,1
13684.0,25,3,493.5,1,Champions,0
13686.0,15,2,323.12,1,Champions,0
13688.0,270,1,190.5,0,Lost Customers,1
13689.0,79,1,19.5,1,Champions,0
13691.0,31,1,211.62,1,Champions,0
13692.0,43,2,1151.65,1,Champions,0
13693.0,9,9,1556.3300000000002,1,Champions,0
13694.0,8,40,10221.0,2,At Risk,0
13695.0,212,1,71.39999999999999,0,Lost Customers,1
13696.0,56,3,867.4000000000001,1,Champions,0
13698.0,231,2,364.27,0,Lost Customers,1
13699.0,185,1,345.42,0,Lost Customers,1
13700.0,52,3,296.86,1,Champions,0
13701.0,81,1,161.0,1,Champions,0
13702.0,80,1,135.18,1,Champions,0
13703.0,50,1,290.26,1,Champions,0
13705.0,8,5,1158.47,1,Champions,0
13706.0,261,1,236.63,0,Lost Customers,1
13707.0,64,3,2103.75,1,Champions,0
13709.0,81,5,1170.5,1,Champions,0
13710.0,58,2,329.04,1,Champions,0
13711.0,41,7,1377.8200000000002,1,Champions,0
13712.0,245,1,232.89,0,Lost Customers,1
13713.0,43,3,660.96,1,Champions,0
13714.0,100,1,113.95,1,Champions,1
13715.0,7,13,6489.82,2,At Risk,0
13717.0,92,2,304.37,1,Champions,1
13719.0,28,6,1652.85,1,Champions,0
13721.0,30,1,217.39999999999998,1,Champions,0
13722.0,55,7,2565.5,1,Champions,0
13723.0,27,5,890.38,1,Champions,0
13724.0,272,1,213.01,0,Lost Customers,1
13727.0,246,6,476.42,0,Lost Customers,1
13728.0,22,10,1804.18,1,Champions,0
13729.0,70,3,476.73,1,Champions,0
13733.0,45,2,422.91,1,Champions,0
13734.0,143,2,107.3,0,Lost Customers,1
13735.0,11,9,5685.36,2,At Risk,0
13736.0,60,5,1781.33,1,Champions,0
13738.0,31,1,397.13,1,Champions,0
13739.0,162,1,75.3,0,Lost Customers,1
13740.0,50,4,1039.89,1,Champions,0
13745.0,181,1,414.32,0,Lost Customers,1
13746.0,48,1,163.94,1,Champions,0
13747.0,59,1,50.4,1,Champions,0
13748.0,17,4,715.0,1,Champions,0
13750.0,48,4,1060.68,1,Champions,0
13752.0,162,1,313.65000000000003,0,Lost Customers,1
13753.0,233,3,1266.91,0,Lost Customers,1
13754.0,72,1,131.60000000000002,1,Champions,0
13756.0,20,9,2666.7400000000002,1,Champions,0
13757.0,309,1,42.55,0,Lost Customers,1
13758.0,1,9,4286.78,1,Champions,0
13760.0,39,3,641.2,1,Champions,0
13761.0,137,4,749.37,1,Champions,1
13762.0,284,2,231.60000000000002,0,Lost Customers,1
13763.0,52,2,1028.64,1,Champions,0
13764.0,204,3,1301.74,0,Lost Customers,1
13765.0,288,1,248.86,0,Lost Customers,1
13766.0,130,1,190.35,1,Champions,1
13767.0,4,38,12884.08,2,At Risk,0
13768.0,361,2,810.6700000000001,0,Lost Customers,1
13769.0,2,11,2379.31,1,Champions,0
13770.0,71,2,335.43,1,Champions,0
13771.0,168,5,2612.8,0,Lost Customers,1
13772.0,35,5,1615.54,1,Champions,0
13773.0,31,2,301.54,1,Champions,0
13775.0,225,1,985.91,0,Lost Customers,1
13777.0,8,20,3784.56,2,At Risk,0
13778.0,126,3,742.15,1,Champions,1
13779.0,150,1,135.63,0,Lost Customers,1
13780.0,42,1,370.90000000000003,1,Champions,0
13781.0,227,2,638.24,0,Lost Customers,1
13782.0,88,7,622.54,1,Champions,0
13784.0,69,3,167.9,1,Champions,0
13785.0,63,4,407.89,1,Champions,0
13786.0,2,6,2486.64,1,Champions,0
13787.0,93,4,798.52,1,Champions,1
13788.0,140,1,3.75,0,Lost Customers,1
13789.0,23,1,239.45999999999998,1,Champions,0
13792.0,57,1,103.2,1,Champions,0
13793.0,281,1,96.0,0,Lost Customers,1
13794.0,181,1,108.13,0,Lost Customers,1
13795.0,39,3,362.84999999999997,1,Champions,0
13796.0,134,1,278.75,1,Champions,1
13797.0,71,3,1010.6,1,Champions,0
13798.0,10,42,6888.41,2,At Risk,0
13799.0,79,7,1705.48,1,Champions,0
13800.0,65,2,593.45,1,Champions,0
13802.0,9,16,8015.56,2,At Risk,0
13803.0,66,2,962.5600000000001,1,Champions,0
13804.0,70,2,572.73,1,Champions,0
13807.0,2,3,341.85,1,Champions,0
13809.0,29,2,246.25,1,Champions,0
13813.0,162,4,1104.93,0,Lost Customers,1
13814.0,162,1,598.8,0,Lost Customers,1
13815.0,41,4,2493.05,1,Champions,0
13818.0,64,1,61.28,1,Champions,0
13819.0,304,3,1276.5,0,Lost Customers,1
13820.0,53,3,617.3,1,Champions,0
13821.0,28,4,932.4,1,Champions,0
13823.0,15,5,2044.19,1,Champions,0
13824.0,14,7,1298.96,1,Champions,0
13825.0,256,2,230.39,0,Lost Customers,1
13829.0,56,1,102.0,1,Champions,0
13830.0,216,1,110.20000000000002,0,Lost Customers,1
13831.0,4,12,2089.05,1,Champions,0
13832.0,57,1,370.4,1,Champions,0
13833.0,39,1,238.70000000000002,1,Champions,0
13834.0,211,2,195.5,0,Lost Customers,1
13835.0,154,3,178.3,0,Lost Customers,1
13836.0,34,2,462.47,1,Champions,0
13838.0,4,7,1160.23,1,Champions,0
13839.0,121,1,139.95000000000002,1,Champions,1
13840.0,51,1,579.8000000000001,1,Champions,0
13842.0,1,10,1863.75,1,Champions,0
13843.0,16,1,260.05,1,Champions,0
13846.0,34,1,442.73,1,Champions,0
13847.0,354,1,237.82,0,Lost Customers,1
13849.0,32,3,1601.54,1,Champions,0
13851.0,14,4,1578.1000000000001,1,Champions,0
13852.0,245,1,187.35000000000002,0,Lost Customers,1
13854.0,0,15,1856.6,1,Champions,0
13855.0,135,4,1185.8500000000001,1,Champions,1
13856.0,98,7,452.17,1,Champions,1
13857.0,28,6,919.26,1,Champions,0
13859.0,164,1,81.15,0,Lost Customers,1
13861.0,64,2,240.60999999999999,1,Champions,0
13862.0,24,1,346.73,1,Champions,0
13863.0,100,3,795.37,1,Champions,1
13869.0,16,6,4318.19,1,Champions,0
13870.0,22,7,1996.1399999999999,1,Champions,0
13871.0,63,4,1391.8,1,Champions,0
13872.0,162,3,862.37,0,Lost Customers,1
13873.0,18,5,443.1,1,Champions,0
13874.0,139,6,1483.2,1,Champions,1
13875.0,22,9,2563.52,1,Champions,0
13877.0,105,2,240.9,1,Champions,1
13878.0,182,3,873.53,0,Lost Customers,1
13879.0,280,1,375.6,0,Lost Customers,1
13880.0,2,5,1171.89,1,Champions,0
13881.0,57,16,6702.740000000001,2,At Risk,0
13883.0,38,9,3239.44,1,Champions,0
13884.0,11,5,977.73,1,Champions,0
13888.0,39,5,1177.47,1,Champions,0
13889.0,17,5,1574.3300000000002,1,Champions,0
13890.0,9,4,1011.12,1,Champions,0
13891.0,13,3,786.9,1,Champions,0
13892.0,210,1,12.600000000000001,0,Lost Customers,1
13895.0,150,2,1135.4,0,Lost Customers,1
13896.0,260,1,261.05,0,Lost Customers,1
13897.0,73,2,810.77,1,Champions,0
13898.0,46,1,499.22999999999996,1,Champions,0
13900.0,24,3,793.32,1,Champions,0
13901.0,9,10,2318.12,1,Champions,0
13902.0,359,1,357.66,0,Lost Customers,1
13903.0,35,1,165.45000000000002,1,Champions,0
13905.0,367,1,301.70000000000005,0,Lost Customers,1
13907.0,326,1,136.8,0,Lost Customers,1
13909.0,58,2,199.39,1,Champions,0
13911.0,14,11,1164.87,1,Champions,0
13912.0,58,1,124.95,1,Champions,0
13913.0,141,1,13.52,0,Lost Customers,1
13915.0,29,1,70.80000000000001,1,Champions,0
13916.0,98,4,1056.96,1,Champions,1
13919.0,59,2,823.75,1,Champions,0
13920.0,66,4,1107.3,1,Champions,0
13921.0,37,4,620.75,1,Champions,0
13922.0,72,2,557.65,1,Champions,0
13927.0,72,1,318.95,1,Champions,0
13929.0,51,7,1299.39,1,Champions,0
13931.0,27,9,3671.94,1,Champions,0
13935.0,231,3,3013.7,0,Lost Customers,1
13936.0,17,2,528.18,1,Champions,0
13937.0,37,1,658.65,1,Champions,0
13939.0,66,4,847.75,1,Champions,0
13941.0,7,9,2059.6800000000003,1,Champions,0
13943.0,212,1,221.04,0,Lost Customers,1
13944.0,288,1,192.87,0,Lost Customers,1
13945.0,29,2,764.55,1,Champions,0
13946.0,11,3,737.5,1,Champions,0
13948.0,46,3,382.5,1,Champions,0
13952.0,15,11,6425.150000000001,2,At Risk,0
13955.0,10,1,135.3,1,Champions,0
13957.0,52,3,438.35,1,Champions,0
13958.0,14,8,3533.9100000000003,1,Champions,0
13959.0,34,3,435.77,1,Champions,0
13961.0,27,1,470.25,1,Champions,0
13962.0,70,1,180.5,1,Champions,0
13963.0,2,14,1995.65,1,Champions,0
13964.0,22,2,438.9,1,Champions,0
13965.0,111,3,475.20000000000005,1,Champions,1
13966.0,70,1,263.3,1,Champions,0
13967.0,31,1,65.7,1,Champions,0
13968.0,58,1,123.66,1,Champions,0
13969.0,0,18,4017.14,2,At Risk,0
13970.0,21,2,359.35,1,Champions,0
13971.0,58,6,1791.24,1,Champions,0
13974.0,217,1,244.23000000000002,0,Lost Customers,1
13975.0,28,6,2694.89,1,Champions,0
13976.0,141,3,714.78,1,Champions,1
13977.0,46,1,519.8100000000001,1,Champions,0
13979.0,28,6,2374.52,1,Champions,0
13980.0,74,4,496.82,1,Champions,0
13981.0,50,1,257.55,1,Champions,0
13982.0,0,6,2126.72,1,Champions,0
13983.0,1,10,3497.53,1,Champions,0
13984.0,1,8,1034.49,1,Champions,0
13985.0,9,7,2907.93,1,Champions,0
13987.0,14,2,675.58,1,Champions,0
13988.0,18,2,599.89,1,Champions,0
13989.0,99,3,670.46,1,Champions,1
13992.0,15,2,142.7,1,Champions,0
13993.0,14,10,2868.7000000000003,1,Champions,0
13995.0,14,9,2440.28,1,Champions,0
13996.0,21,2,723.6,1,Champions,0
13997.0,154,2,262.51,0,Lost Customers,1
13998.0,81,3,449.1,1,Champions,0
13999.0,9,17,5322.35,2,At Risk,0
14000.0,49,4,1011.2,1,Champions,0
14001.0,8,7,2283.01,1,Champions,0
14003.0,367,1,199.32999999999998,0,Lost Customers,1
14004.0,28,4,1366.7,1,Champions,0
14006.0,163,4,491.4,0,Lost Customers,1
14007.0,147,1,59.58,0,Lost Customers,1
14008.0,67,1,509.04,1,Champions,0
14009.0,97,1,299.3,1,Champions,1
14010.0,200,2,445.15,0,Lost Customers,1
14011.0,115,2,395.9,1,Champions,1
14013.0,15,2,550.6,1,Champions,0
14014.0,11,2,1100.49,1,Champions,0
14016.0,31,7,5377.06,1,Champions,0
14017.0,206,1,217.0,0,Lost Customers,1
14018.0,280,1,341.95000000000005,0,Lost Customers,1
14020.0,111,2,494.71,1,Champions,1
14021.0,9,4,932.3100000000001,1,Champions,0
14022.0,121,1,352.15000000000003,1,Champions,1
14024.0,25,1,254.74,1,Champions,0
14025.0,99,8,3027.23,1,Champions,1
14026.0,105,2,713.11,1,Champions,1
14030.0,1,14,4472.22,2,At Risk,0
14031.0,0,26,14916.83,2,At Risk,0
14032.0,1,6,1700.44,1,Champions,0
14035.0,41,4,1151.94,1,Champions,0
14037.0,113,4,635.37,1,Champions,1
14038.0,32,2,1325.8,1,Champions,0
14039.0,210,1,31.8,0,Lost Customers,1
14040.0,21,23,8064.76,2,At Risk,0
14042.0,360,1,402.08,0,Lost Customers,1
14043.0,126,2,208.75,1,Champions,1
14044.0,53,6,2140.41,1,Champions,0
14045.0,175,3,578.0,0,Lost Customers,1
14047.0,7,10,2647.85,1,Champions,0
14048.0,17,1,298.81,1,Champions,0
14049.0,22,9,5692.53,2,At Risk,0
14051.0,1,15,6212.09,2,At Risk,0
14052.0,25,1,198.85,1,Champions,0
14053.0,32,2,68.25,1,Champions,0
14055.0,212,2,395.75,0,Lost Customers,1
14057.0,16,5,1748.33,1,Champions,0
14058.0,97,2,443.69,1,Champions,1
14060.0,1,11,1536.96,1,Champions,0
14061.0,359,2,441.98,0,Lost Customers,1
14062.0,9,11,6749.7,2,At Risk,0
14063.0,321,3,274.94,0,Lost Customers,1
14064.0,65,10,1568.97,1,Champions,0
14065.0,24,3,790.84,1,Champions,0
14068.0,238,3,1084.82,0,Lost Customers,1
14069.0,149,2,187.36,0,Lost Customers,1
14070.0,319,1,243.45000000000002,0,Lost Customers,1
14072.0,301,1,319.95,0,Lost Customers,1
14074.0,258,1,50.599999999999994,0,Lost Customers,1
14075.0,38,2,574.26,1,Champions,0
14077.0,30,1,108.1,1,Champions,0
14078.0,8,4,579.58,1,Champions,0
14080.0,48,4,554.58,1,Champions,0
14081.0,4,9,3791.84,1,Champions,0
14082.0,27,1,231.10999999999999,1,Champions,0
14083.0,6,3,346.4,1,Champions,0
14084.0,147,1,56.4,0,Lost Customers,1
14085.0,3,15,4899.1900000000005,2,At Risk,0
14087.0,39,2,531.16,1,Champions,0
14088.0,41,2,5264.49,1,Champions,0
14092.0,9,10,2863.32,1,Champions,0
14094.0,74,1,234.37,1,Champions,0
14095.0,357,1,2.95,0,Lost Customers,1
14097.0,116,2,349.77,1,Champions,1
14099.0,10,9,2598.03,1,Champions,0
14101.0,105,4,580.86,1,Champions,1
14104.0,24,3,422.33,1,Champions,0
14105.0,43,4,4262.84,1,Champions,0
14107.0,83,4,1895.49,1,Champions,0
14108.0,366,2,406.25,0,Lost Customers,1
14110.0,70,21,5436.52,2,At Risk,0
14112.0,86,6,2808.34,1,Champions,0
14113.0,10,9,2761.4700000000003,1,Champions,0
14114.0,30,5,851.7,1,Champions,0
14115.0,136,2,322.07,1,Champions,1
14118.0,63,1,279.35,1,Champions,0
14119.0,10,2,117.04,1,Champions,0
14122.0,41,2,252.82000000000002,1,Champions,0
14123.0,368,1,423.43,0,Lost Customers,1
14126.0,79,1,432.51,1,Champions,0
14127.0,15,3,1113.57,1,Champions,0
14128.0,186,1,283.35,0,Lost Customers,1
14129.0,34,4,1427.1599999999999,1,Champions,0
14130.0,10,3,1132.93,1,Champions,0
14131.0,283,1,168.22,0,Lost Customers,1
14133.0,368,1,116.1,0,Lost Customers,1
14134.0,17,14,6576.61,2,At Risk,0
14135.0,2,10,1256.3600000000001,1,Champions,0
14136.0,35,5,1417.99,1,Champions,0
14137.0,330,1,188.7,0,Lost Customers,1
14139.0,125,3,631.18,1,Champions,1
14142.0,8,2,624.51,1,Champions,0
14144.0,121,1,30.599999999999998,1,Champions,1
14146.0,18,7,4322.75,1,Champions,0
14147.0,23,5,565.8,1,Champions,0
14148.0,49,1,181.59,1,Champions,0
14151.0,308,2,646.8,0,Lost Customers,1
14152.0,22,5,1263.16,1,Champions,0
14153.0,118,1,233.4,1,Champions,1
14154.0,16,5,4335.18,1,Champions,0
14156.0,6,74,41588.3,3,Loyal Customers,0
14157.0,24,3,543.85,1,Champions,0
14159.0,14,9,2801.77,1,Champions,0
14160.0,245,6,2317.87,0,Lost Customers,1
14161.0,4,5,1971.6200000000001,1,Champions,0
14163.0,97,1,148.71,1,Champions,1
14166.0,140,2,221.3,0,Lost Customers,1
14167.0,99,4,642.05,1,Champions,1
14168.0,55,2,330.65,1,Champions,0
14169.0,65,2,441.91,1,Champions,0
14170.0,10,3,475.77,1,Champions,0
14171.0,365,1,135.0,0,Lost Customers,1
14172.0,240,3,188.82,0,Lost Customers,1
14173.0,276,2,135.16,0,Lost Customers,1
14175.0,53,5,3320.9500000000003,1,Champions,0
14176.0,2,2,319.21000000000004,1,Champions,0
14177.0,16,7,1048.43,1,Champions,0
14180.0,7,9,472.18,1,Champions,0
14181.0,45,2,295.6,1,Champions,0
14182.0,78,4,640.52,1,Champions,0
14183.0,46,2,250.49,1,Champions,0
14186.0,62,5,1444.19,1,Champions,0
14187.0,108,1,110.75,1,Champions,1
14189.0,3,2,761.1800000000001,1,Champions,0
14191.0,29,2,132.9,1,Champions,0
14192.0,23,1,293.74,1,Champions,0
14193.0,31,1,356.8,1,Champions,0
14194.0,27,14,6520.84,2,At Risk,0
14197.0,45,1,327.7,1,Champions,0
14198.0,35,5,674.75,1,Champions,0
14199.0,58,2,552.6,1,Champions,0
14200.0,252,1,359.3,0,Lost Customers,1
14201.0,44,3,396.35,1,Champions,0
14202.0,16,3,426.01,1,Champions,0
14203.0,32,1,182.09,1,Champions,0
14204.0,57,3,719.02,1,Champions,0
14205.0,29,7,1396.8300000000002,1,Champions,0
14206.0,23,2,684.15,1,Champions,0
14207.0,322,1,157.8,0,Lost Customers,1
14208.0,186,1,315.9,0,Lost Customers,1
14209.0,20,9,2264.83,1,Champions,0
14210.0,6,11,3546.36,1,Champions,0
14211.0,46,8,1975.54,1,Champions,0
14212.0,80,1,136.0,1,Champions,0
14215.0,3,4,1268.41,1,Champions,0
14216.0,49,1,255.39,1,Champions,0
14217.0,1,7,1030.91,1,Champions,0
14219.0,44,2,436.74,1,Champions,0
14220.0,202,2,532.2,0,Lost Customers,1
14221.0,84,8,2928.81,1,Champions,0
14224.0,25,5,565.73,1,Champions,0
14225.0,69,4,1771.23,1,Champions,0
14226.0,76,1,633.84,1,Champions,0
14227.0,49,5,2815.83,1,Champions,0
14228.0,72,3,695.6,1,Champions,0
14229.0,38,4,646.19,1,Champions,0
14230.0,70,3,696.2,1,Champions,0
14231.0,85,1,309.91,1,Champions,0
14233.0,100,3,1164.15,1,Champions,1
14235.0,133,4,1446.77,1,Champions,1
14236.0,7,4,1209.23,1,Champions,0
14237.0,8,2,360.85,1,Champions,0
14238.0,297,2,148.08,0,Lost Customers,1
14239.0,66,10,1856.8200000000002,1,Champions,0
14240.0,58,1,338.2,1,Champions,0
14243.0,0,8,4348.35,1,Champions,0
14244.0,295,1,245.45999999999998,0,Lost Customers,1
14247.0,39,4,512.96,1,Champions,0
14248.0,94,2,603.53,1,Champions,1
14249.0,45,12,4406.36,2,At Risk,0
14252.0,16,1,130.99,1,Champions,0
14253.0,128,2,330.75,1,Champions,1
14254.0,67,1,601.03,1,Champions,0
14256.0,126,3,1290.08,1,Champions,1
14257.0,15,4,2548.73,1,Champions,0
14258.0,30,16,8628.6,2,At Risk,0
14260.0,106,3,761.8,1,Champions,1
14263.0,58,1,322.93,1,Champions,0
14264.0,14,4,1033.49,1,Champions,0
14265.0,99,2,742.57,1,Champions,1
14266.0,63,1,40.56,1,Champions,0
14268.0,105,1,354.85,1,Champions,1
14269.0,74,1,180.33,1,Champions,0
14271.0,44,1,101.86,1,Champions,0
14272.0,197,2,424.42,0,Lost Customers,1
14274.0,321,1,256.6,0,Lost Customers,1
14275.0,30,6,894.18,1,Champions,0
14276.0,42,4,982.94,1,Champions,0
14277.0,46,4,692.28,1,Champions,0
14278.0,44,1,154.83,1,Champions,0
14279.0,155,2,191.86,0,Lost Customers,1
14281.0,43,1,137.65,1,Champions,0
14282.0,2,10,1379.4,1,Champions,0
14283.0,98,4,571.08,1,Champions,1
14284.0,288,1,636.45,0,Lost Customers,1
14285.0,148,4,1074.21,0,Lost Customers,1
14286.0,39,4,3252.62,1,Champions,0
14290.0,48,3,2047.21,1,Champions,0
14291.0,15,12,3544.29,1,Champions,0
14292.0,45,6,2045.38,1,Champions,0
14293.0,3,6,1664.0500000000002,1,Champions,0
14294.0,42,1,375.34,1,Champions,0
14295.0,73,3,1684.51,1,Champions,0
14296.0,56,2,403.85,1,Champions,0
14298.0,10,34,24064.18,2,At Risk,0
14299.0,0,18,3695.1400000000003,2,At Risk,0
14301.0,51,3,868.69,1,Champions,0
14302.0,65,3,577.3000000000001,1,Champions,0
14303.0,42,2,277.94,1,Champions,0
14304.0,14,2,1301.5,1,Champions,0
14306.0,312,1,119.16,0,Lost Customers,1
14307.0,8,5,1950.08,1,Champions,0
14309.0,48,2,1197.92,1,Champions,0
14310.0,67,1,492.1,1,Champions,0
14311.0,202,1,206.19,0,Lost Customers,1
14312.0,13,5,1119.59,1,Champions,0
14314.0,65,1,109.80000000000001,1,Champions,0
14315.0,199,2,675.29,0,Lost Customers,1
14316.0,182,4,269.58,0,Lost Customers,1
14318.0,95,1,144.1,1,Champions,1
14319.0,59,1,473.85,1,Champions,0
14320.0,181,3,695.61,0,Lost Customers,1
14321.0,66,2,539.86,1,Champions,0
14322.0,64,4,423.1,1,Champions,0
14324.0,44,2,689.01,1,Champions,0
14325.0,204,1,221.48000000000002,0,Lost Customers,1
14326.0,98,2,672.0500000000001,1,Champions,1
14327.0,17,5,1506.52,1,Champions,0
14329.0,10,8,4126.43,1,Champions,0
14330.0,258,1,200.63,0,Lost Customers,1
14332.0,16,2,1077.2,1,Champions,0
14334.0,60,4,1571.43,1,Champions,0
14338.0,171,1,269.8,0,Lost Customers,1
14339.0,63,1,260.35,1,Champions,0
14341.0,55,10,2194.38,1,Champions,0
14342.0,107,1,144.33,1,Champions,1
14343.0,56,4,1069.71,1,Champions,0
14344.0,2,13,2035.1200000000001,1,Champions,0
14346.0,60,3,1060.61,1,Champions,0
14347.0,371,1,82.6,0,Lost Customers,1
14350.0,15,2,559.27,1,Champions,0
14353.0,45,2,266.0,1,Champions,0
14355.0,0,3,830.9300000000001,1,Champions,0
14358.0,24,2,393.09999999999997,1,Champions,0
14361.0,213,1,179.28,0,Lost Customers,1
14363.0,37,2,214.72000000000003,1,Champions,0
14365.0,29,2,594.88,1,Champions,0
14366.0,160,1,136.0,0,Lost Customers,1
14369.0,277,2,449.23,0,Lost Customers,1
14370.0,123,5,644.73,1,Champions,1
14372.0,78,2,501.28000000000003,1,Champions,0
14374.0,176,1,79.30000000000001,0,Lost Customers,1
14375.0,85,2,638.75,1,Champions,0
14376.0,318,1,215.46,0,Lost Customers,1
14378.0,256,1,118.5,0,Lost Customers,1
14379.0,28,2,706.96,1,Champions,0
14381.0,86,1,418.21999999999997,1,Champions,0
14382.0,25,1,553.02,1,Champions,0
14384.0,135,1,58.5,1,Champions,1
14388.0,7,9,3203.51,1,Champions,0
14389.0,59,3,700.6,1,Champions,0
14390.0,7,5,1511.01,1,Champions,0
14391.0,211,1,135.6,0,Lost Customers,1
14392.0,67,1,206.7,1,Champions,0
14394.0,199,1,93.8,0,Lost Customers,1
14395.0,7,11,4236.86,2,At Risk,0
14396.0,6,6,1521.27,1,Champions,0
14398.0,36,2,662.39,1,Champions,0
14399.0,29,8,2035.08,1,Champions,0
14400.0,43,2,695.53,1,Champions,0
14401.0,59,9,2329.99,1,Champions,0
14402.0,287,1,105.6,0,Lost Customers,1
14403.0,224,1,83.4,0,Lost Customers,1
14404.0,4,8,978.78,1,Champions,0
14408.0,367,1,232.20000000000002,0,Lost Customers,1
14409.0,15,3,1219.2,1,Champions,0
14410.0,11,2,1396.52,1,Champions,0
14412.0,59,1,574.56,1,Champions,0
14413.0,45,2,275.48,1,Champions,0
14414.0,9,1,595.2,1,Champions,0
14415.0,14,10,5558.27,2,At Risk,0
14417.0,22,1,399.73,1,Champions,0
14419.0,17,1,202.85,1,Champions,0
14420.0,31,3,1035.38,1,Champions,0
14421.0,147,4,1579.44,1,Champions,1
14422.0,9,13,5615.900000000001,2,At Risk,0
14423.0,72,1,141.65,1,Champions,0
14425.0,69,3,633.5500000000001,1,Champions,0
14426.0,38,7,6203.74,2,At Risk,0
14427.0,129,2,545.48,1,Champions,1
14429.0,38,1,516.28,1,Champions,0
14430.0,146,3,1083.8000000000002,0,Lost Customers,1
14431.0,14,3,1392.2,1,Champions,0
14433.0,100,1,260.8,1,Champions,1
14435.0,136,1,37.5,1,Champions,1
14436.0,188,1,30.0,0,Lost Customers,1
14437.0,0,5,829.36,1,Champions,0
14439.0,78,4,4946.72,1,Champions,0
14440.0,0,8,3608.7000000000003,1,Champions,0
14441.0,9,6,2066.7000000000003,1,Champions,0
14442.0,49,4,1645.05,1,Champions,0
14443.0,3,2,966.27,1,Champions,0
14444.0,91,1,106.16,1,Champions,1
14445.0,90,1,221.65,1,Champions,0
14446.0,21,1,189.93,1,Champions,0
14447.0,35,1,528.6,1,Champions,0
14449.0,7,5,1510.55,1,Champions,0
14450.0,14,4,645.19,1,Champions,0
14451.0,24,10,2412.27,1,Champions,0
14452.0,30,2,389.95,1,Champions,0
14454.0,11,5,895.0,1,Champions,0
14455.0,67,4,518.88,1,Champions,0
14458.0,15,1,207.31,1,Champions,0
14459.0,286,1,2824.1,0,Lost Customers,1
14460.0,31,5,461.64,1,Champions,0
14461.0,17,9,3988.9900000000002,1,Champions,0
14462.0,67,1,176.34,1,Champions,0
14463.0,134,1,81.75,1,Champions,1
14464.0,203,1,51.0,0,Lost Customers,1
14465.0,63,8,2227.59,1,Champions,0
14466.0,7,7,1839.0,1,Champions,0
14467.0,24,8,1592.64,1,Champions,0
14468.0,368,1,86.65,0,Lost Customers,1
14469.0,51,4,1830.58,1,Champions,0
14470.0,65,1,178.4,1,Champions,0
14471.0,226,2,390.3,0,Lost Customers,1
14472.0,324,1,227.4,0,Lost Customers,1
14474.0,214,1,701.28,0,Lost Customers,1
14475.0,43,1,225.3,1,Champions,0
14478.0,17,4,921.01,1,Champions,0
14479.0,0,3,937.0600000000001,1,Champions,0
14480.0,37,3,998.22,1,Champions,0
14481.0,42,3,1336.24,1,Champions,0
14482.0,14,4,959.75,1,Champions,0
14483.0,371,1,120.0,0,Lost Customers,1
14484.0,36,3,684.02,1,Champions,0
14486.0,146,2,175.5,0,Lost Customers,1
14487.0,3,2,161.14000000000001,1,Champions,0
14489.0,72,3,1076.85,1,Champions,0
14490.0,41,2,1259.55,1,Champions,0
14491.0,7,1,127.2,1,Champions,0
14492.0,65,7,1812.76,1,Champions,0
14493.0,25,5,2307.35,1,Champions,0
14494.0,36,2,261.9,1,Champions,0
14495.0,294,1,51.0,0,Lost Customers,1
14496.0,8,6,1727.92,1,Champions,0
14497.0,308,1,221.69,0,Lost Customers,1
14498.0,36,5,1446.04,1,Champions,0
14499.0,9,4,1262.7,1,Champions,0
14505.0,39,11,5724.6,2,At Risk,0
14506.0,4,3,1214.0,1,Champions,0
14507.0,13,5,1698.66,1,Champions,0
14508.0,11,3,498.52,1,Champions,0
14509.0,169,1,101.0,0,Lost Customers,1
14510.0,10,3,851.21,1,Champions,0
14512.0,18,5,817.11,1,Champions,0
14513.0,203,1,251.3,0,Lost Customers,1
14514.0,71,6,3188.9900000000002,1,Champions,0
14515.0,22,6,1462.17,1,Champions,0
14516.0,151,1,151.17,0,Lost Customers,1
14519.0,318,2,203.14,0,Lost Customers,1
14521.0,126,1,165.88,1,Champions,1
14522.0,230,4,596.76,0,Lost Customers,1
14524.0,44,4,954.44,1,Champions,0
14525.0,63,8,2230.24,1,Champions,0
14526.0,24,1,258.65,1,Champions,0
14527.0,0,68,13441.75,2,At Risk,0
14530.0,31,10,2876.67,1,Champions,0
14531.0,114,1,365.39,1,Champions,1
14532.0,46,7,2777.61,1,Champions,0
14533.0,42,3,383.95000000000005,1,Champions,0
14534.0,32,8,1606.01,1,Champions,0
14535.0,30,6,2794.96,1,Champions,0
14537.0,258,1,245.04,0,Lost Customers,1
14538.0,165,3,541.14,0,Lost Customers,1
14540.0,14,8,2335.4,1,Champions,0
14541.0,51,6,1008.1800000000001,1,Champions,0
14543.0,15,20,4150.14,2,At Risk,0
14544.0,105,1,655.2,1,Champions,1
14545.0,309,1,349.25,0,Lost Customers,1
14546.0,11,6,2435.22,1,Champions,0
14548.0,205,6,1018.01,0,Lost Customers,1
14549.0,55,3,613.71,1,Champions,0
14550.0,23,2,504.34000000000003,1,Champions,0
14551.0,46,5,478.01,1,Champions,0
14552.0,15,2,343.71,1,Champions,0
14553.0,46,4,811.25,1,Champions,0
14555.0,16,4,1845.81,1,Champions,0
14556.0,231,3,728.49,0,Lost Customers,1
14558.0,289,3,287.7,0,Lost Customers,1
14559.0,25,1,75.6,1,Champions,0
14560.0,22,17,1270.31,1,Champions,0
14562.0,25,8,1571.58,1,Champions,0
14563.0,144,2,391.66,0,Lost Customers,1
14564.0,69,2,2033.32,1,Champions,0
14565.0,108,1,696.35,1,Champions,1
14568.0,70,1,872.6,1,Champions,0
14569.0,87,3,310.24,1,Champions,0
14570.0,78,1,164.8,1,Champions,0
14571.0,60,1,120.2,1,Champions,0
14572.0,52,4,2282.5,1,Champions,0
14573.0,7,4,678.4,1,Champions,0
14574.0,367,1,143.70000000000002,0,Lost Customers,1
14575.0,123,1,397.52,1,Champions,1
14576.0,7,1,35.400000000000006,1,Champions,0
14577.0,29,3,504.44,1,Champions,0
14579.0,67,1,105.56,1,Champions,0
14580.0,153,1,14.850000000000001,0,Lost Customers,1
14581.0,179,1,175.9,0,Lost Customers,1
14583.0,18,3,624.27,1,Champions,0
14584.0,56,4,621.65,1,Champions,0
14585.0,17,4,543.7,1,Champions,0
14588.0,213,1,122.64,0,Lost Customers,1
14589.0,6,1,39.75,1,Champions,0
14590.0,59,20,2601.58,2,At Risk,0
14593.0,32,9,2730.56,1,Champions,0
14594.0,8,1,255.0,1,Champions,0
14595.0,88,2,423.85,1,Champions,0
14596.0,261,1,181.89000000000001,0,Lost Customers,1
14597.0,14,4,476.07,1,Champions,0
14598.0,204,1,157.03,0,Lost Customers,1
14599.0,25,2,452.64,1,Champions,0
14600.0,28,1,450.36,1,Champions,0
14602.0,291,1,192.60999999999999,0,Lost Customers,1
14604.0,268,1,133.91,0,Lost Customers,1
14605.0,9,4,659.1800000000001,1,Champions,0
14606.0,1,97,15453.710000000001,3,Loyal Customers,0
14607.0,172,6,3162.36,0,Lost Customers,1
14608.0,14,5,965.95,1,Champions,0
14609.0,156,1,22.32,0,Lost Customers,1
14610.0,30,2,24.35,1,Champions,0
14611.0,78,2,556.51,1,Champions,0
14612.0,50,1,506.5,1,Champions,0
14614.0,21,1,295.13,1,Champions,0
14615.0,29,5,807.35,1,Champions,0
14616.0,20,1,79.2,1,Champions,0
14617.0,37,2,190.47000000000003,1,Champions,0
14618.0,11,4,436.21000000000004,1,Champions,0
14619.0,176,1,855.35,0,Lost Customers,1
14621.0,146,4,1087.21,1,Champions,1
14623.0,15,5,988.43,1,Champions,0
14624.0,50,4,533.68,1,Champions,0
14625.0,9,9,3153.9500000000003,1,Champions,0
14626.0,30,7,2016.83,1,Champions,0
14627.0,14,1,462.75,1,Champions,0
14628.0,77,3,1316.09,1,Champions,0
14630.0,119,1,266.2,1,Champions,1
14631.0,21,3,905.2900000000001,1,Champions,0
14634.0,72,3,1736.37,1,Champions,0
14635.0,88,1,186.22,1,Champions,0
14637.0,312,1,106.67999999999999,0,Lost Customers,1
14639.0,43,3,1852.57,1,Champions,0
14640.0,44,4,1516.48,1,Champions,0
14643.0,252,3,644.2,0,Lost Customers,1
14644.0,52,3,561.95,1,Champions,0
14645.0,269,1,216.9,0,Lost Customers,1
14646.0,9,52,21494.49,2,At Risk,0
14647.0,158,1,170.25,0,Lost Customers,1
14648.0,51,15,3829.33,2,At Risk,0
14649.0,17,5,1638.71,1,Champions,0
14650.0,223,1,39.0,0,Lost Customers,1
14651.0,29,7,1171.1100000000001,1,Champions,0
14653.0,148,4,1191.48,0,Lost Customers,1
14654.0,373,1,216.62,0,Lost Customers,1
14655.0,23,3,951.18,1,Champions,0
14656.0,50,3,442.63,1,Champions,0
14657.0,64,2,531.32,1,Champions,0
14662.0,62,3,557.31,1,Champions,0
14663.0,65,2,396.33,1,Champions,0
14665.0,62,2,700.0,1,Champions,0
14667.0,0,31,10276.43,2,At Risk,0
14668.0,80,1,108.15,1,Champions,0
14669.0,268,4,1820.3,0,Lost Customers,1
14670.0,367,1,189.84,0,Lost Customers,1
14671.0,184,2,961.95,0,Lost Customers,1
14672.0,150,2,285.39,0,Lost Customers,1
14673.0,2,3,1650.71,1,Champions,0
14674.0,144,1,148.16,0,Lost Customers,1
14675.0,23,1,389.42,1,Champions,0
14676.0,35,4,1035.17,1,Champions,0
14677.0,227,1,184.91,0,Lost Customers,1
14678.0,214,1,373.69,0,Lost Customers,1
14679.0,16,3,1096.78,1,Champions,0
14680.0,6,40,18758.98,2,At Risk,0
14681.0,22,3,352.5,1,Champions,0
14682.0,63,4,1332.93,1,Champions,0
14683.0,223,1,98.56,0,Lost Customers,1
14684.0,25,1,195.97,1,Champions,0
14685.0,211,6,2682.64,0,Lost Customers,1
14686.0,49,5,809.73,1,Champions,0
14687.0,35,2,631.06,1,Champions,0
14688.0,8,8,1679.26,1,Champions,0
14690.0,27,2,327.08,1,Champions,0
14692.0,15,8,969.72,1,Champions,0
14693.0,60,6,469.1,1,Champions,0
14694.0,252,1,216.44,0,Lost Customers,1
14695.0,154,3,1331.54,0,Lost Customers,1
14696.0,8,2,648.63,1,Champions,0
14699.0,70,3,537.77,1,Champions,0
14700.0,50,2,880.96,1,Champions,0
14701.0,77,6,1853.3700000000001,1,Champions,0
14702.0,0,13,3042.9900000000002,1,Champions,0
14704.0,59,2,246.21,1,Champions,0
14706.0,253,1,342.04,0,Lost Customers,1
14708.0,3,2,386.88,1,Champions,0
14709.0,14,12,3539.19,1,Champions,0
14710.0,14,9,1257.43,1,Champions,0
14712.0,53,1,411.0,1,Champions,0
14713.0,0,11,2474.41,1,Champions,0
14714.0,42,3,633.95,1,Champions,0
14715.0,155,3,555.12,0,Lost Customers,1
14716.0,79,1,227.27,1,Champions,0
14717.0,368,1,71.35,0,Lost Customers,1
14718.0,45,1,185.62,1,Champions,0
14721.0,14,1,109.07,1,Champions,0
14722.0,112,2,299.15,1,Champions,1
14723.0,6,7,883.0600000000001,1,Champions,0
14724.0,225,1,288.57,0,Lost Customers,1
14725.0,29,3,458.86,1,Champions,0
14726.0,289,1,106.55,0,Lost Customers,1
14727.0,181,2,163.10999999999999,0,Lost Customers,1
14728.0,48,1,160.73000000000002,1,Champions,0
14729.0,8,3,529.83,1,Champions,0
14732.0,27,11,2656.83,1,Champions,0
14733.0,2,3,3818.88,1,Champions,0
14734.0,60,4,913.62,1,Champions,0
14735.0,23,23,4887.97,2,At Risk,0
14736.0,120,2,264.28,1,Champions,1
14737.0,35,1,1261.1,1,Champions,0
14738.0,195,2,425.55,0,Lost Customers,1
14739.0,2,19,3277.2000000000003,2,At Risk,0
14740.0,44,8,2493.7000000000003,1,Champions,0
14741.0,7,2,497.25,1,Champions,0
14742.0,70,1,539.05,1,Champions,0
14743.0,227,1,50.48,0,Lost Customers,1
14744.0,43,6,1050.2,1,Champions,0
14745.0,136,7,1253.3899999999999,1,Champions,1
14746.0,50,2,111.3,1,Champions,0
14748.0,3,7,1653.1299999999999,1,Champions,0
14749.0,114,1,200.4,1,Champions,1
14750.0,371,1,93.13,0,Lost Customers,1
14751.0,319,2,126.45,0,Lost Customers,1
14753.0,95,1,298.8,1,Champions,1
14754.0,60,4,860.54,1,Champions,0
14755.0,16,14,4417.52,2,At Risk,0
14756.0,17,2,1544.0,1,Champions,0
14758.0,31,3,964.5,1,Champions,0
14761.0,79,1,162.17000000000002,1,Champions,0
14762.0,261,1,100.80000000000001,0,Lost Customers,1
14766.0,1,6,3714.9700000000003,1,Champions,0
14767.0,109,1,297.61,1,Champions,1
14769.0,25,9,4810.25,1,Champions,0
14770.0,102,6,2429.42,1,Champions,1
14771.0,256,2,588.38,0,Lost Customers,1
14773.0,227,1,127.8,0,Lost Customers,1
14774.0,163,1,192.85,0,Lost Customers,1
14775.0,7,1,359.76,1,Champions,0
14776.0,22,4,944.76,1,Champions,0
14777.0,38,1,232.2,1,Champions,0
14783.0,294,1,287.14,0,Lost Customers,1
14784.0,24,1,159.94,1,Champions,0
14786.0,185,1,87.6,0,Lost Customers,1
14787.0,106,1,110.65,1,Champions,1
14788.0,231,1,428.33,0,Lost Customers,1
14790.0,9,6,1493.57,1,Champions,0
14791.0,241,1,303.63,0,Lost Customers,1
14793.0,170,1,396.91,0,Lost Customers,1
14794.0,37,3,317.24,1,Champions,0
14796.0,1,11,2750.28,1,Champions,0
14797.0,142,1,274.81,0,Lost Customers,1
14798.0,16,5,550.5699999999999,1,Champions,0
14799.0,372,1,151.65,0,Lost Customers,1
14800.0,4,6,2458.38,1,Champions,0
14805.0,39,3,473.55,1,Champions,0
14806.0,74,1,110.03999999999999,1,Champions,0
14807.0,25,2,457.74,1,Champions,0
14809.0,256,2,661.26,0,Lost Customers,1
14810.0,4,3,413.94,1,Champions,0
14811.0,22,1,157.75,1,Champions,0
14812.0,233,1,168.1,0,Lost Customers,1
14813.0,4,4,774.1800000000001,1,Champions,0
14814.0,216,1,144.26,0,Lost Customers,1
14817.0,30,5,2248.79,1,Champions,0
14818.0,93,3,365.96000000000004,1,Champions,1
14819.0,129,2,120.19,1,Champions,1
14820.0,15,5,590.7,1,Champions,0
14821.0,1,7,1009.5500000000001,1,Champions,0
14822.0,120,1,157.70000000000002,1,Champions,1
14824.0,14,6,2835.4,1,Champions,0
14825.0,3,13,2321.53,1,Champions,0
14826.0,216,2,385.2,0,Lost Customers,1
14828.0,23,8,1548.24,1,Champions,0
14829.0,7,4,967.57,1,Champions,0
14831.0,315,3,1285.32,0,Lost Customers,1
14833.0,133,1,94.8,1,Champions,1
14834.0,42,1,344.86,1,Champions,0
14837.0,77,5,1790.66,1,Champions,0
14838.0,58,2,765.1700000000001,1,Champions,0
14839.0,53,3,697.38,1,Champions,0
14840.0,174,1,279.96,0,Lost Customers,1
14841.0,9,8,3392.81,1,Champions,0
14843.0,71,1,211.79999999999998,1,Champions,0
14844.0,65,6,2385.56,1,Champions,0
14846.0,62,1,183.6,1,Champions,0
14847.0,42,2,973.25,1,Champions,0
14848.0,39,1,269.76,1,Champions,0
14849.0,8,20,6848.37,2,At Risk,0
14850.0,52,6,1214.93,1,Champions,0
14851.0,265,1,272.46,0,Lost Customers,1
14852.0,59,12,2813.44,1,Champions,0
14853.0,58,2,370.16,1,Champions,0
14854.0,25,4,1350.24,1,Champions,0
14855.0,109,5,3793.7000000000003,1,Champions,1
14857.0,77,5,2321.34,1,Champions,0
14858.0,140,1,180.75,0,Lost Customers,1
14859.0,189,1,165.6,0,Lost Customers,1
14861.0,15,9,1187.98,1,Champions,0
14865.0,7,1,28.08,1,Champions,0
14866.0,39,5,741.1600000000001,1,Champions,0
14867.0,30,13,1592.48,1,Champions,0
14868.0,15,4,1230.42,1,Champions,0
14869.0,23,4,1915.03,1,Champions,0
14870.0,48,5,1249.4,1,Champions,0
14871.0,128,5,671.49,1,Champions,1
14872.0,118,3,783.48,1,Champions,1
14873.0,268,1,292.65000000000003,0,Lost Customers,1
14874.0,170,1,68.28,0,Lost Customers,1
14875.0,76,1,734.91,1,Champions,0
14876.0,156,2,236.8,0,Lost Customers,1
14877.0,53,2,396.0,1,Champions,0
14878.0,11,14,2062.37,1,Champions,0
14879.0,319,1,185.06,0,Lost Customers,1
14882.0,25,10,1437.45,1,Champions,0
14884.0,304,1,120.6,0,Lost Customers,1
14885.0,62,2,342.0,1,Champions,0
14890.0,253,2,659.8,0,Lost Customers,1
14891.0,51,2,552.35,1,Champions,0
14892.0,325,1,182.45000000000002,0,Lost Customers,1
14893.0,252,1,571.76,0,Lost Customers,1
14894.0,78,2,745.26,1,Champions,0
14895.0,18,17,9992.59,2,At Risk,0
14896.0,0,7,1498.25,1,Champions,0
14897.0,44,4,1436.57,1,Champions,0
14898.0,6,9,1826.4,1,Champions,0
14899.0,30,1,1094.98,1,Champions,0
14901.0,1,5,787.21,1,Champions,0
14902.0,30,2,642.26,1,Champions,0
14904.0,43,2,534.35,1,Champions,0
14905.0,9,6,1335.24,1,Champions,0
14907.0,2,10,2586.44,1,Champions,0
14908.0,98,1,104.10000000000001,1,Champions,1
14909.0,72,3,1219.93,1,Champions,0
14911.0,0,182,105140.92,3,Loyal Customers,0
14912.0,36,3,543.13,1,Champions,0
14913.0,23,4,2655.53,1,Champions,0
14915.0,10,9,1394.0700000000002,1,Champions,0
14916.0,66,3,703.54,1,Champions,0
14917.0,231,2,704.83,0,Lost Customers,1
14918.0,39,6,2910.31,1,Champions,0
14919.0,174,1,359.35,0,Lost Customers,1
14920.0,200,1,616.65,0,Lost Customers,1
14922.0,28,2,767.24,1,Champions,0
14924.0,245,2,454.92,0,Lost Customers,1
14926.0,233,1,81.0,0,Lost Customers,1
14927.0,31,1,308.2,1,Champions,0
14928.0,262,1,223.91000000000003,0,Lost Customers,1
14929.0,56,1,592.65,1,Champions,0
14930.0,105,3,2315.92,1,Champions,1
14932.0,0,2,488.43,1,Champions,0
14934.0,13,3,1385.18,1,Champions,0
14936.0,25,4,2949.11,1,Champions,0
14938.0,197,2,1444.31,0,Lost Customers,1
14940.0,52,2,531.49,1,Champions,0
14941.0,213,1,182.1,0,Lost Customers,1
14942.0,36,4,583.36,1,Champions,0
14943.0,298,1,107.62,0,Lost Customers,1
14944.0,24,7,3174.42,1,Champions,0
14945.0,48,1,179.4,1,Champions,0
14947.0,23,4,479.42,1,Champions,0
14949.0,104,4,497.1,1,Champions,1
14952.0,31,20,5959.13,2,At Risk,0
14953.0,53,3,616.74,1,Champions,0
14954.0,338,1,144.57,0,Lost Customers,1
14955.0,367,1,153.82,0,Lost Customers,1
14957.0,279,1,110.10000000000001,0,Lost Customers,1
14958.0,230,3,361.06,0,Lost Customers,1
14961.0,14,12,6881.820000000001,2,At Risk,0
14962.0,174,3,227.46000000000004,0,Lost Customers,1
14963.0,14,7,1601.92,1,Champions,0
14966.0,22,5,631.9,1,Champions,0
14967.0,76,4,565.51,1,Champions,0
14968.0,93,1,274.11,1,Champions,1
14969.0,338,1,548.75,0,Lost Customers,1
14970.0,44,7,2947.49,1,Champions,0
14972.0,16,1,30.300000000000004,1,Champions,0
14975.0,56,1,179.7,1,Champions,0
14977.0,360,1,31.549999999999997,0,Lost Customers,1
14978.0,65,5,958.52,1,Champions,0
14979.0,370,1,429.66,0,Lost Customers,1
14980.0,372,1,131.63,0,Lost Customers,1
14981.0,58,1,270.8,1,Champions,0
14982.0,207,1,207.93,0,Lost Customers,1
14983.0,324,1,170.45000000000002,0,Lost Customers,1
14984.0,186,3,429.9,0,Lost Customers,1
14986.0,11,2,503.4,1,Champions,0
14987.0,0,5,347.04999999999995,1,Champions,0
14988.0,15,6,1612.1,1,Champions,0
14989.0,296,1,277.1,0,Lost Customers,1
14990.0,247,2,199.52,0,Lost Customers,1
14991.0,65,1,233.9,1,Champions,0
14992.0,77,1,209.03,1,Champions,0
14993.0,198,1,36.13,0,Lost Customers,1
14994.0,17,5,852.15,1,Champions,0
14996.0,116,2,442.28999999999996,1,Champions,1
14997.0,290,1,217.79999999999998,0,Lost Customers,1
14998.0,63,2,221.35999999999999,1,Champions,0
14999.0,227,1,116.73,0,Lost Customers,1
15001.0,29,2,123.13,1,Champions,0
15002.0,2,6,2877.02,1,Champions,0
15003.0,108,6,915.71,1,Champions,1
15005.0,1,29,6855.78,2,At Risk,0
15006.0,88,1,191.55,1,Champions,0
15011.0,30,2,375.8,1,Champions,0
15012.0,8,2,345.74,1,Champions,0
15013.0,122,10,1382.24,1,Champions,1
15015.0,136,13,1921.82,1,Champions,1
15016.0,28,4,415.4,1,Champions,0
15018.0,2,1,45.300000000000004,1,Champions,0
15020.0,14,1,184.55,1,Champions,0
15021.0,1,4,776.19,1,Champions,0
15022.0,312,1,281.05,0,Lost Customers,1
15023.0,4,10,4381.12,1,Champions,0
15024.0,2,8,2242.83,1,Champions,0
15025.0,203,1,542.53,0,Lost Customers,1
15026.0,10,2,564.94,1,Champions,0
15027.0,35,5,959.11,1,Champions,0
15028.0,3,3,477.94,1,Champions,0
15029.0,254,1,208.20000000000002,0,Lost Customers,1
15030.0,15,5,709.9300000000001,1,Champions,0
15031.0,29,10,2111.43,1,Champions,0
15032.0,1,5,329.3,1,Champions,0
15034.0,21,6,2836.16,1,Champions,0
15037.0,11,2,362.98,1,Champions,0
15038.0,4,4,515.97,1,Champions,0
15039.0,3,46,14094.65,2,At Risk,0
15040.0,176,1,7.49,0,Lost Customers,1
15041.0,79,1,108.18,1,Champions,0
15042.0,230,1,26.88,0,Lost Customers,1
15043.0,108,4,309.28000000000003,1,Champions,1
15044.0,14,15,7317.58,2,At Risk,0
15046.0,60,10,2147.69,1,Champions,0
15048.0,3,1,98.7,1,Champions,0
15050.0,56,2,1654.25,1,Champions,0
15051.0,14,6,2054.25,1,Champions,0
15055.0,109,3,493.71999999999997,1,Champions,1
15056.0,155,1,103.69999999999999,0,Lost Customers,1
15057.0,78,3,1457.64,1,Champions,0
15058.0,11,5,1136.09,1,Champions,0
15059.0,11,10,1937.49,1,Champions,0
15061.0,2,43,9576.56,2,At Risk,0
15062.0,58,4,1518.63,1,Champions,0
15064.0,45,4,1049.45,1,Champions,0
15065.0,45,1,115.03,1,Champions,0
15067.0,48,2,1492.78,1,Champions,0
15068.0,53,2,548.31,1,Champions,0
15070.0,7,3,680.3000000000001,1,Champions,0
15071.0,21,2,398.24,1,Champions,0
15072.0,114,1,181.22,1,Champions,1
15073.0,35,5,1432.81,1,Champions,0
15074.0,64,2,551.3,1,Champions,0
15076.0,157,1,472.54,0,Lost Customers,1
15077.0,129,2,962.8800000000001,1,Champions,1
15078.0,3,22,7462.41,2,At Risk,0
15079.0,0,7,1824.49,1,Champions,0
15080.0,62,2,546.25,1,Champions,0
15081.0,2,8,1158.02,1,Champions,0
15082.0,303,1,93.35000000000001,0,Lost Customers,1
15084.0,14,2,277.65000000000003,1,Champions,0
15085.0,364,1,347.54,0,Lost Customers,1
15086.0,199,2,218.53,0,Lost Customers,1
15091.0,309,2,565.9,0,Lost Customers,1
15092.0,97,1,278.85,1,Champions,1
15093.0,7,16,4962.650000000001,2,At Risk,0
15094.0,98,2,83.0,1,Champions,1
15095.0,55,6,1174.99,1,Champions,0
15097.0,218,2,293.57,0,Lost Customers,1
15100.0,22,2,266.7,1,Champions,0
15101.0,150,4,843.99,0,Lost Customers,1
15102.0,165,2,513.01,0,Lost Customers,1
15105.0,65,2,754.22,1,Champions,0
15107.0,7,4,461.55,1,Champions,0
15109.0,214,2,458.35,0,Lost Customers,1
15110.0,38,2,300.35,1,Champions,0
15111.0,7,3,1065.49,1,Champions,0
15112.0,246,1,209.4,0,Lost Customers,1
15114.0,18,2,518.04,1,Champions,0
15115.0,367,1,191.74,0,Lost Customers,1
15117.0,83,3,746.35,1,Champions,0
15122.0,57,8,2657.17,1,Champions,0
15123.0,56,3,1502.56,1,Champions,0
15124.0,111,2,206.65,1,Champions,1
15125.0,114,8,3977.46,1,Champions,1
15126.0,171,2,412.23,0,Lost Customers,1
15127.0,154,1,265.02,0,Lost Customers,1
15128.0,65,1,264.92,1,Champions,0
15129.0,20,12,2884.93,1,Champions,0
15131.0,29,1,69.84,1,Champions,0
15133.0,17,2,620.48,1,Champions,0
15134.0,16,2,208.3,1,Champions,0
15135.0,191,1,149.68,0,Lost Customers,1
15137.0,155,2,673.4,0,Lost Customers,1
15138.0,28,1,410.51,1,Champions,0
15140.0,77,1,738.64,1,Champions,0
15141.0,92,7,1261.05,1,Champions,1
15142.0,45,5,1863.67,1,Champions,0
15143.0,67,1,205.25,1,Champions,0
15144.0,14,12,5061.41,2,At Risk,0
15149.0,212,3,604.36,0,Lost Customers,1
15150.0,91,3,3429.6,1,Champions,1
15151.0,58,2,1322.11,1,Champions,0
15152.0,336,1,518.14,0,Lost Customers,1
15154.0,113,2,941.36,1,Champions,1
15155.0,18,1,324.27,1,Champions,0
15157.0,204,2,353.8,0,Lost Customers,1
15158.0,36,1,39.620000000000005,1,Champions,0
15159.0,30,4,2546.7400000000002,1,Champions,0
15160.0,9,3,417.19,1,Champions,0
15161.0,23,1,104.32000000000001,1,Champions,0
15162.0,366,1,247.20000000000002,0,Lost Customers,1
15164.0,24,6,1159.67,1,Champions,0
15165.0,8,1,443.3,1,Champions,0
15166.0,102,1,149.85,1,Champions,1
15167.0,42,4,1066.22,1,Champions,0
15169.0,17,2,502.92,1,Champions,0
15170.0,41,1,81.15,1,Champions,0
15173.0,15,7,1417.26,1,Champions,0
15174.0,45,1,338.75,1,Champions,0
15176.0,302,1,908.14,0,Lost Customers,1
15177.0,60,1,548.15,1,Champions,0
15179.0,27,8,3699.71,1,Champions,0
15180.0,2,3,789.09,1,Champions,0
15181.0,55,1,168.0,1,Champions,0
15182.0,20,9,1930.05,1,Champions,0
15183.0,182,3,639.93,0,Lost Customers,1
15184.0,22,2,283.19,1,Champions,0
15186.0,109,3,754.97,1,Champions,1
15188.0,360,1,284.93,0,Lost Customers,1
15189.0,16,5,388.37,1,Champions,0
15190.0,69,1,680.1899999999999,1,Champions,0
15191.0,98,3,566.55,1,Champions,1
15192.0,0,3,869.8100000000001,1,Champions,0
15194.0,3,14,3600.55,2,At Risk,0
15196.0,67,2,313.7,1,Champions,0
15197.0,29,3,497.36,1,Champions,0
15198.0,43,3,302.41,1,Champions,0
15199.0,9,6,1465.95,1,Champions,0
15200.0,129,1,507.25,1,Champions,1
15201.0,74,2,565.6700000000001,1,Champions,0
15203.0,25,8,2544.54,1,Champions,0
15207.0,51,3,482.32,1,Champions,0
15208.0,58,1,100.4,1,Champions,0
15209.0,365,1,161.08,0,Lost Customers,1
15210.0,13,2,588.19,1,Champions,0
15211.0,0,1,309.97,1,Champions,0
15212.0,11,1,66.67999999999999,1,Champions,0
15215.0,28,4,1295.19,1,Champions,0
15216.0,253,1,339.69,0,Lost Customers,1
15217.0,198,1,426.24,0,Lost Customers,1
15218.0,24,10,4145.78,1,Champions,0
15219.0,283,1,339.9,0,Lost Customers,1
15221.0,1,4,1190.0,1,Champions,0
15222.0,107,10,1925.94,1,Champions,1
15223.0,244,3,585.7,0,Lost Customers,1
15224.0,147,3,433.48,0,Lost Customers,1
15227.0,31,4,1133.04,1,Champions,0
15228.0,63,2,1983.1,1,Champions,0
15229.0,221,1,160.5,0,Lost Customers,1
15231.0,256,1,230.1,0,Lost Customers,1
15233.0,36,1,59.400000000000006,1,Champions,0
15235.0,4,6,621.1500000000001,1,Champions,0
15240.0,9,7,2223.94,1,Champions,0
15241.0,65,3,1158.1200000000001,1,Champions,0
15242.0,57,1,47.400000000000006,1,Champions,0
15243.0,70,1,555.59,1,Champions,0
15244.0,301,1,178.66000000000003,0,Lost Customers,1
15245.0,37,5,1228.38,1,Champions,0
15246.0,190,1,266.25,0,Lost Customers,1
15247.0,112,2,322.46,1,Champions,1
15248.0,46,3,1749.9,1,Champions,0
15249.0,65,5,2385.44,1,Champions,0
15250.0,275,1,60.0,0,Lost Customers,1
15251.0,49,10,4205.4800000000005,1,Champions,0
15252.0,56,3,1217.72,1,Champions,0
15253.0,38,3,1098.89,1,Champions,0
15254.0,181,2,686.55,0,Lost Customers,1
15255.0,35,7,2282.81,1,Champions,0
15256.0,196,1,71.95,0,Lost Customers,1
15257.0,49,1,78.75,1,Champions,0
15259.0,147,3,715.6,0,Lost Customers,1
15260.0,7,18,6283.6,2,At Risk,0
15261.0,16,3,1161.73,1,Champions,0
15262.0,15,2,227.12,1,Champions,0
15264.0,165,1,443.71000000000004,0,Lost Customers,1
15265.0,239,2,1786.97,0,Lost Customers,1
15266.0,14,4,494.45000000000005,1,Champions,0
15268.0,113,2,418.5,1,Champions,1
15269.0,15,2,731.91,1,Champions,0
15270.0,35,14,4172.320000000001,2,At Risk,0
15271.0,0,10,1949.2,1,Champions,0
15272.0,85,4,949.96,1,Champions,0
15276.0,29,3,449.36,1,Champions,0
15277.0,60,1,220.44,1,Champions,0
15278.0,196,4,496.15999999999997,0,Lost Customers,1
15279.0,15,4,1044.68,1,Champions,0
15280.0,123,2,197.59,1,Champions,1
15281.0,13,7,5273.41,1,Champions,0
15282.0,205,1,320.75,0,Lost Customers,1
15283.0,122,2,114.43,1,Champions,1
15284.0,135,1,24.75,1,Champions,1
15285.0,42,1,94.92,1,Champions,0
15287.0,14,3,212.34,1,Champions,0
15288.0,0,5,1020.73,1,Champions,0
15289.0,93,2,571.95,1,Champions,1
15290.0,28,8,1925.04,1,Champions,0
15291.0,14,22,5546.6,2,At Risk,0
15293.0,300,1,247.5,0,Lost Customers,1
15294.0,45,1,215.45000000000002,1,Champions,0
15295.0,289,1,207.04,0,Lost Customers,1
15296.0,55,6,5264.68,1,Champions,0
15298.0,1,12,4536.15,2,At Risk,0
15301.0,3,6,2358.12,1,Champions,0
15302.0,365,1,264.20000000000005,0,Lost Customers,1
15303.0,200,2,520.71,0,Lost Customers,1
15304.0,3,1,50.25000000000001,1,Champions,0
15305.0,190,1,93.6,0,Lost Customers,1
15306.0,135,6,1357.9,1,Champions,1
15309.0,245,4,785.21,0,Lost Customers,1
15310.0,113,1,1230.2,1,Champions,1
15311.0,0,117,29083.61,3,Loyal Customers,0
15312.0,18,8,1862.44,1,Champions,0
15314.0,48,2,341.11,1,Champions,0
15317.0,312,1,129.75,0,Lost Customers,1
15321.0,72,9,3698.33,1,Champions,0
15322.0,111,1,550.84,1,Champions,1
15323.0,197,3,407.75,0,Lost Customers,1
15324.0,336,1,140.22000000000003,0,Lost Customers,1
15325.0,30,7,1375.42,1,Champions,0
15326.0,244,4,1278.5,0,Lost Customers,1
15328.0,42,1,107.24,1,Champions,0
15329.0,9,8,1501.43,1,Champions,0
15331.0,134,3,583.79,1,Champions,1
15332.0,1,6,4699.72,1,Champions,0
15336.0,36,1,216.8,1,Champions,0
15337.0,46,1,293.8,1,Champions,0
15338.0,312,1,264.04,0,Lost Customers,1
15339.0,56,5,912.1,1,Champions,0
15340.0,196,1,105.5,0,Lost Customers,1
15341.0,84,1,382.2,1,Champions,0
15346.0,60,2,343.7,1,Champions,0
15347.0,1,4,687.85,1,Champions,0
15350.0,8,2,547.6,1,Champions,0
15351.0,4,4,1581.76,1,Champions,0
15352.0,183,1,75.7,0,Lost Customers,1
15353.0,2,6,1964.69,1,Champions,0
15356.0,3,4,654.08,1,Champions,0
15358.0,0,22,7865.81,2,At Risk,0
15359.0,297,8,181.35,0,Lost Customers,1
15361.0,170,2,190.20000000000002,0,Lost Customers,1
15362.0,83,2,476.61,1,Champions,0
15363.0,7,2,658.21,1,Champions,0
15365.0,38,6,2022.76,1,Champions,0
15366.0,44,5,1469.17,1,Champions,0
15367.0,53,7,2980.19,1,Champions,0
15368.0,29,1,65.8,1,Champions,0
15369.0,127,3,861.8,1,Champions,1
15370.0,45,1,1196.76,1,Champions,0
15371.0,297,1,59.400000000000006,0,Lost Customers,1
15372.0,90,5,942.96,1,Champions,0
15373.0,6,6,596.73,1,Champions,0
15374.0,259,1,128.88,0,Lost Customers,1
15375.0,325,1,47.04,0,Lost Customers,1
15377.0,17,4,1112.25,1,Champions,0
15378.0,97,2,246.5,1,Champions,1
15379.0,35,1,1065.4,1,Champions,0
15380.0,55,6,590.3,1,Champions,0
15381.0,58,2,439.74,1,Champions,0
15382.0,9,6,7244.34,2,At Risk,0
15384.0,16,2,1278.58,1,Champions,0
15385.0,27,2,182.4,1,Champions,0
15387.0,127,1,450.75,1,Champions,1
15390.0,31,2,1188.82,1,Champions,0
15391.0,219,1,200.8,0,Lost Customers,1
15392.0,9,3,1062.06,1,Champions,0
15393.0,202,3,621.23,0,Lost Customers,1
15394.0,30,7,2639.34,1,Champions,0
15400.0,126,2,445.25,1,Champions,1
15401.0,87,2,168.75,1,Champions,0
15402.0,22,4,837.62,1,Champions,0
15403.0,126,1,20.4,1,Champions,1
15404.0,10,1,196.72,1,Champions,0
15405.0,211,1,279.04,0,Lost Customers,1
15406.0,88,2,461.68,1,Champions,0
15409.0,356,1,131.25,0,Lost Customers,1
15410.0,203,2,998.6,0,Lost Customers,1
15413.0,326,1,16.5,0,Lost Customers,1
15416.0,113,3,544.73,1,Champions,1
15418.0,60,2,436.67,1,Champions,0
15420.0,69,6,680.9399999999999,1,Champions,0
15421.0,20,6,2719.82,1,Champions,0
15422.0,14,5,1218.82,1,Champions,0
15423.0,216,2,184.73999999999998,0,Lost Customers,1
15424.0,98,1,186.7,1,Champions,1
15425.0,35,4,1588.27,1,Champions,0
15426.0,4,5,1068.09,1,Champions,0
15428.0,22,3,593.57,1,Champions,0
15430.0,102,2,812.95,1,Champions,1
15431.0,137,1,122.04,1,Champions,1
15432.0,176,1,73.07000000000001,0,Lost Customers,1
15434.0,9,6,1525.5800000000002,1,Champions,0
15437.0,275,1,193.29000000000002,0,Lost Customers,1
15439.0,39,4,1243.55,1,Champions,0
15441.0,31,3,1157.55,1,Champions,0
15443.0,109,7,1756.57,1,Champions,1
15445.0,225,1,112.85,0,Lost Customers,1
15446.0,11,3,397.47,1,Champions,0
15447.0,162,4,302.26,0,Lost Customers,1
15448.0,309,1,280.25,0,Lost Customers,1
15451.0,69,2,184.05,1,Champions,0
15452.0,25,3,1218.53,1,Champions,0
15454.0,253,1,104.99000000000001,0,Lost Customers,1
15456.0,38,7,1263.75,1,Champions,0
15458.0,37,1,208.79999999999998,1,Champions,0
15459.0,52,2,120.48,1,Champions,0
15462.0,80,1,469.8,1,Champions,0
15465.0,4,15,2992.13,2,At Risk,0
15466.0,24,3,1170.16,1,Champions,0
15468.0,27,1,708.91,1,Champions,0
15469.0,73,1,288.90000000000003,1,Champions,0
15470.0,210,1,8.4,0,Lost Customers,1
15471.0,15,2,654.43,1,Champions,0
15473.0,79,1,70.80000000000001,1,Champions,0
15474.0,230,1,124.85000000000001,0,Lost Customers,1
15476.0,15,4,1759.1100000000001,1,Champions,0
15478.0,210,1,422.56,0,Lost Customers,1
15479.0,368,1,147.4,0,Lost Customers,1
15480.0,104,2,2229.88,1,Champions,1
15481.0,36,1,828.3,1,Champions,0
15482.0,21,5,1173.3,1,Champions,0
15483.0,20,6,552.6,1,Champions,0
15484.0,175,2,912.93,0,Lost Customers,1
15485.0,8,5,2392.81,1,Champions,0
15487.0,314,1,231.32,0,Lost Customers,1
15488.0,91,3,191.88,1,Champions,1
15489.0,35,5,1261.26,1,Champions,0
15490.0,65,1,210.85,1,Champions,0
15493.0,24,4,1718.81,1,Champions,0
15494.0,113,3,2053.79,1,Champions,1
15495.0,14,1,226.6,1,Champions,0
15496.0,266,1,120.64,0,Lost Customers,1
15497.0,17,7,6268.84,2,At Risk,0
15498.0,1,19,11110.36,2,At Risk,0
15499.0,358,1,158.65,0,Lost Customers,1
15501.0,39,2,340.04,1,Champions,0
15502.0,3,5,2697.9900000000002,1,Champions,0
15503.0,361,1,116.26,0,Lost Customers,1
15504.0,155,3,310.07,0,Lost Customers,1
15506.0,16,3,932.8299999999999,1,Champions,0
15509.0,15,1,119.56,1,Champions,0
15512.0,25,1,114.88,1,Champions,0
15513.0,0,17,9342.25,2,At Risk,0
15514.0,14,7,2128.88,1,Champions,0
15515.0,22,1,91.65,1,Champions,0
15518.0,14,7,1969.23,1,Champions,0
15519.0,18,2,344.61,1,Champions,0
15521.0,35,8,2707.0299999999997,1,Champions,0
15523.0,50,13,2918.54,1,Champions,0
15524.0,241,1,49.0,0,Lost Customers,1
15525.0,8,2,339.94,1,Champions,0
15527.0,29,14,2680.56,1,Champions,0
15529.0,1,2,1106.28,1,Champions,0
15530.0,147,1,251.82999999999998,0,Lost Customers,1
15532.0,11,6,1834.03,1,Champions,0
15534.0,360,1,162.25,0,Lost Customers,1
15535.0,39,2,444.37,1,Champions,0
15536.0,44,1,259.09,1,Champions,0
15538.0,174,4,347.1,0,Lost Customers,1
15540.0,10,1,239.82,1,Champions,0
15542.0,147,3,722.16,0,Lost Customers,1
15543.0,94,1,85.13,1,Champions,1
15544.0,7,12,4311.22,2,At Risk,0
15545.0,6,1,121.9,1,Champions,0
15546.0,241,2,1079.1000000000001,0,Lost Customers,1
15547.0,11,12,4341.9400000000005,2,At Risk,0
15548.0,230,1,107.24,0,Lost Customers,1
15549.0,56,5,570.2,1,Champions,0
15550.0,13,8,1343.88,1,Champions,0
15551.0,29,6,1150.77,1,Champions,0
15552.0,258,1,131.20000000000002,0,Lost Customers,1
15555.0,0,22,6269.53,2,At Risk,0
15558.0,274,1,150.28000000000003,0,Lost Customers,1
15559.0,203,1,1083.9,0,Lost Customers,1
15560.0,32,2,153.52,1,Champions,0
15561.0,18,4,743.62,1,Champions,0
15562.0,59,2,167.85000000000002,1,Champions,0
15563.0,149,3,1317.8600000000001,0,Lost Customers,1
15564.0,98,2,70.74000000000001,1,Champions,1
15566.0,27,2,213.37,1,Champions,0
15569.0,25,5,376.13,1,Champions,0
15570.0,4,14,4236.7,2,At Risk,0
15571.0,21,10,2673.88,1,Champions,0
15572.0,15,3,1184.0900000000001,1,Champions,0
15573.0,253,3,449.69,0,Lost Customers,1
15574.0,7,3,608.74,1,Champions,0
15575.0,254,1,30.1,0,Lost Customers,1
15577.0,358,2,105.3,0,Lost Customers,1
15579.0,18,3,830.14,1,Champions,0
15580.0,11,8,1258.15,1,Champions,0
15581.0,1,26,3607.42,2,At Risk,0
15583.0,11,1,95.78,1,Champions,0
15584.0,34,2,448.94,1,Champions,0
15586.0,227,3,717.9,0,Lost Customers,1
15587.0,44,2,162.72,1,Champions,0
15588.0,312,1,579.6,0,Lost Customers,1
15590.0,17,5,1456.8,1,Champions,0
15591.0,217,3,217.9,0,Lost Customers,1
15595.0,122,1,64.8,1,Champions,1
15596.0,0,5,1477.05,1,Champions,0
15597.0,210,1,238.8,0,Lost Customers,1
15598.0,62,1,297.39,1,Champions,0
15599.0,80,1,488.32,1,Champions,0
15600.0,63,4,1101.36,1,Champions,0
15601.0,7,17,7859.89,2,At Risk,0
15602.0,3,8,1604.04,1,Champions,0
15603.0,283,1,40.0,0,Lost Customers,1
15605.0,8,5,698.62,1,Champions,0
15606.0,25,8,2133.31,1,Champions,0
15607.0,178,8,1438.32,0,Lost Customers,1
15608.0,50,1,682.35,1,Champions,0
15611.0,18,13,1068.63,1,Champions,0
15613.0,245,1,305.5,0,Lost Customers,1
15614.0,72,4,1772.28,1,Champions,0
15615.0,25,24,9897.64,2,At Risk,0
15616.0,73,1,233.76000000000002,1,Champions,0
15617.0,31,3,800.7,1,Champions,0
15620.0,44,1,360.31,1,Champions,0
15622.0,62,8,3650.13,1,Champions,0
15623.0,28,7,1936.1200000000001,1,Champions,0
15625.0,11,5,1522.74,1,Champions,0
15626.0,56,1,388.84,1,Champions,0
15627.0,92,2,481.22,1,Champions,1
15628.0,1,9,2647.2000000000003,1,Champions,0
15629.0,85,4,1545.1,1,Champions,0
15630.0,279,1,295.05,0,Lost Customers,1
15631.0,277,1,586.59,0,Lost Customers,1
15633.0,144,12,3433.66,1,Champions,1
15634.0,18,1,311.1,1,Champions,0
15636.0,72,2,689.97,1,Champions,0
15637.0,48,4,435.7,1,Champions,0
15638.0,13,5,1062.05,1,Champions,0
15639.0,86,2,587.96,1,Champions,0
15640.0,7,15,7352.63,2,At Risk,0
15641.0,31,8,2989.38,1,Champions,0
15642.0,364,1,23.700000000000003,0,Lost Customers,1
15645.0,49,2,426.21000000000004,1,Champions,0
15646.0,7,3,436.17,1,Champions,0
15647.0,50,1,169.0,1,Champions,0
15649.0,22,1,523.4,1,Champions,0
15650.0,156,2,484.23,0,Lost Customers,1
15651.0,55,2,598.84,1,Champions,0
15652.0,22,4,580.19,1,Champions,0
15658.0,7,4,1151.17,1,Champions,0
15659.0,21,2,226.04,1,Champions,0
15660.0,0,7,1077.22,1,Champions,0
15661.0,14,6,544.65,1,Champions,0
15662.0,296,2,273.78000000000003,0,Lost Customers,1
15664.0,84,3,867.6,1,Champions,0
15665.0,46,3,1625.55,1,Champions,0
15666.0,107,2,574.7,1,Champions,1
15670.0,191,1,139.4,0,Lost Customers,1
15672.0,360,1,32.550000000000004,0,Lost Customers,1
15673.0,86,5,3052.55,1,Champions,0
15674.0,52,8,3893.29,1,Champions,0
15675.0,39,1,218.35,1,Champions,0
15677.0,56,2,537.85,1,Champions,0
15678.0,30,2,1326.49,1,Champions,0
15680.0,1,8,2888.06,1,Champions,0
15681.0,14,9,1370.22,1,Champions,0
15682.0,234,2,318.24,0,Lost Customers,1
15683.0,108,1,310.89,1,Champions,1
15684.0,182,3,116.25,0,Lost Customers,1
15685.0,85,1,55.980000000000004,1,Champions,0
15688.0,53,1,172.67000000000002,1,Champions,0
15689.0,252,1,205.98000000000002,0,Lost Customers,1
15691.0,29,3,332.5,1,Champions,0
15693.0,294,1,37.5,0,Lost Customers,1
15694.0,0,12,2746.82,1,Champions,0
15695.0,232,2,550.96,0,Lost Customers,1
15696.0,58,5,940.71,1,Champions,0
15697.0,324,1,235.8,0,Lost Customers,1
15698.0,259,1,15.0,0,Lost Customers,1
15702.0,111,1,102.62,1,Champions,1
15704.0,137,2,1361.97,1,Champions,1
15708.0,4,3,850.11,1,Champions,0
15709.0,224,1,78.32,0,Lost Customers,1
15710.0,52,1,835.85,1,Champions,0
15711.0,191,2,400.35,0,Lost Customers,1
15712.0,14,7,2310.9500000000003,1,Champions,0
15713.0,1,3,561.84,1,Champions,0
15714.0,88,3,453.93,1,Champions,0
15715.0,190,5,638.12,0,Lost Customers,1
15716.0,4,8,1584.28,1,Champions,0
15717.0,56,4,391.40000000000003,1,Champions,0
15718.0,175,1,293.79,0,Lost Customers,1
15719.0,16,18,4874.0,2,At Risk,0
15720.0,185,1,107.84,0,Lost Customers,1
15722.0,80,5,2127.16,1,Champions,0
15723.0,46,3,701.75,1,Champions,0
15724.0,35,1,92.6,1,Champions,0
15726.0,25,1,296.41,1,Champions,0
15727.0,22,7,3211.37,1,Champions,0
15728.0,14,2,544.6,1,Champions,0
15729.0,35,2,107.55000000000001,1,Champions,0
15730.0,16,2,573.05,1,Champions,0
15731.0,188,1,125.3,0,Lost Customers,1
15732.0,7,9,1314.66,1,Champions,0
15734.0,71,2,441.35,1,Champions,0
15735.0,56,1,293.78,1,Champions,0
15736.0,70,2,1446.74,1,Champions,0
15738.0,7,26,7274.67,2,At Risk,0
15741.0,93,2,195.87,1,Champions,1
15742.0,254,1,109.27,0,Lost Customers,1
15747.0,10,6,1384.99,1,Champions,0
15748.0,84,2,59.6,1,Champions,0
15750.0,1,12,3891.6,2,At Risk,0
15751.0,95,10,1149.47,1,Champions,1
15752.0,7,3,1523.06,1,Champions,0
15754.0,128,5,2357.06,1,Champions,1
15755.0,14,11,3468.34,1,Champions,0
15757.0,21,4,1971.65,1,Champions,0
15759.0,146,4,482.85,0,Lost Customers,1
15761.0,77,1,37.95,1,Champions,0
15764.0,69,2,1093.66,1,Champions,0
15765.0,301,1,298.38,0,Lost Customers,1
15766.0,91,2,439.5,1,Champions,1
15768.0,111,31,9265.66,2,At Risk,1
15769.0,6,2,122.39999999999999,1,Champions,0
15770.0,247,1,283.2,0,Lost Customers,1
15771.0,239,3,625.45,0,Lost Customers,1
15772.0,53,1,241.08,1,Champions,0
15773.0,44,1,138.26,1,Champions,0
15774.0,53,5,860.5400000000001,1,Champions,0
15777.0,31,3,609.0,1,Champions,0
15778.0,66,1,282.45,1,Champions,0
15779.0,98,2,85.83000000000001,1,Champions,1
15782.0,65,1,317.2,1,Champions,0
15784.0,102,2,728.08,1,Champions,1
15785.0,14,11,2068.83,1,Champions,0
15786.0,52,2,3054.0,1,Champions,0
15788.0,143,1,173.23000000000002,0,Lost Customers,1
15789.0,66,5,1347.51,1,Champions,0
15791.0,164,3,1874.12,0,Lost Customers,1
15792.0,34,2,919.9200000000001,1,Champions,0
15793.0,13,5,354.6,1,Champions,0
15794.0,372,1,556.2,0,Lost Customers,1
15795.0,65,7,1355.94,1,Champions,0
15796.0,9,9,2029.88,1,Champions,0
15798.0,127,3,1471.62,1,Champions,1
15799.0,53,1,500.77,1,Champions,0
15800.0,88,5,354.94,1,Champions,0
15803.0,80,3,1372.04,1,Champions,0
15805.0,20,13,4249.63,2,At Risk,0
15807.0,43,2,757.08,1,Champions,0
15808.0,4,18,12886.33,2,At Risk,0
15809.0,94,2,321.74,1,Champions,1
15810.0,21,4,1607.06,1,Champions,0
15811.0,0,2,1309.67,1,Champions,0
15812.0,70,7,1041.92,1,Champions,0
15814.0,28,2,493.93,1,Champions,0
15816.0,177,2,93.3,0,Lost Customers,1
15817.0,55,3,2564.24,1,Champions,0
15818.0,223,1,123.5,0,Lost Customers,1
15819.0,66,6,2003.3,1,Champions,0
15822.0,128,4,827.09,1,Champions,1
15823.0,364,2,3522.06,0,Lost Customers,1
15824.0,88,2,890.94,1,Champions,0
15826.0,203,1,646.72,0,Lost Customers,1
15827.0,7,16,1153.28,1,Champions,0
15828.0,10,1,983.47,1,Champions,0
15833.0,372,1,80.4,0,Lost Customers,1
15834.0,11,3,1401.64,1,Champions,0
15837.0,120,1,372.28000000000003,1,Champions,1
15841.0,21,5,753.89,1,Champions,0
15842.0,28,2,472.48,1,Champions,0
15845.0,171,3,599.76,0,Lost Customers,1
15846.0,20,1,107.01,1,Champions,0
15847.0,63,3,349.84000000000003,1,Champions,0
15848.0,256,1,121.03999999999999,0,Lost Customers,1
15850.0,11,4,608.81,1,Champions,0
15851.0,161,1,107.7,0,Lost Customers,1
15852.0,161,1,17.85,0,Lost Customers,1
15854.0,11,9,1766.3200000000002,1,Champions,0
15855.0,111,1,289.6,1,Champions,1
15856.0,0,26,12964.35,2,At Risk,0
15857.0,65,1,126.18,1,Champions,0
15858.0,2,9,2010.33,1,Champions,0
15859.0,67,1,291.86,1,Champions,0
15860.0,3,10,1327.73,1,Champions,0
15861.0,91,4,1112.34,1,Champions,1
15862.0,8,10,1675.26,1,Champions,0
15863.0,252,3,245.11,0,Lost Customers,1
15864.0,16,1,12.600000000000001,1,Champions,0
15865.0,48,2,1141.83,1,Champions,0
15867.0,4,17,4717.98,2,At Risk,0
15868.0,218,1,94.53,0,Lost Customers,1
15869.0,261,1,171.47,0,Lost Customers,1
15870.0,31,3,344.74,1,Champions,0
15871.0,72,1,23.15,1,Champions,0
15872.0,13,2,366.75,1,Champions,0
15874.0,22,12,4544.61,2,At Risk,0
15875.0,281,1,108.52,0,Lost Customers,1
15876.0,44,1,185.4,1,Champions,0
15878.0,196,2,306.68,0,Lost Customers,1
15879.0,39,3,907.94,1,Champions,0
15880.0,4,1,285.22,1,Champions,0
15882.0,3,6,968.8000000000001,1,Champions,0
15884.0,67,2,96.7,1,Champions,0
15885.0,51,10,684.02,1,Champions,0
15886.0,51,3,633.78,1,Champions,0
15887.0,95,2,594.05,1,Champions,1
15888.0,35,2,139.0,1,Champions,0
15889.0,4,7,1162.72,1,Champions,0
15890.0,29,4,180.55,1,Champions,0
15892.0,304,1,102.7,0,Lost Customers,1
15894.0,4,1,147.96,1,Champions,0
15898.0,2,22,3915.97,2,At Risk,0
15899.0,3,1,43.5,1,Champions,0
15900.0,48,3,420.53,1,Champions,0
15901.0,86,3,292.89,1,Champions,0
15902.0,15,1,124.85,1,Champions,0
15903.0,13,4,2062.08,1,Champions,0
15905.0,178,1,114.69,0,Lost Customers,1
15906.0,9,3,669.65,1,Champions,0
15908.0,147,1,162.13,0,Lost Customers,1
15910.0,35,7,1255.56,1,Champions,0
15911.0,258,8,1617.44,0,Lost Customers,1
15912.0,71,7,646.72,1,Champions,0
15913.0,169,1,6.300000000000001,0,Lost Customers,1
15914.0,13,2,53.230000000000004,1,Champions,0
15915.0,36,1,329.99,1,Champions,0
15916.0,1,6,1366.03,1,Champions,0
15917.0,241,4,351.41,0,Lost Customers,1
15918.0,266,1,248.65,0,Lost Customers,1
15919.0,3,1,188.57999999999998,1,Champions,0
15920.0,59,4,255.72,1,Champions,0
15921.0,31,3,315.83,1,Champions,0
15922.0,8,1,344.0,1,Champions,0
15923.0,7,1,107.05,1,Champions,0
15924.0,366,1,77.75,0,Lost Customers,1
15926.0,177,1,108.03999999999999,0,Lost Customers,1
15927.0,282,1,106.54,0,Lost Customers,1
15928.0,291,1,140.53,0,Lost Customers,1
15931.0,63,1,199.95,1,Champions,0
15934.0,52,2,583.14,1,Champions,0
15936.0,14,2,257.29,1,Champions,0
15938.0,91,4,310.33,1,Champions,1
15939.0,9,1,1310.81,1,Champions,0
15941.0,272,1,405.0,0,Lost Customers,1
15943.0,284,2,271.28999999999996,0,Lost Customers,1
15944.0,28,3,889.74,1,Champions,0
15945.0,0,4,551.84,1,Champions,0
15946.0,137,2,435.76,1,Champions,1
15948.0,59,1,553.85,1,Champions,0
15950.0,10,6,4403.12,1,Champions,0
15951.0,16,1,262.35,1,Champions,0
15953.0,4,10,1268.83,1,Champions,0
15954.0,224,1,190.75,0,Lost Customers,1
15955.0,7,9,3953.2200000000003,1,Champions,0
15956.0,186,1,291.2,0,Lost Customers,1
15957.0,55,2,482.15000000000003,1,Champions,0
15958.0,38,3,347.02,1,Champions,0
15959.0,317,2,491.94,0,Lost Customers,1
15960.0,9,4,335.25,1,Champions,0
15961.0,14,1,247.97,1,Champions,0
15962.0,84,1,282.52,1,Champions,0
15964.0,298,1,269.21000000000004,0,Lost Customers,1
15965.0,2,9,1715.29,1,Champions,0
15966.0,85,1,426.53000000000003,1,Champions,0
15967.0,14,10,2282.38,1,Champions,0
15968.0,23,1,322.84000000000003,1,Champions,0
15969.0,60,2,243.7,1,Champions,0
15970.0,233,1,182.72,0,Lost Customers,1
15971.0,20,2,147.9,1,Champions,0
15972.0,91,4,1297.73,1,Champions,1
15973.0,1,2,195.1,1,Champions,0
15976.0,45,4,1070.08,1,Champions,0
15978.0,67,2,1639.38,1,Champions,0
15979.0,237,1,291.3,0,Lost Customers,1
15980.0,125,4,1754.2,1,Champions,1
15981.0,36,13,5070.19,2,At Risk,0
15982.0,240,1,301.81,0,Lost Customers,1
15983.0,0,6,2077.9,1,Champions,0
15984.0,3,18,4213.35,2,At Risk,0
15985.0,71,5,1274.18,1,Champions,0
15986.0,16,1,186.3,1,Champions,0
15987.0,3,2,213.22,1,Champions,0
15988.0,186,2,549.46,0,Lost Customers,1
15989.0,10,2,290.18,1,Champions,0
15990.0,129,5,1144.69,1,Champions,1
15991.0,169,1,79.6,0,Lost Customers,1
15992.0,31,2,849.5699999999999,1,Champions,0
15994.0,46,2,721.61,1,Champions,0
15995.0,49,1,524.7,1,Champions,0
15996.0,1,2,537.94,1,Champions,0
15998.0,28,11,4764.2,2,At Risk,0
15999.0,370,1,20.4,0,Lost Customers,1
16001.0,16,1,570.64,1,Champions,0
16002.0,260,1,156.46,0,Lost Customers,1
16003.0,16,5,2060.91,1,Champions,0
16004.0,109,5,1848.74,1,Champions,1
16005.0,10,6,1734.32,1,Champions,0
16006.0,22,1,223.86,1,Champions,0
16007.0,18,3,1296.34,1,Champions,0
16008.0,17,12,4350.71,2,At Risk,0
16010.0,11,8,1281.0,1,Champions,0
16011.0,1,14,2302.16,1,Champions,0
16012.0,36,2,1510.1000000000001,1,Champions,0
16013.0,30,5,737.65,1,Champions,0
16014.0,43,2,431.81,1,Champions,0
16016.0,1,4,794.21,1,Champions,0
16017.0,52,4,1186.95,1,Champions,0
16018.0,31,2,157.23,1,Champions,0
16019.0,16,18,8922.2,2,At Risk,0
16021.0,30,2,435.48,1,Champions,0
16024.0,46,2,60.46,1,Champions,0
16027.0,216,5,499.2,0,Lost Customers,1
16028.0,230,1,82.2,0,Lost Customers,1
16029.0,7,18,3200.88,2,At Risk,0
16032.0,91,6,1907.28,1,Champions,1
16033.0,4,8,1590.08,1,Champions,0
16034.0,29,2,286.99,1,Champions,0
16035.0,195,1,115.33,0,Lost Customers,1
16036.0,59,2,1362.47,1,Champions,0
16037.0,179,2,454.82,0,Lost Customers,1
16039.0,58,2,424.58,1,Champions,0
16040.0,65,4,1010.75,1,Champions,0
16042.0,14,3,950.88,1,Champions,0
16043.0,17,3,871.2,1,Champions,0
16044.0,70,1,340.84000000000003,1,Champions,0
16045.0,51,4,1423.64,1,Champions,0
16046.0,197,1,176.95000000000002,0,Lost Customers,1
16048.0,8,4,818.7900000000001,1,Champions,0
16049.0,10,3,627.75,1,Champions,0
16050.0,18,2,162.8,1,Champions,0
16051.0,316,1,188.44,0,Lost Customers,1
16053.0,48,4,1805.69,1,Champions,0
16054.0,53,3,705.0500000000001,1,Champions,0
16057.0,154,3,1490.18,0,Lost Customers,1
16058.0,41,1,62.7,1,Champions,0
16059.0,2,7,1580.01,1,Champions,0
16060.0,65,2,349.15000000000003,1,Champions,0
16061.0,66,1,29.75,1,Champions,0
16062.0,14,4,1576.41,1,Champions,0
16064.0,360,1,109.31,0,Lost Customers,1
16065.0,0,8,1830.22,1,Champions,0
16067.0,197,3,2588.31,0,Lost Customers,1
16068.0,228,1,105.78,0,Lost Customers,1
16069.0,52,1,436.40000000000003,1,Champions,0
16071.0,162,3,737.69,0,Lost Customers,1
16072.0,63,3,2937.85,1,Champions,0
16074.0,25,1,185.15,1,Champions,0
16075.0,137,2,604.73,1,Champions,1
16077.0,260,1,66.0,0,Lost Customers,1
16078.0,304,1,278.75,0,Lost Customers,1
16080.0,20,2,367.5,1,Champions,0
16081.0,1,4,1472.39,1,Champions,0
16082.0,305,1,91.8,0,Lost Customers,1
16083.0,17,2,727.8,1,Champions,0
16085.0,15,7,1141.97,1,Champions,0
16086.0,2,6,1630.3700000000001,1,Champions,0
16087.0,44,2,173.16,1,Champions,0
16088.0,226,1,88.35,0,Lost Customers,1
16089.0,21,2,221.64,1,Champions,0
16090.0,259,1,126.08,0,Lost Customers,1
16092.0,139,3,676.48,1,Champions,1
16094.0,10,7,1770.03,1,Champions,0
16095.0,91,1,447.05,1,Champions,1
16096.0,51,3,818.4300000000001,1,Champions,0
16098.0,8,8,1253.73,1,Champions,0
16099.0,52,4,807.7,1,Champions,0
16100.0,97,1,582.64,1,Champions,1
16101.0,69,3,1803.71,1,Champions,0
16103.0,24,16,4358.4800000000005,2,At Risk,0
16104.0,53,8,2221.81,1,Champions,0
16105.0,73,4,1675.57,1,Champions,0
16108.0,69,3,1306.57,1,Champions,0
16109.0,333,1,116.4,0,Lost Customers,1
16110.0,157,1,343.74,0,Lost Customers,1
16111.0,63,1,498.33,1,Champions,0
16115.0,32,4,850.02,1,Champions,0
16117.0,37,2,387.34000000000003,1,Champions,0
16118.0,287,1,309.6,0,Lost Customers,1
16119.0,29,5,833.89,1,Champions,0
16120.0,57,2,787.47,1,Champions,0
16121.0,25,3,553.48,1,Champions,0
16122.0,1,3,299.7,1,Champions,0
16124.0,53,3,1294.89,1,Champions,0
16125.0,2,14,4128.26,2,At Risk,0
16126.0,14,11,6351.7,2,At Risk,0
16127.0,361,1,132.31,0,Lost Customers,1
16128.0,15,5,1501.75,1,Champions,0
16129.0,42,3,1162.41,1,Champions,0
16130.0,57,4,772.4300000000001,1,Champions,0
16131.0,10,5,4433.91,1,Champions,0
16132.0,179,2,519.8,0,Lost Customers,1
16133.0,11,22,3622.11,2,At Risk,0
16134.0,58,3,1304.74,1,Champions,0
16135.0,218,1,280.4,0,Lost Customers,1
16136.0,298,1,97.5,0,Lost Customers,1
16137.0,315,1,422.7,0,Lost Customers,1
16138.0,13,3,409.40000000000003,1,Champions,0
16139.0,357,2,425.73,0,Lost Customers,1
16140.0,6,2,696.46,1,Champions,0
16141.0,52,1,252.79000000000002,1,Champions,0
16143.0,4,7,1930.99,1,Champions,0
16145.0,23,8,2433.9900000000002,1,Champions,0
16146.0,83,1,212.25,1,Champions,0
16147.0,35,4,1801.3400000000001,1,Champions,0
16148.0,71,1,310.3,1,Champions,0
16149.0,64,1,88.5,1,Champions,0
16150.0,7,6,2029.17,1,Champions,0
16153.0,55,6,2303.98,1,Champions,0
16155.0,16,5,646.45,1,Champions,0
16156.0,17,10,2474.27,1,Champions,0
16158.0,157,8,506.02,0,Lost Customers,1
16159.0,105,3,817.54,1,Champions,1
16161.0,3,25,6807.05,2,At Risk,0
16163.0,0,5,1300.98,1,Champions,0
16166.0,63,2,402.98,1,Champions,0
16167.0,49,5,1040.83,1,Champions,0
16168.0,4,40,4364.7,2,At Risk,0
16170.0,30,14,4647.98,2,At Risk,0
16172.0,108,2,705.55,1,Champions,1
16174.0,126,4,1149.7,1,Champions,1
16175.0,106,3,759.05,1,Champions,1
16176.0,56,4,1930.74,1,Champions,0
16177.0,71,7,1710.71,1,Champions,0
16178.0,36,1,323.2,1,Champions,0
16180.0,113,5,2889.85,1,Champions,1
16182.0,225,1,40.08,0,Lost Customers,1
16183.0,29,3,609.5,1,Champions,0
16185.0,199,1,104.36,0,Lost Customers,1
16186.0,7,15,4623.66,2,At Risk,0
16188.0,43,1,95.85000000000001,1,Champions,0
16190.0,29,7,2017.45,1,Champions,0
16191.0,10,10,3131.57,1,Champions,0
16192.0,370,1,330.3,0,Lost Customers,1
16193.0,45,1,301.03000000000003,1,Champions,0
16194.0,10,1,209.1,1,Champions,0
16195.0,358,1,323.25,0,Lost Customers,1
16196.0,123,1,93.3,1,Champions,1
16197.0,104,9,1530.8600000000001,1,Champions,1
16198.0,72,1,629.36,1,Champions,0
16199.0,27,7,546.75,1,Champions,0
16200.0,17,10,4029.01,1,Champions,0
16201.0,50,1,223.15,1,Champions,0
16202.0,52,8,1673.72,1,Champions,0
16203.0,7,3,472.63,1,Champions,0
16204.0,15,2,471.19,1,Champions,0
16205.0,31,3,734.38,1,Champions,0
16206.0,22,9,1804.77,1,Champions,0
16208.0,29,8,2263.93,1,Champions,0
16209.0,17,1,205.3,1,Champions,0
16210.0,3,15,3135.75,2,At Risk,0
16211.0,73,1,243.57,1,Champions,0
16212.0,253,2,540.32,0,Lost Customers,1
16214.0,70,1,798.78,1,Champions,0
16218.0,8,7,1291.67,1,Champions,0
16221.0,2,7,1076.9,1,Champions,0
16222.0,356,1,482.55,0,Lost Customers,1
16223.0,9,2,935.02,1,Champions,0
16224.0,22,1,248.94,1,Champions,0
16225.0,37,10,1677.79,1,Champions,0
16226.0,13,2,399.15,1,Champions,0
16227.0,129,2,713.0,1,Champions,1
16228.0,20,3,586.51,1,Champions,0
16229.0,16,4,1817.46,1,Champions,0
16231.0,14,4,1059.39,1,Champions,0
16232.0,55,3,1336.8899999999999,1,Champions,0
16233.0,14,6,777.13,1,Champions,0
16234.0,111,3,299.6,1,Champions,1
16235.0,10,4,960.45,1,Champions,0
16237.0,72,1,136.65,1,Champions,0
16238.0,57,1,63.66,1,Champions,0
16239.0,17,4,453.20000000000005,1,Champions,0
16241.0,4,4,1434.59,1,Champions,0
16242.0,16,7,3622.88,1,Champions,0
16244.0,7,1,1056.63,1,Champions,0
16246.0,94,2,779.95,1,Champions,1
16250.0,8,2,401.94,1,Champions,0
16251.0,147,1,128.31,0,Lost Customers,1
16252.0,17,1,285.14,1,Champions,0
16253.0,55,5,3169.94,1,Champions,0
16254.0,13,3,923.97,1,Champions,0
16255.0,0,8,1997.06,1,Champions,0
16256.0,128,1,307.1,1,Champions,1
16258.0,22,10,5126.79,2,At Risk,0
16259.0,45,3,330.29,1,Champions,0
16261.0,21,2,312.62,1,Champions,0
16262.0,13,1,693.63,1,Champions,0
16263.0,58,1,348.16,1,Champions,0
16264.0,73,2,726.18,1,Champions,0
16265.0,21,3,1105.3700000000001,1,Champions,0
16266.0,58,7,727.01,1,Champions,0
16267.0,226,1,140.1,0,Lost Customers,1
16269.0,72,1,678.15,1,Champions,0
16271.0,105,4,1925.7,1,Champions,1
16273.0,291,1,127.59,0,Lost Customers,1
16274.0,8,1,224.87,1,Champions,0
16275.0,109,2,1418.68,1,Champions,1
16276.0,114,2,407.48,1,Champions,1
16277.0,368,1,95.84,0,Lost Customers,1
16278.0,115,2,315.96,1,Champions,1
16279.0,20,6,3971.98,1,Champions,0
16280.0,360,1,218.15,0,Lost Customers,1
16281.0,58,2,824.52,1,Champions,0
16282.0,122,2,660.96,1,Champions,1
16283.0,53,3,2740.77,1,Champions,0
16284.0,28,1,205.8,1,Champions,0
16285.0,281,1,176.9,0,Lost Customers,1
16286.0,112,2,311.05,1,Champions,1
16287.0,11,4,501.48,1,Champions,0
16288.0,105,1,89.4,1,Champions,1
16289.0,97,1,132.13,1,Champions,1
16290.0,99,4,1493.85,1,Champions,1
16292.0,15,4,531.52,1,Champions,0
16293.0,2,6,2105.31,1,Champions,0
16294.0,111,1,126.05000000000001,1,Champions,1
16296.0,261,4,1214.17,0,Lost Customers,1
16298.0,32,3,235.15,1,Champions,0
16299.0,112,1,193.65,1,Champions,1
16300.0,65,3,1331.8700000000001,1,Champions,0
16301.0,371,1,107.33,0,Lost Customers,1
16303.0,27,4,2408.44,1,Champions,0
16304.0,329,1,357.79,0,Lost Customers,1
16306.0,2,2,470.85,1,Champions,0
16307.0,64,3,1106.96,1,Champions,0
16310.0,49,2,421.83,1,Champions,0
16312.0,67,1,158.4,1,Champions,0
16314.0,24,3,1162.0,1,Champions,0
16315.0,171,1,146.49,0,Lost Customers,1
16316.0,15,5,2259.83,1,Champions,0
16317.0,185,2,657.71,0,Lost Customers,1
16320.0,88,4,3960.4,1,Champions,0
16321.0,261,2,230.9,0,Lost Customers,1
16323.0,212,1,146.16,0,Lost Customers,1
16325.0,59,9,2626.63,1,Champions,0
16326.0,18,10,1391.33,1,Champions,0
16327.0,4,11,6391.29,2,At Risk,0
16328.0,198,1,310.83,0,Lost Customers,1
16329.0,62,4,1257.3700000000001,1,Champions,0
16330.0,59,4,360.2,1,Champions,0
16331.0,67,5,482.85,1,Champions,0
16332.0,66,3,346.47,1,Champions,0
16334.0,127,1,242.31,1,Champions,1
16335.0,186,7,2254.77,0,Lost Customers,1
16336.0,55,4,1915.51,1,Champions,0
16340.0,74,2,882.75,1,Champions,0
16341.0,72,3,1432.68,1,Champions,0
16343.0,42,1,231.84,1,Champions,0
16344.0,144,3,741.3199999999999,0,Lost Customers,1
16345.0,118,1,613.33,1,Champions,1
16346.0,20,1,207.0,1,Champions,0
16347.0,23,8,2293.46,1,Champions,0
16348.0,65,1,261.49,1,Champions,0
16350.0,9,5,977.9100000000001,1,Champions,0
16351.0,46,12,2975.13,1,Champions,0
16353.0,9,12,2074.55,1,Champions,0
16354.0,14,3,643.54,1,Champions,0
16355.0,10,1,390.45,1,Champions,0
16356.0,11,3,204.10000000000002,1,Champions,0
16357.0,16,1,209.49,1,Champions,0
16358.0,29,1,877.0300000000001,1,Champions,0
16359.0,11,6,704.4300000000001,1,Champions,0
16362.0,72,1,192.26999999999998,1,Champions,0
16365.0,2,7,1379.07,1,Champions,0
16366.0,217,3,978.83,0,Lost Customers,1
16367.0,18,1,530.65,1,Champions,0
16368.0,70,1,138.05,1,Champions,0
16369.0,71,4,1056.6000000000001,1,Champions,0
16371.0,83,1,135.9,1,Champions,0
16372.0,44,3,907.62,1,Champions,0
16373.0,17,2,309.49,1,Champions,0
16374.0,37,3,997.55,1,Champions,0
16375.0,105,2,104.0,1,Champions,1
16381.0,30,2,225.15,1,Champions,0
16382.0,43,2,215.75,1,Champions,0
16383.0,31,5,1960.28,1,Champions,0
16384.0,64,2,715.41,1,Champions,0
16385.0,1,3,450.67,1,Champions,0
16386.0,22,1,685.47,1,Champions,0
16387.0,30,4,594.3000000000001,1,Champions,0
16388.0,288,1,186.05,0,Lost Customers,1
16390.0,171,3,352.75,0,Lost Customers,1
16391.0,35,4,949.87,1,Champions,0
16392.0,48,2,511.91,1,Champions,0
16393.0,4,11,2402.98,1,Champions,0
16395.0,28,9,1900.25,1,Champions,0
16396.0,111,1,137.8,1,Champions,1
16397.0,263,1,97.9,0,Lost Customers,1
16399.0,24,1,199.52,1,Champions,0
16400.0,30,8,2324.0099999999998,1,Champions,0
16401.0,14,11,1696.32,1,Champions,0
16402.0,4,1,173.0,1,Champions,0
16406.0,85,2,324.61,1,Champions,0
16407.0,24,4,610.82,1,Champions,0
16408.0,226,1,229.83,0,Lost Customers,1
16409.0,15,7,3255.42,1,Champions,0
16410.0,369,1,25.200000000000003,0,Lost Customers,1
16411.0,4,3,657.2,1,Champions,0
16412.0,28,4,438.15,1,Champions,0
16413.0,10,1,247.08,1,Champions,0
16414.0,66,3,395.11,1,Champions,0
16415.0,218,2,470.48,0,Lost Customers,1
16416.0,25,6,1755.47,1,Champions,0
16417.0,127,1,35.7,1,Champions,1
16418.0,43,2,325.82,1,Champions,0
16419.0,212,2,426.79,0,Lost Customers,1
16420.0,31,1,33.0,1,Champions,0
16421.0,11,3,365.72,1,Champions,0
16422.0,4,39,5065.22,2,At Risk,0
16424.0,17,1,249.5,1,Champions,0
16428.0,48,3,609.91,1,Champions,0
16430.0,16,5,632.94,1,Champions,0
16433.0,43,1,200.26,1,Champions,0
16434.0,81,5,918.04,1,Champions,0
16435.0,147,3,699.95,0,Lost Customers,1
16436.0,303,3,319.14,0,Lost Customers,1
16437.0,16,2,301.25,1,Champions,0
16439.0,357,1,270.90000000000003,0,Lost Customers,1
16440.0,128,1,216.3,1,Champions,1
16441.0,52,3,592.53,1,Champions,0
16442.0,239,2,248.63,0,Lost Customers,1
16444.0,25,12,2681.41,1,Champions,0
16445.0,21,3,352.65,1,Champions,0
16447.0,225,2,442.49,0,Lost Customers,1
16448.0,106,1,174.19,1,Champions,1
16450.0,219,2,1003.25,0,Lost Customers,1
16451.0,196,2,736.23,0,Lost Customers,1
16452.0,265,2,332.17,0,Lost Customers,1
16453.0,165,2,212.1,0,Lost Customers,1
16454.0,241,2,24.05,0,Lost Customers,1
16455.0,6,6,2196.95,1,Champions,0
16456.0,8,9,3851.75,1,Champions,0
16458.0,10,12,2195.4,1,Champions,0
16459.0,364,1,61.35,0,Lost Customers,1
16461.0,225,2,1205.3799999999999,0,Lost Customers,1
16465.0,55,2,716.9,1,Champions,0
16466.0,18,8,1671.43,1,Champions,0
16467.0,293,2,126.0,0,Lost Customers,1
16468.0,105,2,712.62,1,Champions,1
16469.0,149,1,168.53,0,Lost Customers,1
16470.0,31,7,1595.18,1,Champions,0
16471.0,28,3,906.33,1,Champions,0
16472.0,69,2,538.6,1,Champions,0
16473.0,9,1,154.72,1,Champions,0
16476.0,66,1,306.75,1,Champions,0
16477.0,6,5,1743.6100000000001,1,Champions,0
16481.0,317,1,393.38,0,Lost Customers,1
16485.0,67,4,1763.02,1,Champions,0
16486.0,172,1,134.36,0,Lost Customers,1
16487.0,212,2,170.65,0,Lost Customers,1
16489.0,15,2,77.5,1,Champions,0
16490.0,71,1,205.41000000000003,1,Champions,0
16491.0,48,1,787.8,1,Champions,0
16492.0,175,1,385.56,0,Lost Customers,1
16493.0,79,3,509.63,1,Champions,0
16496.0,66,3,636.82,1,Champions,0
16497.0,48,17,3127.69,2,At Risk,0
16499.0,9,6,1864.67,1,Champions,0
16500.0,9,3,423.15,1,Champions,0
16501.0,18,1,1061.11,1,Champions,0
16502.0,255,1,159.17000000000002,0,Lost Customers,1
16503.0,30,7,1912.46,1,Champions,0
16507.0,207,1,125.8,0,Lost Customers,1
16508.0,265,1,202.02,0,Lost Customers,1
16510.0,7,6,1484.15,1,Champions,0
16511.0,32,3,708.75,1,Champions,0
16515.0,14,5,1525.02,1,Champions,0
16518.0,56,2,397.6,1,Champions,0
16519.0,0,3,276.68,1,Champions,0
16520.0,0,4,1360.6200000000001,1,Champions,0
16521.0,50,3,966.55,1,Champions,0
16522.0,70,2,346.6,1,Champions,0
16523.0,50,7,1844.06,1,Champions,0
16524.0,81,2,253.89000000000001,1,Champions,0
16525.0,1,23,5800.2,2,At Risk,0
16526.0,219,1,312.25,0,Lost Customers,1
16527.0,59,1,953.63,1,Champions,0
16529.0,112,3,1241.95,1,Champions,1
16530.0,303,1,38.4,0,Lost Customers,1
16531.0,16,4,924.26,1,Champions,0
16534.0,277,1,429.6,0,Lost Customers,1
16535.0,20,1,304.06,1,Champions,0
16537.0,276,1,18.55,0,Lost Customers,1
16538.0,176,3,295.97,0,Lost Customers,1
16539.0,8,7,2012.65,1,Champions,0
16540.0,49,1,205.75,1,Champions,0
16541.0,370,1,352.33,0,Lost Customers,1
16542.0,36,1,137.7,1,Champions,0
16543.0,226,1,258.07,0,Lost Customers,1
16544.0,154,4,235.10000000000002,0,Lost Customers,1
16545.0,10,1,117.0,1,Champions,0
16546.0,7,4,1903.4,1,Champions,0
16547.0,181,1,90.39999999999999,0,Lost Customers,1
16548.0,234,1,17.4,0,Lost Customers,1
16549.0,32,24,8376.23,2,At Risk,0
16550.0,3,14,6756.0,2,At Risk,0
16551.0,58,4,677.73,1,Champions,0
16552.0,8,1,69.79,1,Champions,0
16553.0,31,15,3735.4500000000003,2,At Risk,0
16554.0,21,5,1762.21,1,Champions,0
16555.0,140,4,879.01,1,Champions,1
16556.0,10,10,3982.81,1,Champions,0
16558.0,1,19,4808.85,2,At Risk,0
16559.0,32,1,175.0,1,Champions,0
16560.0,32,6,1861.8700000000001,1,Champions,0
16562.0,111,1,214.35999999999999,1,Champions,1
16563.0,35,5,1999.53,1,Champions,0
16564.0,204,1,87.8,0,Lost Customers,1
16565.0,121,2,185.35000000000002,1,Champions,1
16568.0,62,1,183.60000000000002,1,Champions,0
16569.0,266,4,554.87,0,Lost Customers,1
16570.0,14,10,2133.41,1,Champions,0
16571.0,30,7,2608.44,1,Champions,0
16574.0,58,2,850.34,1,Champions,0
16576.0,55,2,515.37,1,Champions,0
16577.0,301,1,380.0,0,Lost Customers,1
16578.0,261,1,156.6,0,Lost Customers,1
16579.0,60,1,224.7,1,Champions,0
16583.0,8,2,297.95,1,Champions,0
16584.0,67,3,911.58,1,Champions,0
16585.0,228,2,341.59,0,Lost Customers,1
16586.0,79,2,741.13,1,Champions,0
16588.0,21,4,1125.8,1,Champions,0
16589.0,85,1,153.12,1,Champions,0
16590.0,35,2,383.2,1,Champions,0
16592.0,10,12,3553.08,1,Champions,0
16593.0,25,4,462.51,1,Champions,0
16595.0,11,4,1332.73,1,Champions,0
16596.0,1,3,289.68,1,Champions,0
16599.0,20,1,172.8,1,Champions,0
16600.0,9,7,1169.15,1,Champions,0
16601.0,25,2,347.48,1,Champions,0
16602.0,23,1,235.25,1,Champions,0
16604.0,197,2,335.55,0,Lost Customers,1
16606.0,39,2,289.35,1,Champions,0
16607.0,34,11,1936.7,1,Champions,0
16608.0,88,2,1019.8000000000001,1,Champions,0
16611.0,38,5,1478.74,1,Champions,0
16612.0,14,5,1909.67,1,Champions,0
16614.0,37,2,663.65,1,Champions,0
16615.0,261,1,263.8,0,Lost Customers,1
16619.0,18,3,1520.24,1,Champions,0
16620.0,24,4,1410.96,1,Champions,0
16622.0,178,1,147.35,0,Lost Customers,1
16623.0,36,3,702.74,1,Champions,0
16625.0,57,4,1260.47,1,Champions,0
16628.0,42,2,117.3,1,Champions,0
16630.0,42,1,106.80000000000001,1,Champions,0
16631.0,116,7,1776.1100000000001,1,Champions,1
16632.0,120,2,406.4,1,Champions,1
16634.0,7,5,1178.5,1,Champions,0
16635.0,41,1,473.0,1,Champions,0
16636.0,73,4,1887.62,1,Champions,0
16638.0,3,6,747.2900000000001,1,Champions,0
16639.0,44,1,441.47,1,Champions,0
16640.0,32,1,179.4,1,Champions,0
16641.0,336,1,323.40000000000003,0,Lost Customers,1
16642.0,50,1,337.04,1,Champions,0
16643.0,57,1,414.72,1,Champions,0
16645.0,370,1,148.15,0,Lost Customers,1
16646.0,84,1,406.8,1,Champions,0
16647.0,77,2,297.94,1,Champions,0
16648.0,90,2,382.14,1,Champions,0
16649.0,155,1,211.78,0,Lost Customers,1
16650.0,55,6,1258.75,1,Champions,0
16651.0,221,1,136.2,0,Lost Customers,1
16652.0,39,9,6365.32,2,At Risk,0
16654.0,3,5,972.95,1,Champions,0
16655.0,46,7,2272.68,1,Champions,0
16656.0,55,13,1235.8500000000001,1,Champions,0
16658.0,3,6,581.65,1,Champions,0
16660.0,57,3,230.3,1,Champions,0
16661.0,175,4,581.96,0,Lost Customers,1
16662.0,29,1,129.35,1,Champions,0
16664.0,204,1,83.7,0,Lost Customers,1
16666.0,256,1,86.37,0,Lost Customers,1
16668.0,22,7,461.32,1,Champions,0
16670.0,28,9,3703.84,1,Champions,0
16673.0,314,1,149.20000000000002,0,Lost Customers,1
16675.0,76,2,354.11,1,Champions,0
16676.0,37,2,605.18,1,Champions,0
16677.0,46,2,790.92,1,Champions,0
16679.0,1,3,436.86,1,Champions,0
16680.0,169,1,330.35,0,Lost Customers,1
16681.0,276,1,151.5,0,Lost Customers,1
16683.0,168,1,294.75,0,Lost Customers,1
16684.0,14,12,7667.320000000001,2,At Risk,0
16686.0,24,9,1818.99,1,Champions,0
16687.0,25,1,154.75,1,Champions,0
16690.0,28,2,127.45,1,Champions,0
16691.0,53,2,118.98,1,Champions,0
16693.0,46,3,655.56,1,Champions,0
16694.0,358,1,58.35000000000001,0,Lost Customers,1
16695.0,196,2,172.85,0,Lost Customers,1
16699.0,15,6,598.04,1,Champions,0
16700.0,1,13,3763.98,2,At Risk,0
16701.0,58,13,2490.27,1,Champions,0
16702.0,50,4,768.63,1,Champions,0
16704.0,253,2,576.36,0,Lost Customers,1
16705.0,37,19,11955.82,2,At Risk,0
16707.0,35,4,412.58,1,Champions,0
16709.0,14,8,4267.84,1,Champions,0
16710.0,3,13,3228.66,2,At Risk,0
16711.0,14,3,611.21,1,Champions,0
16712.0,36,2,585.53,1,Champions,0
16713.0,1,18,5404.41,2,At Risk,0
16714.0,305,1,357.32,0,Lost Customers,1
16715.0,197,1,49.18,0,Lost Customers,1
16717.0,1,9,2998.9,1,Champions,0
16718.0,4,5,2609.76,1,Champions,0
16719.0,3,8,1867.13,1,Champions,0
16720.0,11,2,383.99,1,Champions,0
16722.0,1,11,3666.32,1,Champions,0
16723.0,78,2,516.33,1,Champions,0
16724.0,39,1,147.35,1,Champions,0
16725.0,6,8,937.35,1,Champions,0
16726.0,18,2,677.96,1,Champions,0
16727.0,27,3,1045.74,1,Champions,0
16731.0,283,1,170.3,0,Lost Customers,1
16732.0,38,3,3035.07,1,Champions,0
16733.0,164,1,259.68,0,Lost Customers,1
16735.0,28,9,3868.46,1,Champions,0
16736.0,140,4,2354.88,1,Champions,1
16739.0,171,1,421.63,0,Lost Customers,1
16740.0,30,1,216.96,1,Champions,0
16741.0,260,1,173.06,0,Lost Customers,1
16742.0,127,13,946.99,1,Champions,1
16743.0,91,7,1943.75,1,Champions,1
16746.0,18,23,6170.7300000000005,2,At Risk,0
16748.0,23,9,2116.87,1,Champions,0
16749.0,226,2,1626.68,0,Lost Customers,1
16752.0,7,1,110.6,1,Champions,0
16754.0,162,4,567.54,0,Lost Customers,1
16755.0,102,4,1302.21,1,Champions,1
16756.0,39,6,993.22,1,Champions,0
16757.0,44,1,157.35000000000002,1,Champions,0
16760.0,65,1,228.0,1,Champions,0
16763.0,373,1,331.55,0,Lost Customers,1
16765.0,17,1,354.65,1,Champions,0
16767.0,53,4,1354.94,1,Champions,0
16768.0,18,6,702.43,1,Champions,0
16769.0,113,3,625.5600000000001,1,Champions,1
16770.0,7,5,919.65,1,Champions,0
16771.0,179,4,1430.9,0,Lost Customers,1
16772.0,58,3,1837.6000000000001,1,Champions,0
16773.0,71,2,204.25,1,Champions,0
16774.0,58,4,805.49,1,Champions,0
16775.0,2,6,1164.43,1,Champions,0
16776.0,50,1,220.97,1,Champions,0
16777.0,48,3,895.11,1,Champions,0
16779.0,1,31,15533.76,2,At Risk,0
16780.0,42,1,151.46,1,Champions,0
16781.0,7,2,533.95,1,Champions,0
16782.0,0,26,6337.43,2,At Risk,0
16783.0,71,1,391.95,1,Champions,0
16784.0,11,4,784.73,1,Champions,0
16785.0,44,1,494.83000000000004,1,Champions,0
16787.0,32,4,900.22,1,Champions,0
16788.0,39,3,1285.35,1,Champions,0
16791.0,18,8,2052.94,1,Champions,0
16792.0,18,3,459.99,1,Champions,0
16794.0,15,5,767.9499999999999,1,Champions,0
16795.0,0,3,1999.86,1,Champions,0
16797.0,28,5,1610.5,1,Champions,0
16798.0,189,3,628.5600000000001,0,Lost Customers,1
16799.0,67,2,376.93,1,Champions,0
16802.0,314,2,579.71,0,Lost Customers,1
16805.0,212,2,566.32,0,Lost Customers,1
16807.0,105,3,925.79,1,Champions,1
16809.0,67,4,812.74,1,Champions,0
16810.0,55,1,430.8,1,Champions,0
16812.0,13,3,1633.13,1,Champions,0
16814.0,4,16,5375.39,2,At Risk,0
16815.0,88,2,371.57,1,Champions,0
16817.0,3,5,1113.5,1,Champions,0
16819.0,100,2,112.45,1,Champions,1
16821.0,16,1,51.6,1,Champions,0
16822.0,321,1,177.55,0,Lost Customers,1
16823.0,22,6,1803.84,1,Champions,0
16824.0,28,1,200.1,1,Champions,0
16825.0,13,3,746.95,1,Champions,0
16827.0,28,4,172.01,1,Champions,0
16829.0,23,1,290.6,1,Champions,0
16830.0,77,3,831.35,1,Champions,0
16831.0,199,1,91.8,0,Lost Customers,1
16832.0,63,2,218.45999999999998,1,Champions,0
16833.0,74,2,897.46,1,Champions,0
16834.0,309,1,485.5,0,Lost Customers,1
16835.0,8,5,1179.06,1,Champions,0
16836.0,41,2,530.5,1,Champions,0
16838.0,165,2,490.06,0,Lost Customers,1
16839.0,4,11,1860.66,1,Champions,0
16840.0,238,2,139.85,0,Lost Customers,1
16841.0,63,6,2123.4900000000002,1,Champions,0
16843.0,57,18,5673.58,2,At Risk,0
16844.0,197,2,614.34,0,Lost Customers,1
16845.0,253,1,232.98000000000002,0,Lost Customers,1
16846.0,212,2,618.01,0,Lost Customers,1
16847.0,253,1,320.70000000000005,0,Lost Customers,1
16848.0,11,3,1130.2,1,Champions,0
16854.0,52,2,1263.24,1,Champions,0
16856.0,52,2,316.13,1,Champions,0
16857.0,77,1,352.8,1,Champions,0
16858.0,3,10,3877.11,1,Champions,0
16859.0,51,5,826.4,1,Champions,0
16860.0,87,3,795.22,1,Champions,0
16861.0,25,3,670.83,1,Champions,0
16862.0,182,4,527.25,0,Lost Customers,1
16863.0,1,2,475.82,1,Champions,0
16864.0,69,2,293.13,1,Champions,0
16865.0,36,1,130.95,1,Champions,0
16867.0,324,1,76.74000000000001,0,Lost Customers,1
16868.0,29,3,253.07,1,Champions,0
16870.0,104,1,450.15999999999997,1,Champions,1
16872.0,62,3,284.31,1,Champions,0
16873.0,64,6,5906.86,1,Champions,0
16874.0,14,1,199.94,1,Champions,0
16875.0,72,6,1807.45,1,Champions,0
16876.0,38,1,125.57000000000001,1,Champions,0
16880.0,128,1,161.85,1,Champions,1
16883.0,6,17,1409.61,1,Champions,0
16884.0,191,2,419.53000000000003,0,Lost Customers,1
16885.0,20,1,211.49,1,Champions,0
16886.0,91,1,134.0,1,Champions,1
16887.0,35,2,426.91,1,Champions,0
16888.0,35,3,279.91,1,Champions,0
16889.0,32,3,733.04,1,Champions,0
16890.0,217,1,108.28999999999999,0,Lost Customers,1
16891.0,6,7,1107.2,1,Champions,0
16892.0,189,2,165.25,0,Lost Customers,1
16893.0,1,2,214.42000000000002,1,Champions,0
16894.0,137,2,1009.73,1,Champions,1
16895.0,73,4,802.1,1,Champions,0
16896.0,190,1,73.4,0,Lost Customers,1
16898.0,3,3,440.97999999999996,1,Champions,0
16899.0,13,2,349.67,1,Champions,0
16901.0,364,1,126.16000000000001,0,Lost Customers,1
16903.0,15,2,638.28,1,Champions,0
16904.0,2,7,1328.24,1,Champions,0
16905.0,6,11,1457.98,1,Champions,0
16906.0,63,3,720.68,1,Champions,0
16907.0,0,5,689.4,1,Champions,0
16908.0,357,1,252.59,0,Lost Customers,1
16911.0,270,2,245.3,0,Lost Customers,1
16912.0,56,4,1737.58,1,Champions,0
16913.0,286,1,41.89,0,Lost Customers,1
16915.0,21,3,122.39999999999999,1,Champions,0
16916.0,7,3,456.74,1,Champions,0
16917.0,267,1,1026.56,0,Lost Customers,1
16918.0,57,10,1900.38,1,Champions,0
16919.0,3,13,2387.91,1,Champions,0
16920.0,46,1,259.6,1,Champions,0
16921.0,77,2,158.2,1,Champions,0
16922.0,207,1,572.4300000000001,0,Lost Customers,1
16923.0,10,12,5559.85,2,At Risk,0
16925.0,175,1,125.65,0,Lost Customers,1
16926.0,6,5,774.91,1,Champions,0
16928.0,8,10,772.12,1,Champions,0
16931.0,4,3,619.45,1,Champions,0
16932.0,58,2,219.75,1,Champions,0
16933.0,24,7,2201.71,1,Champions,0
16934.0,18,4,1083.55,1,Champions,0
16935.0,16,3,530.86,1,Champions,0
16936.0,20,1,286.39,1,Champions,0
16937.0,134,1,196.25,1,Champions,1
16938.0,16,5,3940.2200000000003,1,Champions,0
16939.0,123,3,399.0,1,Champions,1
16940.0,85,5,3188.0099999999998,1,Champions,0
16941.0,246,1,33.0,0,Lost Customers,1
16944.0,244,1,101.36,0,Lost Customers,1
16945.0,28,14,3516.61,2,At Risk,0
16946.0,18,5,1162.19,1,Champions,0
16947.0,97,4,548.73,1,Champions,1
16948.0,64,4,319.5,1,Champions,0
16950.0,2,8,2051.18,1,Champions,0
16952.0,76,3,589.59,1,Champions,0
16954.0,14,11,2548.07,1,Champions,0
16955.0,3,4,390.35,1,Champions,0
16958.0,70,1,724.79,1,Champions,0
16960.0,25,5,1401.27,1,Champions,0
16961.0,23,2,478.74,1,Champions,0
16962.0,44,1,241.09,1,Champions,0
16964.0,368,2,207.85,0,Lost Customers,1
16970.0,261,1,71.4,0,Lost Customers,1
16972.0,17,2,644.5,1,Champions,0
16973.0,21,1,127.0,1,Champions,0
16974.0,157,2,365.5,0,Lost Customers,1
16975.0,58,2,634.64,1,Champions,0
16977.0,30,4,402.5,1,Champions,0
16978.0,301,2,225.05,0,Lost Customers,1
16979.0,18,3,764.95,1,Champions,0
16980.0,63,1,370.5,1,Champions,0
16983.0,4,5,1356.8899999999999,1,Champions,0
16984.0,39,7,4770.02,1,Champions,0
16985.0,11,11,3685.6400000000003,1,Champions,0
16986.0,80,9,2468.95,1,Champions,0
16987.0,11,4,811.5500000000001,1,Champions,0
16988.0,14,1,170.70000000000002,1,Champions,0
16991.0,56,1,1041.21,1,Champions,0
16992.0,22,8,2886.4900000000002,1,Champions,0
16993.0,98,2,924.9,1,Champions,1
16996.0,17,3,646.75,1,Champions,0
16998.0,79,1,107.0,1,Champions,0
17000.0,31,2,312.7,1,Champions,0
17001.0,11,8,2416.2,1,Champions,0
17002.0,78,4,769.0,1,Champions,0
17003.0,37,4,813.56,1,Champions,0
17004.0,27,2,688.94,1,Champions,0
17005.0,105,2,209.35,1,Champions,1
17006.0,27,4,792.01,1,Champions,0
17007.0,72,1,203.32,1,Champions,0
17008.0,64,1,81.36,1,Champions,0
17009.0,186,1,77.05,0,Lost Customers,1
17011.0,286,1,183.12,0,Lost Customers,1
17012.0,360,1,360.61,0,Lost Customers,1
17016.0,211,1,428.05,0,Lost Customers,1
17017.0,2,12,4193.51,2,At Risk,0
17018.0,22,4,1367.6,1,Champions,0
17019.0,3,8,2435.02,1,Champions,0
17020.0,177,2,935.62,0,Lost Customers,1
17021.0,77,5,841.22,1,Champions,0
17022.0,67,1,129.3,1,Champions,0
17023.0,52,3,772.48,1,Champions,0
17025.0,8,4,635.0699999999999,1,Champions,0
17026.0,4,2,41.4,1,Champions,0
17027.0,81,2,207.32,1,Champions,0
17028.0,216,3,1508.52,0,Lost Customers,1
17029.0,71,2,325.3,1,Champions,0
17031.0,13,3,419.5,1,Champions,0
17032.0,238,5,2659.45,0,Lost Customers,1
17033.0,32,1,257.25,1,Champions,0
17034.0,44,2,530.9,1,Champions,0
17035.0,226,2,154.56,0,Lost Customers,1
17036.0,18,1,114.55,1,Champions,0
17038.0,50,1,564.12,1,Champions,0
17039.0,239,1,1663.5700000000002,0,Lost Customers,1
17040.0,185,1,13.52,0,Lost Customers,1
17041.0,32,3,525.0,1,Champions,0
17043.0,10,4,692.03,1,Champions,0
17044.0,9,10,5096.39,2,At Risk,0
17045.0,11,2,289.05,1,Champions,0
17046.0,79,3,1066.77,1,Champions,0
17047.0,66,3,1049.23,1,Champions,0
17048.0,72,4,1132.41,1,Champions,0
17049.0,10,10,3576.78,1,Champions,0
17050.0,10,4,685.28,1,Champions,0
17051.0,81,3,447.88,1,Champions,0
17055.0,80,1,222.9,1,Champions,0
17056.0,373,1,128.60000000000002,0,Lost Customers,1
17057.0,231,1,269.24,0,Lost Customers,1
17059.0,4,5,2292.98,1,Champions,0
17062.0,0,4,627.74,1,Champions,0
17063.0,42,6,2142.94,1,Champions,0
17065.0,272,2,75.30000000000001,0,Lost Customers,1
17066.0,361,1,228.34,0,Lost Customers,1
17067.0,359,3,261.09999999999997,0,Lost Customers,1
17068.0,3,27,4464.4800000000005,2,At Risk,0
17069.0,8,6,2588.63,1,Champions,0
17070.0,45,1,133.18,1,Champions,0
17071.0,16,4,1194.69,1,Champions,0
17072.0,260,1,253.45,0,Lost Customers,1
17074.0,197,1,11.8,0,Lost Customers,1
17075.0,64,6,1318.86,1,Champions,0
17076.0,27,3,383.77,1,Champions,0
17077.0,213,1,306.0,0,Lost Customers,1
17080.0,14,5,514.06,1,Champions,0
17081.0,30,4,556.67,1,Champions,0
17082.0,29,4,2378.28,1,Champions,0
17083.0,44,6,1689.56,1,Champions,0
17084.0,31,1,1819.75,1,Champions,0
17085.0,11,23,5909.03,2,At Risk,0
17087.0,372,1,221.53,0,Lost Customers,1
17089.0,21,1,128.45,1,Champions,0
17090.0,9,6,942.8100000000001,1,Champions,0
17091.0,2,11,3699.98,1,Champions,0
17092.0,72,6,3464.12,1,Champions,0
17093.0,227,1,235.88,0,Lost Customers,1
17094.0,58,1,100.2,1,Champions,0
17095.0,65,4,842.5,1,Champions,0
17096.0,18,7,2319.25,1,Champions,0
17097.0,0,2,303.86,1,Champions,0
17098.0,16,3,450.82,1,Champions,0
17099.0,168,1,528.97,0,Lost Customers,1
17101.0,29,3,759.15,1,Champions,0
17103.0,357,1,389.5,0,Lost Customers,1
17104.0,58,1,461.28,1,Champions,0
17106.0,24,1,423.43,1,Champions,0
17107.0,32,4,3972.6,1,Champions,0
17108.0,298,1,174.95,0,Lost Customers,1
17109.0,41,2,410.42,1,Champions,0
17110.0,155,2,173.3,0,Lost Customers,1
17111.0,60,1,212.64,1,Champions,0
17112.0,137,1,197.57,1,Champions,1
17113.0,209,6,2039.47,0,Lost Customers,1
17115.0,183,4,1495.43,0,Lost Customers,1
17116.0,283,1,348.74,0,Lost Customers,1
17121.0,37,1,255.04,1,Champions,0
17122.0,23,3,432.18,1,Champions,0
17123.0,74,2,551.97,1,Champions,0
17126.0,16,4,780.9300000000001,1,Champions,0
17127.0,63,5,1155.0300000000002,1,Champions,0
17129.0,155,1,31.85,0,Lost Customers,1
17132.0,87,2,991.73,1,Champions,0
17133.0,210,2,19.98,0,Lost Customers,1
17134.0,77,1,192.20000000000002,1,Champions,0
17135.0,6,4,661.5699999999999,1,Champions,0
17136.0,297,1,176.0,0,Lost Customers,1
17137.0,51,6,1097.53,1,Champions,0
17138.0,24,6,3526.4500000000003,1,Champions,0
17139.0,24,13,7085.41,2,At Risk,0
17141.0,53,4,670.4300000000001,1,Champions,0
17142.0,39,3,568.2,1,Champions,0
17143.0,52,2,688.67,1,Champions,0
17145.0,147,4,2705.36,1,Champions,1
17146.0,70,10,4254.01,1,Champions,0
17147.0,87,5,749.11,1,Champions,0
17149.0,86,1,143.10000000000002,1,Champions,0
17150.0,11,6,1226.65,1,Champions,0
17151.0,370,1,231.90000000000003,0,Lost Customers,1
17152.0,60,1,327.0,1,Champions,0
17155.0,162,5,470.6,0,Lost Customers,1
17156.0,126,1,584.31,1,Champions,1
17157.0,115,16,2582.84,2,At Risk,1
17158.0,182,2,662.03,0,Lost Customers,1
17159.0,112,2,349.56,1,Champions,1
17160.0,9,11,6489.09,2,At Risk,0
17161.0,79,1,814.8100000000001,1,Champions,0
17163.0,80,2,385.68,1,Champions,0
17165.0,16,5,1456.49,1,Champions,0
17167.0,14,3,806.16,1,Champions,0
17168.0,133,1,361.25,1,Champions,1
17169.0,213,1,308.2,0,Lost Customers,1
17170.0,9,2,178.68,1,Champions,0
17171.0,296,1,114.28,0,Lost Customers,1
17172.0,65,2,376.7,1,Champions,0
17176.0,161,2,549.89,0,Lost Customers,1
17177.0,140,1,94.60000000000001,0,Lost Customers,1
17178.0,366,1,276.76,0,Lost Customers,1
17179.0,17,3,795.47,1,Champions,0
17180.0,57,7,1145.94,1,Champions,0
17181.0,230,1,23.98,0,Lost Customers,1
17182.0,57,2,321.3,1,Champions,0
17184.0,204,2,198.41000000000003,0,Lost Customers,1
17185.0,226,3,229.46,0,Lost Customers,1
17187.0,161,1,152.7,0,Lost Customers,1
17188.0,81,6,1983.3400000000001,1,Champions,0
17189.0,195,3,542.76,0,Lost Customers,1
17190.0,38,4,615.04,1,Champions,0
17191.0,3,11,2363.57,1,Champions,0
17192.0,171,1,62.53,0,Lost Customers,1
17193.0,21,2,215.4,1,Champions,0
17194.0,165,1,464.38,0,Lost Customers,1
17195.0,290,1,501.9,0,Lost Customers,1
17196.0,62,1,287.95,1,Champions,0
17198.0,0,2,388.94,1,Champions,0
17199.0,217,1,104.08000000000001,0,Lost Customers,1
17200.0,22,3,176.71,1,Champions,0
17201.0,158,3,714.52,0,Lost Customers,1
17202.0,55,1,160.65,1,Champions,0
17203.0,23,4,500.02,1,Champions,0
17204.0,9,5,2649.67,1,Champions,0
17205.0,51,2,107.13,1,Champions,0
17207.0,287,1,257.64,0,Lost Customers,1
17208.0,30,1,111.15,1,Champions,0
17209.0,284,2,252.95000000000002,0,Lost Customers,1
17210.0,27,1,239.45,1,Champions,0
17211.0,4,6,1659.05,1,Champions,0
17212.0,93,2,441.74,1,Champions,1
17213.0,1,7,2319.7200000000003,1,Champions,0
17215.0,99,1,186.15,1,Champions,1
17216.0,189,1,63.6,0,Lost Customers,1
17217.0,254,1,55.8,0,Lost Customers,1
17218.0,3,9,1979.05,1,Champions,0
17219.0,51,1,144.9,1,Champions,0
17220.0,52,7,1219.71,1,Champions,0
17221.0,226,3,563.4,0,Lost Customers,1
17222.0,112,5,1180.85,1,Champions,1
17223.0,3,2,259.99,1,Champions,0
17224.0,136,1,60.91,1,Champions,1
17225.0,216,1,131.15,0,Lost Customers,1
17226.0,79,2,288.83,1,Champions,0
17227.0,3,7,557.95,1,Champions,0
17228.0,2,7,1193.76,1,Champions,0
17230.0,218,9,4249.06,0,Lost Customers,1
17231.0,24,15,3496.27,2,At Risk,0
17233.0,83,2,355.03000000000003,1,Champions,0
17235.0,7,7,1229.24,1,Champions,0
17236.0,45,6,542.73,1,Champions,0
17237.0,10,2,666.69,1,Champions,0
17238.0,6,17,3601.25,2,At Risk,0
17239.0,22,3,329.35,1,Champions,0
17240.0,231,1,130.6,0,Lost Customers,1
17241.0,20,12,2296.69,1,Champions,0
17242.0,91,3,1423.48,1,Champions,1
17243.0,4,44,10084.800000000001,2,At Risk,0
17244.0,18,4,634.36,1,Champions,0
17245.0,324,1,182.54,0,Lost Customers,1
17246.0,181,2,28.97,0,Lost Customers,1
17248.0,116,1,181.89000000000001,1,Champions,1
17249.0,63,1,64.88,1,Champions,0
17251.0,17,2,516.4,1,Champions,0
17254.0,36,1,193.25,1,Champions,0
17255.0,25,2,397.01,1,Champions,0
17256.0,235,2,56.129999999999995,0,Lost Customers,1
17257.0,71,1,68.35,1,Champions,0
17258.0,31,2,417.3,1,Champions,0
17259.0,3,5,1111.46,1,Champions,0
17260.0,46,1,79.2,1,Champions,0
17261.0,144,1,201.69,0,Lost Customers,1
17262.0,1,4,322.56,1,Champions,0
17264.0,59,1,215.71,1,Champions,0
17266.0,134,2,149.44,1,Champions,1
17268.0,126,6,809.6,1,Champions,1
17269.0,20,1,450.15000000000003,1,Champions,0
17270.0,104,2,390.44,1,Champions,1
17271.0,371,1,180.08,0,Lost Customers,1
17273.0,59,1,141.12,1,Champions,0
17274.0,30,1,435.55,1,Champions,0
17275.0,18,1,81.4,1,Champions,0
17276.0,37,1,382.89,1,Champions,0
17278.0,200,1,25.2,0,Lost Customers,1
17280.0,73,1,118.85999999999999,1,Champions,0
17281.0,9,3,272.55,1,Champions,0
17282.0,91,2,517.77,1,Champions,1
17283.0,13,1,104.33000000000001,1,Champions,0
17284.0,24,1,823.06,1,Champions,0
17285.0,263,2,248.24,0,Lost Customers,1
17286.0,35,2,165.81,1,Champions,0
17287.0,2,16,2327.64,2,At Risk,0
17288.0,25,4,895.6,1,Champions,0
17289.0,11,6,941.27,1,Champions,0
17290.0,16,5,731.95,1,Champions,0
17292.0,107,2,111.88,1,Champions,1
17293.0,29,8,1457.54,1,Champions,0
17294.0,304,2,296.16,0,Lost Customers,1
17296.0,365,1,198.78,0,Lost Customers,1
17298.0,9,3,378.32,1,Champions,0
17299.0,74,2,333.14,1,Champions,0
17300.0,25,2,223.49,1,Champions,0
17301.0,259,1,131.15,0,Lost Customers,1
17304.0,169,1,59.0,0,Lost Customers,1
17305.0,283,1,63.5,0,Lost Customers,1
17307.0,30,7,820.0500000000001,1,Champions,0
17309.0,16,2,174.24,1,Champions,0
17311.0,27,4,1343.6100000000001,1,Champions,0
17314.0,28,9,2009.38,1,Champions,0
17315.0,10,5,2880.04,1,Champions,0
17316.0,55,1,124.45,1,Champions,0
17318.0,360,1,147.38,0,Lost Customers,1
17319.0,304,1,29.1,0,Lost Customers,1
17320.0,3,4,1654.83,1,Champions,0
17321.0,29,4,775.19,1,Champions,0
17322.0,11,5,852.29,1,Champions,0
17323.0,42,5,627.12,1,Champions,0
17324.0,1,9,1271.99,1,Champions,0
17325.0,45,2,389.96,1,Champions,0
17326.0,43,2,271.07,1,Champions,0
17327.0,44,2,106.25,1,Champions,0
17328.0,308,1,29.700000000000003,0,Lost Customers,1
17329.0,366,3,465.34000000000003,0,Lost Customers,1
17332.0,163,5,671.81,0,Lost Customers,1
17334.0,41,1,295.48,1,Champions,0
17335.0,18,2,460.23,1,Champions,0
17338.0,10,9,5072.99,2,At Risk,0
17339.0,0,2,119.0,1,Champions,0
17340.0,1,8,7929.7,2,At Risk,0
17341.0,1,3,904.62,1,Champions,0
17342.0,14,4,991.35,1,Champions,0
17343.0,11,5,896.5,1,Champions,0
17344.0,363,1,282.94,0,Lost Customers,1
17345.0,10,6,780.96,1,Champions,0
17346.0,8,12,2290.31,1,Champions,0
17348.0,72,4,1114.61,1,Champions,0
17349.0,15,3,422.5,1,Champions,0
17350.0,29,3,530.5,1,Champions,0
17351.0,62,9,1388.33,1,Champions,0
17352.0,331,1,36.25,0,Lost Customers,1
17354.0,63,2,386.21,1,Champions,0
17355.0,21,1,153.09,1,Champions,0
17356.0,189,4,595.5699999999999,0,Lost Customers,1
17358.0,11,3,454.27,1,Champions,0
17359.0,283,1,133.9,0,Lost Customers,1
17360.0,20,3,547.57,1,Champions,0
17361.0,311,2,383.59000000000003,0,Lost Customers,1
17362.0,35,5,662.21,1,Champions,0
17363.0,30,3,842.46,1,Champions,0
17364.0,11,16,6042.64,2,At Risk,0
17365.0,22,6,2905.48,1,Champions,0
17366.0,67,2,799.02,1,Champions,0
17368.0,10,5,524.05,1,Champions,0
17371.0,258,3,236.97,0,Lost Customers,1
17372.0,16,19,2461.9,2,At Risk,0
17373.0,53,3,520.58,1,Champions,0
17374.0,30,1,231.34,1,Champions,0
17375.0,66,1,260.45,1,Champions,0
17376.0,39,2,210.64,1,Champions,0
17377.0,0,59,13298.37,2,At Risk,0
17380.0,69,3,585.0,1,Champions,0
17381.0,52,1,306.0,1,Champions,0
17382.0,70,6,553.2,1,Champions,0
17383.0,88,1,1.25,1,Champions,0
17384.0,102,1,171.15,1,Champions,1
17386.0,20,1,126.35000000000001,1,Champions,0
17388.0,55,5,369.4,1,Champions,0
17389.0,9,19,5430.4400000000005,2,At Risk,0
17390.0,55,1,149.3,1,Champions,0
17392.0,85,1,141.7,1,Champions,0
17393.0,45,2,274.53000000000003,1,Champions,0
17395.0,143,1,97.5,0,Lost Customers,1
17396.0,6,7,980.55,1,Champions,0
17397.0,51,1,424.84,1,Champions,0
17400.0,216,3,2256.16,0,Lost Customers,1
17401.0,176,1,114.85,0,Lost Customers,1
17402.0,4,10,941.13,1,Champions,0
17403.0,85,1,76.25,1,Champions,0
17404.0,62,7,1312.54,1,Champions,0
17406.0,1,9,2096.15,1,Champions,0
17407.0,46,1,453.4,1,Champions,0
17408.0,149,1,101.25,0,Lost Customers,1
17409.0,56,8,2653.26,1,Champions,0
17411.0,21,2,646.44,1,Champions,0
17412.0,7,10,2468.06,1,Champions,0
17413.0,39,2,246.7,1,Champions,0
17414.0,58,2,28.799999999999997,1,Champions,0
17416.0,28,15,8155.25,2,At Risk,0
17417.0,183,1,164.18,0,Lost Customers,1
17418.0,22,1,166.28,1,Champions,0
17419.0,2,8,2021.75,1,Champions,0
17420.0,8,4,465.65,1,Champions,0
17421.0,21,3,1019.35,1,Champions,0
17422.0,16,5,1461.89,1,Champions,0
17423.0,28,1,258.3,1,Champions,0
17426.0,87,7,2613.27,1,Champions,0
17428.0,3,16,9087.22,2,At Risk,0
17429.0,31,2,816.4300000000001,1,Champions,0
17430.0,0,3,451.9,1,Champions,0
17432.0,20,7,1245.36,1,Champions,0
17433.0,20,1,221.95000000000002,1,Champions,0
17435.0,46,1,215.85000000000002,1,Champions,0
17436.0,43,3,317.76,1,Champions,0
17437.0,164,1,311.7,0,Lost Customers,1
17438.0,79,4,863.02,1,Champions,0
17439.0,290,1,218.7,0,Lost Customers,1
17440.0,184,1,137.16,0,Lost Customers,1
17441.0,367,1,280.75,0,Lost Customers,1
17442.0,16,9,2230.67,1,Champions,0
17448.0,164,41,13468.11,2,At Risk,1
17449.0,22,6,2250.57,1,Champions,0
17450.0,2,3,1048.4199999999998,1,Champions,0
17454.0,97,6,892.66,1,Champions,1
17456.0,0,2,913.01,1,Champions,0
17457.0,14,9,1624.97,1,Champions,0
17458.0,16,1,209.6,1,Champions,0
17460.0,7,11,1494.76,1,Champions,0
17463.0,195,2,629.55,0,Lost Customers,1
17464.0,157,2,493.28000000000003,0,Lost Customers,1
17465.0,60,7,2343.64,1,Champions,0
17467.0,30,1,42.900000000000006,1,Champions,0
17468.0,10,1,57.8,1,Champions,0
17469.0,35,12,2859.75,1,Champions,0
17470.0,2,7,1624.84,1,Champions,0
17471.0,109,1,321.65000000000003,1,Champions,1
17472.0,263,1,223.07,0,Lost Customers,1
17473.0,43,2,573.1,1,Champions,0
17474.0,234,1,513.0,0,Lost Customers,1
17476.0,30,2,324.71000000000004,1,Champions,0
17477.0,247,2,577.4,0,Lost Customers,1
17478.0,43,2,1143.5,1,Champions,0
17479.0,267,1,389.26000000000005,0,Lost Customers,1
17480.0,79,1,370.40999999999997,1,Champions,0
17482.0,122,2,684.79,1,Champions,1
17483.0,49,1,113.94,1,Champions,0
17484.0,211,2,123.47,0,Lost Customers,1
17487.0,363,1,140.60000000000002,0,Lost Customers,1
17488.0,276,1,336.5,0,Lost Customers,1
17490.0,23,2,638.28,1,Champions,0
17491.0,2,8,1659.16,1,Champions,0
17492.0,113,2,684.1,1,Champions,1
17493.0,20,1,97.55000000000001,1,Champions,0
17494.0,136,1,34.8,1,Champions,1
17495.0,25,1,238.26,1,Champions,0
17496.0,198,3,977.49,0,Lost Customers,1
17497.0,25,2,244.8,1,Champions,0
17499.0,196,1,599.46,0,Lost Customers,1
17504.0,15,9,4471.12,1,Champions,0
17505.0,185,3,1082.99,0,Lost Customers,1
17508.0,16,7,3048.93,1,Champions,0
17510.0,55,1,178.36,1,Champions,0
17511.0,2,26,19124.84,2,At Risk,0
17512.0,87,6,1482.75,1,Champions,0
17513.0,43,2,645.6,1,Champions,0
17514.0,304,1,313.35,0,Lost Customers,1
17515.0,29,5,532.99,1,Champions,0
17516.0,13,1,157.72,1,Champions,0
17518.0,60,2,269.1,1,Champions,0
17519.0,3,10,2493.5,1,Champions,0
17521.0,29,2,502.2,1,Champions,0
17524.0,73,2,354.34,1,Champions,0
17525.0,32,2,472.8,1,Champions,0
17526.0,0,9,1323.67,1,Champions,0
17529.0,245,2,1058.85,0,Lost Customers,1
17530.0,0,3,588.16,1,Champions,0
17531.0,162,2,807.14,0,Lost Customers,1
17532.0,20,1,65.34,1,Champions,0
17533.0,69,1,34.8,1,Champions,0
17534.0,86,4,1300.57,1,Champions,0
17536.0,55,2,158.38,1,Champions,0
17539.0,263,3,970.4399999999999,0,Lost Customers,1
17540.0,18,4,1011.7,1,Champions,0
17541.0,144,1,76.58,0,Lost Customers,1
17542.0,276,2,165.32,0,Lost Customers,1
17543.0,184,1,120.05,0,Lost Customers,1
17544.0,25,3,832.32,1,Champions,0
17545.0,25,3,470.69,1,Champions,0
17547.0,10,2,497.25,1,Champions,0
17548.0,13,3,586.2,1,Champions,0
17550.0,32,6,1481.6,1,Champions,0
17552.0,7,10,1912.74,1,Champions,0
17555.0,60,3,565.43,1,Champions,0
17556.0,14,1,142.77,1,Champions,0
17557.0,367,1,34.0,0,Lost Customers,1
17558.0,28,1,259.17,1,Champions,0
17559.0,147,1,117.22,0,Lost Customers,1
17560.0,30,4,640.05,1,Champions,0
17561.0,25,3,488.17,1,Champions,0
17563.0,213,2,379.63,0,Lost Customers,1
17565.0,221,1,128.35,0,Lost Customers,1
17567.0,7,2,1011.8,1,Champions,0
17568.0,268,1,367.49,0,Lost Customers,1
17571.0,177,1,172.59,0,Lost Customers,1
17572.0,8,7,496.26000000000005,1,Champions,0
17575.0,302,1,68.0,0,Lost Customers,1
17576.0,0,23,4443.96,2,At Risk,0
17577.0,280,2,348.75,0,Lost Customers,1
17578.0,109,6,864.9200000000001,1,Champions,1
17579.0,213,1,201.48,0,Lost Customers,1
17580.0,11,2,312.55,1,Champions,0
17581.0,7,20,7188.79,2,At Risk,0
17582.0,81,4,774.0,1,Champions,0
17583.0,195,1,135.95,0,Lost Customers,1
17584.0,102,4,2123.15,1,Champions,1
17585.0,80,3,713.16,1,Champions,0
17586.0,254,1,167.4,0,Lost Customers,1
17587.0,263,1,151.21,0,Lost Customers,1
17588.0,31,4,1209.03,1,Champions,0
17589.0,20,14,10414.29,2,At Risk,0
17591.0,2,2,364.97,1,Champions,0
17592.0,373,1,148.3,0,Lost Customers,1
17593.0,44,6,3745.01,1,Champions,0
17594.0,84,2,1455.5,1,Champions,0
17596.0,3,7,1276.47,1,Champions,0
17597.0,53,4,1161.42,1,Champions,0
17598.0,16,1,409.98,1,Champions,0
17599.0,112,1,52.05,1,Champions,1
17601.0,15,1,267.22,1,Champions,0
17602.0,107,8,2027.7,1,Champions,1
17603.0,252,3,1370.96,0,Lost Customers,1
17604.0,57,4,602.78,1,Champions,0
17605.0,225,1,160.75,0,Lost Customers,1
17606.0,372,1,87.30000000000001,0,Lost Customers,1
17607.0,11,1,287.43,1,Champions,0
17608.0,84,2,292.81,1,Champions,0
17609.0,37,6,587.08,1,Champions,0
17610.0,175,5,1441.46,0,Lost Customers,1
17611.0,56,13,4010.9500000000003,2,At Risk,0
17612.0,14,12,3134.88,1,Champions,0
17615.0,22,3,309.8,1,Champions,0
17617.0,193,1,385.19,0,Lost Customers,1
17618.0,18,8,2692.2400000000002,1,Champions,0
17621.0,39,3,1223.22,1,Champions,0
17622.0,232,2,1010.8100000000001,0,Lost Customers,1
17623.0,44,6,1528.6200000000001,1,Champions,0
17624.0,72,2,647.05,1,Champions,0
17625.0,81,4,3738.83,1,Champions,0
17626.0,237,1,234.1,0,Lost Customers,1
17627.0,113,1,129.7,1,Champions,1
17629.0,23,2,581.85,1,Champions,0
17631.0,9,4,470.16,1,Champions,0
17633.0,14,3,646.6,1,Champions,0
17635.0,59,3,1090.5,1,Champions,0
17639.0,22,5,427.68,1,Champions,0
17640.0,14,5,1569.26,1,Champions,0
17642.0,64,3,1044.36,1,Champions,0
17643.0,8,2,428.75,1,Champions,0
17644.0,29,9,2835.31,1,Champions,0
17646.0,0,10,2635.1,1,Champions,0
17647.0,304,2,108.89999999999999,0,Lost Customers,1
17648.0,20,1,418.87,1,Champions,0
17649.0,104,2,620.9,1,Champions,1
17651.0,133,6,1575.26,1,Champions,1
17655.0,1,3,749.24,1,Champions,0
17657.0,65,1,126.0,1,Champions,0
17659.0,7,3,747.48,1,Champions,0
17660.0,372,1,147.72,0,Lost Customers,1
17662.0,296,2,352.92,0,Lost Customers,1
17663.0,52,10,2372.26,1,Champions,0
17664.0,109,2,522.44,1,Champions,1
17665.0,128,1,260.7,1,Champions,1
17666.0,112,3,571.44,1,Champions,1
17667.0,70,4,1696.89,1,Champions,0
17669.0,97,3,1356.63,1,Champions,1
17671.0,0,2,801.76,1,Champions,0
17672.0,52,4,2108.19,1,Champions,0
17673.0,10,6,1916.09,1,Champions,0
17674.0,3,1,96.18,1,Champions,0
17675.0,2,38,13495.66,2,At Risk,0
17676.0,1,5,1331.8,1,Champions,0
17677.0,3,25,6421.04,2,At Risk,0
17678.0,238,1,223.5,0,Lost Customers,1
17679.0,156,5,1536.36,0,Lost Customers,1
17680.0,18,2,153.3,1,Champions,0
17681.0,263,3,322.6,0,Lost Customers,1
17682.0,3,6,1949.8,1,Champions,0
17683.0,20,3,732.29,1,Champions,0
17685.0,7,6,1723.26,1,Champions,0
17686.0,58,2,2285.55,1,Champions,0
17687.0,55,1,432.68,1,Champions,0
17688.0,28,1,304.2,1,Champions,0
17689.0,23,2,300.7,1,Champions,0
17690.0,1,8,2156.96,1,Champions,0
17691.0,3,3,489.65000000000003,1,Champions,0
17692.0,31,8,2120.84,1,Champions,0
17694.0,146,2,843.27,0,Lost Customers,1
17695.0,29,3,435.90000000000003,1,Champions,0
17696.0,17,19,4171.13,2,At Risk,0
17699.0,111,2,429.25,1,Champions,1
17700.0,16,10,3716.37,1,Champions,0
17702.0,18,2,1217.16,1,Champions,0
17703.0,53,1,296.1,1,Champions,0
17705.0,90,2,204.7,1,Champions,0
17706.0,1,17,7769.9800000000005,2,At Risk,0
17707.0,11,6,232.5,1,Champions,0
17708.0,37,2,616.1,1,Champions,0
17709.0,105,4,400.26,1,Champions,1
17710.0,58,1,244.6,1,Champions,0
17713.0,17,4,1043.54,1,Champions,0
17714.0,59,4,1087.83,1,Champions,0
17716.0,31,11,8003.03,2,At Risk,0
17717.0,56,1,343.1,1,Champions,0
17718.0,279,1,299.83,0,Lost Customers,1
17720.0,2,7,1326.49,1,Champions,0
17721.0,294,1,307.21000000000004,0,Lost Customers,1
17722.0,1,2,1563.3700000000001,1,Champions,0
17726.0,30,7,1066.56,1,Champions,0
17728.0,39,2,1213.95,1,Champions,0
17729.0,231,1,421.7,0,Lost Customers,1
17730.0,17,6,1884.07,1,Champions,0
17731.0,256,2,464.32,0,Lost Customers,1
17732.0,7,8,1794.67,1,Champions,0
17734.0,160,3,634.09,0,Lost Customers,1
17735.0,2,8,3608.67,1,Champions,0
17738.0,30,9,2040.09,1,Champions,0
17739.0,9,11,4633.78,2,At Risk,0
17740.0,24,4,224.10000000000002,1,Champions,0
17741.0,41,2,69.9,1,Champions,0
17742.0,63,9,1047.02,1,Champions,0
17743.0,83,1,229.2,1,Champions,0
17744.0,15,1,235.74,1,Champions,0
17745.0,112,2,375.73,1,Champions,1
17746.0,106,3,478.52,1,Champions,1
17748.0,162,1,289.65,0,Lost Customers,1
17749.0,181,1,280.76,0,Lost Customers,1
17751.0,56,1,129.13,1,Champions,0
17753.0,99,4,362.15999999999997,1,Champions,1
17754.0,9,7,1503.76,1,Champions,0
17756.0,10,3,634.98,1,Champions,0
17757.0,3,28,3149.5,2,At Risk,0
17758.0,62,4,1198.47,1,Champions,0
17759.0,28,2,337.4,1,Champions,0
17760.0,8,5,418.48,1,Champions,0
17762.0,91,1,117.15,1,Champions,1
17763.0,288,3,61.2,0,Lost Customers,1
17764.0,37,3,721.59,1,Champions,0
17765.0,83,1,99.47,1,Champions,0
17766.0,16,2,285.48,1,Champions,0
17767.0,45,1,141.85,1,Champions,0
17768.0,22,3,897.6,1,Champions,0
17769.0,18,7,2604.13,1,Champions,0
17771.0,71,2,87.8,1,Champions,0
17772.0,27,1,150.65,1,Champions,0
17773.0,149,2,565.42,0,Lost Customers,1
17774.0,32,5,1677.58,1,Champions,0
17776.0,21,2,286.67,1,Champions,0
17778.0,296,1,72.9,0,Lost Customers,1
17780.0,302,3,343.08,0,Lost Customers,1
17782.0,17,2,577.74,1,Champions,0
17783.0,147,1,82.99,0,Lost Customers,1
17784.0,185,1,100.11,0,Lost Customers,1
17785.0,80,2,203.44,1,Champions,0
17787.0,6,1,597.33,1,Champions,0
17789.0,296,1,171.25,0,Lost Customers,1
17790.0,13,6,724.12,1,Champions,0
17792.0,102,2,317.8,1,Champions,1
17794.0,321,2,147.3,0,Lost Customers,1
17796.0,4,4,615.64,1,Champions,0
17797.0,30,5,1155.99,1,Champions,0
17798.0,216,1,178.07,0,Lost Customers,1
17799.0,24,10,2799.04,1,Champions,0
17801.0,86,3,697.85,1,Champions,0
17802.0,7,8,3632.96,1,Champions,0
17803.0,27,1,171.91,1,Champions,0
17804.0,11,3,358.28000000000003,1,Champions,0
17807.0,30,3,417.92,1,Champions,0
17808.0,183,4,173.39,0,Lost Customers,1
17809.0,6,9,3175.38,1,Champions,0
17810.0,303,2,291.61,0,Lost Customers,1
17811.0,9,8,1471.72,1,Champions,0
17812.0,3,4,359.48,1,Champions,0
17814.0,10,2,1333.9,1,Champions,0
17815.0,28,1,298.2,1,Champions,0
17816.0,0,3,74.88,1,Champions,0
17817.0,13,3,383.07,1,Champions,0
17818.0,372,1,124.78,0,Lost Customers,1
17819.0,6,5,701.39,1,Champions,0
17820.0,9,1,145.76,1,Champions,0
17821.0,41,1,258.3,1,Champions,0
17822.0,55,5,1363.86,1,Champions,0
17823.0,56,2,401.92,1,Champions,0
17825.0,233,4,449.36,0,Lost Customers,1
17826.0,9,1,132.5,1,Champions,0
17827.0,256,1,382.53999999999996,0,Lost Customers,1
17829.0,59,3,3082.1800000000003,1,Champions,0
17833.0,358,1,320.56,0,Lost Customers,1
17834.0,49,2,327.88,1,Champions,0
17838.0,0,10,3214.84,1,Champions,0
17840.0,78,1,160.99,1,Champions,0
17841.0,0,88,22730.24,3,Loyal Customers,0
17842.0,237,1,347.09000000000003,0,Lost Customers,1
17843.0,46,1,105.08,1,Champions,0
17845.0,190,4,514.39,0,Lost Customers,1
17847.0,150,2,129.69,0,Lost Customers,1
17848.0,52,15,787.33,1,Champions,0
17849.0,115,3,225.56,1,Champions,1
17850.0,7,155,48996.72,3,Loyal Customers,0
17851.0,57,6,1484.85,1,Champions,0
17852.0,23,3,533.52,1,Champions,0
17853.0,42,3,1298.19,1,Champions,0
17854.0,97,4,632.37,1,Champions,1
17855.0,7,1,199.02,1,Champions,0
17858.0,4,15,3889.0600000000004,2,At Risk,0
17860.0,3,4,659.42,1,Champions,0
17861.0,20,10,2286.44,1,Champions,0
17862.0,20,3,794.76,1,Champions,0
17863.0,4,7,2078.58,1,Champions,0
17864.0,20,2,275.40000000000003,1,Champions,0
17865.0,10,25,12154.33,2,At Risk,0
17866.0,119,2,447.3,1,Champions,1
17867.0,45,8,283.85,1,Champions,0
17868.0,21,1,207.25,1,Champions,0
17869.0,3,3,329.57,1,Champions,0
17871.0,32,4,730.9,1,Champions,0
17872.0,16,1,235.87,1,Champions,0
17873.0,8,13,3683.6400000000003,2,At Risk,0
17875.0,323,1,163.62,0,Lost Customers,1
17878.0,30,2,922.35,1,Champions,0
17880.0,274,2,366.0,0,Lost Customers,1
17882.0,14,2,271.66,1,Champions,0
17883.0,174,3,220.95,0,Lost Customers,1
17884.0,3,17,2032.22,2,At Risk,0
17886.0,72,3,285.08,1,Champions,0
17888.0,9,17,945.22,1,Champions,0
17889.0,9,5,508.92,1,Champions,0
17894.0,1,10,1217.16,1,Champions,0
17897.0,2,8,1186.05,1,Champions,0
17898.0,87,2,111.27,1,Champions,0
17901.0,156,1,30.0,0,Lost Customers,1
17902.0,181,1,99.64,0,Lost Customers,1
17903.0,29,1,381.09000000000003,1,Champions,0
17905.0,8,10,777.42,1,Champions,0
17907.0,275,1,80.08000000000001,0,Lost Customers,1
17908.0,8,5,928.57,1,Champions,0
17909.0,372,1,77.4,0,Lost Customers,1
17910.0,361,1,261.7,0,Lost Customers,1
17912.0,10,1,64.49,1,Champions,0
17913.0,35,12,2923.25,1,Champions,0
17915.0,186,1,187.91,0,Lost Customers,1
17916.0,263,2,22.99,0,Lost Customers,1
17918.0,135,3,274.22999999999996,1,Champions,1
17919.0,73,1,202.32,1,Champions,0
17920.0,3,39,10702.25,2,At Risk,0
17921.0,14,6,1313.13,1,Champions,0
17922.0,178,1,170.4,0,Lost Customers,1
17924.0,8,2,351.00000000000006,1,Champions,0
17926.0,79,3,539.1,1,Champions,0
17927.0,356,1,294.0,0,Lost Customers,1
17928.0,206,1,46.2,0,Lost Customers,1
17929.0,22,5,1051.5,1,Champions,0
17930.0,28,7,889.72,1,Champions,0
17931.0,32,12,2278.86,1,Champions,0
17933.0,267,1,114.69,0,Lost Customers,1
17934.0,41,1,344.90000000000003,1,Champions,0
17935.0,35,5,494.95,1,Champions,0
17938.0,55,1,144.29,1,Champions,0
17944.0,58,1,70.43,1,Champions,0
17945.0,331,3,278.05,0,Lost Customers,1
17949.0,80,3,475.8,1,Champions,0
17950.0,0,6,738.16,1,Champions,0
17951.0,8,2,576.5400000000001,1,Champions,0
17952.0,13,4,529.26,1,Champions,0
17953.0,175,1,159.17000000000002,0,Lost Customers,1
17954.0,6,8,1451.15,1,Champions,0
17955.0,300,1,25.0,0,Lost Customers,1
17958.0,363,1,241.16,0,Lost Customers,1
17960.0,157,2,61.300000000000004,0,Lost Customers,1
17961.0,7,61,1565.75,2,At Risk,0
17962.0,184,3,503.88,0,Lost Customers,1
17963.0,106,4,455.59,1,Champions,1
17964.0,7,1,165.91,1,Champions,0
17965.0,0,17,4177.58,2,At Risk,0
17966.0,226,4,364.37,0,Lost Customers,1
17967.0,6,2,193.15,1,Champions,0
17968.0,8,4,449.46,1,Champions,0
17969.0,137,18,1772.38,2,At Risk,1
17971.0,183,1,161.94,0,Lost Customers,1
17974.0,16,3,910.75,1,Champions,0
17975.0,1,12,2356.2200000000003,1,Champions,0
17976.0,7,1,290.19,1,Champions,0
17977.0,35,1,843.75,1,Champions,0
17978.0,0,4,531.26,1,Champions,0
17980.0,28,1,175.77,1,Champions,0
17981.0,45,1,160.01999999999998,1,Champions,0
17982.0,315,1,127.74000000000001,0,Lost Customers,1
17983.0,30,1,161.76,1,Champions,0
17984.0,27,4,833.64,1,Champions,0
17987.0,11,4,606.75,1,Champions,0
17988.0,122,7,257.77,1,Champions,1
17989.0,14,1,179.22,1,Champions,0
17990.0,15,3,896.77,1,Champions,0
17991.0,226,1,164.3,0,Lost Customers,1
17992.0,24,1,229.5,1,Champions,0
17993.0,252,1,213.24,0,Lost Customers,1
17994.0,23,7,1220.42,1,Champions,0
17995.0,17,2,355.63,1,Champions,0
17996.0,14,3,359.65,1,Champions,0
17998.0,15,3,344.87,1,Champions,0
17999.0,1,2,297.05,1,Champions,0
18000.0,199,1,30.29,0,Lost Customers,1
18001.0,84,3,378.33,1,Champions,0
18002.0,10,4,184.52,1,Champions,0
18003.0,11,1,264.25,1,Champions,0
18006.0,16,3,349.36,1,Champions,0
18007.0,27,1,188.56,1,Champions,0
18008.0,58,8,578.64,1,Champions,0
18009.0,177,7,1640.53,0,Lost Customers,1
18011.0,8,2,332.48,1,Champions,0
18012.0,358,1,53.65,0,Lost Customers,1
18016.0,45,2,464.15000000000003,1,Champions,0
18018.0,34,2,84.05,1,Champions,0
18020.0,178,1,174.53,0,Lost Customers,1
18021.0,144,2,184.26,0,Lost Customers,1
18022.0,20,4,829.38,1,Champions,0
18025.0,14,6,1104.46,1,Champions,0
18026.0,135,2,93.3,1,Champions,1
18028.0,218,1,110.45000000000002,0,Lost Customers,1
18029.0,277,1,240.45,0,Lost Customers,1
18031.0,13,1,434.59,1,Champions,0
18034.0,10,1,275.04,1,Champions,0
18035.0,20,1,45.0,1,Champions,0
18036.0,20,8,821.13,1,Champions,0
18037.0,56,8,65.5,1,Champions,0
18038.0,191,1,120.39,0,Lost Customers,1
18039.0,9,4,474.03,1,Champions,0
18041.0,0,20,3098.42,2,At Risk,0
18042.0,176,1,86.25,0,Lost Customers,1
18043.0,1,1,260.42,1,Champions,0
18044.0,22,8,903.36,1,Champions,0
18046.0,284,1,104.48,0,Lost Customers,1
18047.0,16,2,223.74,1,Champions,0
18048.0,128,1,192.98,1,Champions,1
18049.0,72,2,460.53,1,Champions,0
18050.0,28,1,289.8,1,Champions,0
18051.0,269,7,1372.22,0,Lost Customers,1
18053.0,162,1,241.2,0,Lost Customers,1
18054.0,27,1,176.5,1,Champions,0
18055.0,2,5,3310.46,1,Champions,0
18056.0,253,1,190.95,0,Lost Customers,1
18057.0,28,3,762.14,1,Champions,0
18058.0,176,2,327.9,0,Lost Customers,1
18060.0,43,2,1001.76,1,Champions,0
18061.0,1,19,2283.9,2,At Risk,0
18062.0,21,3,832.55,1,Champions,0
18063.0,25,2,186.60000000000002,1,Champions,0
18064.0,81,8,1423.95,1,Champions,0
18065.0,23,13,3140.52,1,Champions,0
18066.0,21,2,830.1,1,Champions,0
18069.0,18,5,2312.7,1,Champions,0
18070.0,304,1,314.1,0,Lost Customers,1
18071.0,0,5,950.13,1,Champions,0
18074.0,8,2,676.8900000000001,1,Champions,0
18075.0,9,10,2859.88,1,Champions,0
18076.0,15,1,68.45,1,Champions,0
18077.0,1,8,1699.25,1,Champions,0
18078.0,60,2,347.62,1,Champions,0
18079.0,126,1,177.17999999999998,1,Champions,1
18083.0,32,1,308.49,1,Champions,0
18084.0,18,1,50.25000000000001,1,Champions,0
18085.0,8,3,955.8000000000001,1,Champions,0
18087.0,14,12,2444.52,1,Champions,0
18089.0,81,1,248.0,1,Champions,0
18090.0,56,1,228.6,1,Champions,0
18091.0,228,1,245.9,0,Lost Customers,1
18092.0,0,8,3334.7400000000002,1,Champions,0
18093.0,105,2,631.8000000000001,1,Champions,1
18094.0,81,6,2451.66,1,Champions,0
18095.0,62,3,901.08,1,Champions,0
18096.0,77,3,711.42,1,Champions,0
18097.0,20,5,1608.8,1,Champions,0
18098.0,31,1,446.49,1,Champions,0
18100.0,185,1,395.89,0,Lost Customers,1
18101.0,9,3,374.66,1,Champions,0
18102.0,2,16,5303.86,2,At Risk,0
18103.0,184,1,27.75,0,Lost Customers,1
18106.0,111,5,922.04,1,Champions,1
18107.0,77,1,148.93,1,Champions,0
18108.0,231,2,547.96,0,Lost Customers,1
18109.0,4,13,1515.7,1,Champions,0
18110.0,46,1,193.19,1,Champions,0
18111.0,224,1,315.8,0,Lost Customers,1
18112.0,53,2,334.47,1,Champions,0
18115.0,332,1,9.700000000000001,0,Lost Customers,1
18116.0,11,5,676.73,1,Champions,0
18118.0,4,4,891.37,1,Champions,0
18119.0,2,1,148.59,1,Champions,0
18123.0,148,1,82.25,0,Lost Customers,1
18124.0,107,1,102.65,1,Champions,1
18127.0,38,1,189.15,1,Champions,0
18128.0,172,1,391.73,0,Lost Customers,1
18131.0,266,1,39.599999999999994,0,Lost Customers,1
18132.0,139,1,220.13,0,Lost Customers,1
18134.0,233,2,390.65000000000003,0,Lost Customers,1
18135.0,59,4,233.87,1,Champions,0
18136.0,44,2,797.28,1,Champions,0
18137.0,186,2,113.34,0,Lost Customers,1
18140.0,108,1,510.92,1,Champions,1
18141.0,36,2,864.96,1,Champions,0
18144.0,8,7,1362.56,1,Champions,0
18145.0,17,7,2253.56,1,Champions,0
18148.0,281,1,112.85000000000001,0,Lost Customers,1
18149.0,39,4,901.0799999999999,1,Champions,0
18151.0,55,3,1076.54,1,Champions,0
18152.0,281,1,336.64,0,Lost Customers,1
18153.0,294,1,246.22,0,Lost Customers,1
18154.0,23,3,457.09000000000003,1,Champions,0
18156.0,4,1,186.88,1,Champions,0
18157.0,206,1,176.79,0,Lost Customers,1
18160.0,21,1,355.87,1,Champions,0
18161.0,14,1,171.66,1,Champions,0
18162.0,367,1,346.73,0,Lost Customers,1
18163.0,219,1,582.95,0,Lost Customers,1
18166.0,258,1,175.5,0,Lost Customers,1
18168.0,7,11,2227.06,1,Champions,0
18170.0,9,6,1530.42,1,Champions,0
18171.0,105,4,976.45,1,Champions,1
18172.0,22,31,7137.110000000001,2,At Risk,0
18173.0,247,1,230.66,0,Lost Customers,1
18174.0,238,1,58.5,0,Lost Customers,1
18175.0,310,1,150.6,0,Lost Customers,1
18177.0,195,3,774.95,0,Lost Customers,1
18178.0,37,7,4319.1,1,Champions,0
18179.0,298,1,304.38,0,Lost Customers,1
18181.0,35,4,751.04,1,Champions,0
18182.0,98,1,277.45,1,Champions,1
18186.0,357,1,164.1,0,Lost Customers,1
18187.0,266,1,647.44,0,Lost Customers,1
18188.0,65,3,1117.35,1,Champions,0
18189.0,260,1,299.57,0,Lost Customers,1
18190.0,238,3,461.16,0,Lost Customers,1
18191.0,112,1,290.4,1,Champions,1
18193.0,15,2,833.5500000000001,1,Champions,0
18194.0,176,3,745.0,0,Lost Customers,1
18195.0,22,1,94.2,1,Champions,0
18196.0,106,2,691.46,1,Champions,1
18197.0,210,1,230.1,0,Lost Customers,1
18199.0,318,1,265.15000000000003,0,Lost Customers,1
18201.0,357,1,348.78000000000003,0,Lost Customers,1
18203.0,16,3,208.8,1,Champions,0
18206.0,188,1,314.65999999999997,0,Lost Customers,1
18207.0,134,1,525.52,1,Champions,1
18208.0,200,1,220.08,0,Lost Customers,1
18210.0,17,1,147.45,1,Champions,0
18212.0,312,1,198.8,0,Lost Customers,1
18214.0,165,4,609.9399999999999,0,Lost Customers,1
18215.0,72,4,1864.95,1,Champions,0
18217.0,148,2,170.65,0,Lost Customers,1
18218.0,231,2,276.96,0,Lost Customers,1
18219.0,3,8,1149.47,1,Champions,0
18220.0,80,4,382.91,1,Champions,0
18221.0,25,1,363.62,1,Champions,0
18223.0,22,12,6364.83,2,At Risk,0
18225.0,0,15,5540.99,2,At Risk,0
18226.0,13,15,5152.92,2,At Risk,0
18229.0,1,10,2542.21,1,Champions,0
18230.0,13,2,1348.8600000000001,1,Champions,0
18231.0,41,22,3280.46,2,At Risk,0
18234.0,186,1,179.6,0,Lost Customers,1
18236.0,23,6,745.51,1,Champions,0
18238.0,150,1,270.92,0,Lost Customers,1
18239.0,7,2,571.8,1,Champions,0
18241.0,50,4,896.0,1,Champions,0
18242.0,80,4,1291.6,1,Champions,0
18243.0,49,1,515.78,1,Champions,0
18244.0,65,1,265.84,1,Champions,0
18245.0,14,13,3635.91,2,At Risk,0
18247.0,49,3,573.4300000000001,1,Champions,0
18251.0,352,1,90.0,0,Lost Customers,1
18252.0,183,5,765.95,0,Lost Customers,1
18253.0,277,1,317.88,0,Lost Customers,1
18254.0,216,1,267.9,0,Lost Customers,1
18255.0,91,1,199.85,1,Champions,1
18256.0,22,1,96.84,1,Champions,0
18257.0,81,4,2046.69,1,Champions,0
18258.0,99,6,749.99,1,Champions,1
18259.0,1,5,1979.6000000000001,1,Champions,0
18260.0,9,16,4846.02,2,At Risk,0
18262.0,28,2,400.22,1,Champions,0
18264.0,133,1,474.20000000000005,1,Champions,1
18266.0,69,1,251.1,1,Champions,0
18267.0,307,1,269.37,0,Lost Customers,1
18268.0,226,5,1337.23,0,Lost Customers,1
18269.0,1,1,168.6,1,Champions,0
18270.0,67,1,161.4,1,Champions,0
18271.0,244,2,473.8,0,Lost Customers,1
18272.0,183,3,1239.5,0,Lost Customers,1
18275.0,213,2,642.01,0,Lost Customers,1
18276.0,27,5,1270.0900000000001,1,Champions,0
18277.0,32,4,927.77,1,Champions,0
18278.0,39,1,210.45000000000002,1,Champions,0
18279.0,154,1,64.6,0,Lost Customers,1
18280.0,29,1,264.15,1,Champions,0
18281.0,212,1,120.32,0,Lost Customers,1
18283.0,17,6,552.76,1,Champions,0
18284.0,66,1,317.12,1,Champions,0
18285.0,295,1,143.1,0,Lost Customers,1
18286.0,111,2,1082.17,1,Champions,1
18287.0,17,4,1330.66,1,Champions,0
